554e7e9189e04bb925684d404ffd91f7,@AFCAJAX_14 ft. Rick,'RT @ajaxunion: What''s your favorite podcast? http://t.co/c9EQFsWz'
554e7e9189e04bb925684d404ffd91f7,Ajax Union,RT @anieldadler: @ajaxunion just picked up a copy of Inc. Mag to see u with 1939% three year growth. Congrats!
554e7e9189e04bb925684d404ffd91f7,Ajax Union,'RT @ifbyphone: Currently listening to @ajaxunion''s great webinar about the importance of SEO and social media!'
554e7e9189e04bb925684d404ffd91f7,Ajax Union,RT @prosocialmedia1: Great info about SEO importance of social media links by @ajaxunion @thebizexpo SmallBiz NY event sponsored by @pro ...
554e7e9189e04bb925684d404ffd91f7,Ajax Union,RT @tara_eames: @ajaxunion @inc I read that last night in my copy of Inc. Congrats - great accomplishment!
554e7e9189e04bb925684d404ffd91f7,Ben Kay,'RT @ajaxunion: We''re hosting a FREE social media webinar today at Noon! http://t.co/UW3C7MKl'
554e7e9189e04bb925684d404ffd91f7,Catherine Hall,RT @ajaxunion: Was your company part of the Inc. 500/5000 list? Check out our free webinar today at noon (EDT) for some great... http:// ...
554e7e9189e04bb925684d404ffd91f7,GFM by CSC,RT @ajaxunion: Interview With Klout CEO http://t.co/KhPdTHcN
554e7e9189e04bb925684d404ffd91f7,ifbyphone,'Currently listening to @ajaxunion''s great webinar about the importance of SEO and social media!'
554e7e9189e04bb925684d404ffd91f7,Two Red Chairs,'@ajaxunion Hey, thanks a bunch.'
554e7e9189e04bb925684d404ffd91f7,Two Red Chairs,@ifbyphone @ajaxunion Do you have a link to the archive?
554e7e9189e04bb925684d404ffd91f7,Two Red Chairs,Always good to use the tool you are advocating for. An infographic about: RT @ajaxunion: Why Infographics? http://t.co/mymqv8U5
