fd88e8bbf5039fed7ffc7da33d04cb47,'''Melanie','I''m Damon from The Vampire Diaries @BuddyTV - what about you? http://t.co/Hp2GczZt'
fd88e8bbf5039fed7ffc7da33d04cb47,[H] Always 8-9-5,RT @BuddyTV: J.J. Abrams and J.H. Wyman are creating a Robot-Cop sci-fi project http://t.co/2MSDBAzx
fd88e8bbf5039fed7ffc7da33d04eb67,~Jessica Marie~,'RT @BuddyTV: ''Bones'' Season 8 Video: How Can the Jeffersonian Save Fugitive Brennan? http://t.co/L8sK5YHc'
fd88e8bbf5039fed7ffc7da33d04eb67,666 Park Ave,RT @ABC_Publicity: RT @DaveAnnable10 "@BuddyTV Fall 2012 Hit Watch: What New Shows Will Get Renewed? http://t.co/htF3r6Ex" Thanks for th ...
fd88e8bbf5039fed7ffc7da33d04d8fc,ablonc8,'@JacLaurita @buddytv Thanx! can''t wait to read it!'
fd88e8bbf5039fed7ffc7da33d04eb67,Ade,'I''m Elena from The Vampire Diaries @BuddyTV - what about you? http://t.co/yYdXsJD7'
fd88e8bbf5039fed7ffc7da33d04cb47,Adriana GS,RT @BuddyTV: #TheWalkingDead heads to the prison http://t.co/3xUFpb6D
fd88e8bbf5039fed7ffc7da33d04eb67,Aileen,'I''m Amy Pond from Doctor Who @BuddyTV - what about you? http://t.co/b2F0QJEF'
fd88e8bbf5039fed7ffc7da33d04c097,Aileen. ,'Check out this article on @BuddyTV, "''Glee'' Season 4 Premiere Spoilers: 9 Things You Need to Know". http://t.co/4gfettDG'
fd88e8bbf5039fed7ffc7da33d04cb47,Aiu wahyuni suardi,'I''m Damon from The Vampire Diaries @BuddyTV - what about you? http://t.co/vXlzvK8K'
fd88e8bbf5039fed7ffc7da33d04c097,AJ HALL,'I''m Kyle from South Park @BuddyTV - what about you? http://t.co/EVGDE6qZ'
fd88e8bbf5039fed7ffc7da33d04cb47,Alan Danzis,This will be my last review of @WhiteCollarUSA for the season. (Busy next 2 weeks.) Here it is on @buddyTV: http://t.co/USKpmusn
fd88e8bbf5039fed7ffc7da33d04cb47,Alberto,'I''m Stefan from The Vampire Diaries @BuddyTV - what about you? http://t.co/3zN5jPUh'
fd88e8bbf5039fed7ffc7da33d04e478,alejandra chavez,'Check out this slideshow on @BuddyTV, "''Glee'' Season 4 Cast Photos". http://t.co/2OQUS2gV'
fd88e8bbf5039fed7ffc7da33d04c097,Alichou,'@brainautopsy I''m Ned from Pushing Daisies @BuddyTV - what about you? http://t.co/wXXeTJMm'
fd88e8bbf5039fed7ffc7da33d04c097,Alichou,'I''m Aria from Pretty Little Liars @BuddyTV - what about you? http://t.co/9WcvxJv3'
fd88e8bbf5039fed7ffc7da33d04c097,Alichou,'I''m Dan Humphrey from Gossip Girl @BuddyTV - what about you? http://t.co/Uuz2znqv'
fd88e8bbf5039fed7ffc7da33d04c097,Alichou,'I''m Emma from Glee @BuddyTV - what about you? http://t.co/04W7evaM'
fd88e8bbf5039fed7ffc7da33d04c097,Alichou,'I''m Izzie from Grey''s Anatomy @BuddyTV - what about you? http://t.co/MxXEb4Br'
fd88e8bbf5039fed7ffc7da33d04c097,Alichou,'I''m Marshall from How I Met Your Mother @BuddyTV - what about you? http://t.co/GCOlZRGM'
fd88e8bbf5039fed7ffc7da33d04c097,Alichou,'JE DECEDE J''SUIS VALERIE MDRRRRR. I''m Valerie from Awkward @BuddyTV - what about you? http://t.co/ojiITP7G'
fd88e8bbf5039fed7ffc7da33d04c097,Alichou,JE SUIS RACHEL RACHEEEEEEEEEEL &lt;3333 from Friends @BuddyTV - what about you? http://t.co/JjkPaNzM
fd88e8bbf5039fed7ffc7da33d04e478,Amanda,'RT @robertbuckley: Check out this @buddytv article about the fall season''s hottest eye candy. Not one but TWO mentions of @666ParkAve_AB ...'
fd88e8bbf5039fed7ffc7da33d04d8fc,Amanda Elizabeth,'yay I''m Blaine from Glee @BuddyTV - what about you? http://t.co/cv1CFAMt'
fd88e8bbf5039fed7ffc7da33d04eb67,Amber Katie Ko,'Check out this slideshow on @BuddyTV, "The Best Are Back: The Top 12 Returning Shows of Fall 2012". http://t.co/XGHJuVuv @greysanatomy'
fd88e8bbf5039fed7ffc7da33d04eb67,ami_cwfan,'Check out this slideshow on @BuddyTV, "The Best and the Worst: We Rank the 21 New Fall TV Shows". http://t.co/1U1ErADa'
fd88e8bbf5039fed7ffc7da33d04c097,ana,'I''m Aria from Pretty Little Liars @BuddyTV - what about you? http://t.co/kDcM0c0l'
fd88e8bbf5039fed7ffc7da33d04c097,ana,'I''m Bonnie from The Vampire Diaries @BuddyTV - what about you? http://t.co/rJtQcj1u'
fd88e8bbf5039fed7ffc7da33d04c097,ana,'I''m Jess from New Girl @BuddyTV - what about you? http://t.co/F9Qp2YYa'
fd88e8bbf5039fed7ffc7da33d04c097,ana,'I''m Rose Tyler from Doctor Who @BuddyTV - what about you? http://t.co/17tJAtvq'
fd88e8bbf5039fed7ffc7da33d04c097,ana,'I''m Sansa Stark from Game of Thrones @BuddyTV - what about you? http://t.co/a5Vd3eiB'
fd88e8bbf5039fed7ffc7da33d04c097,ana,'I''m Scott from Teen Wolf @BuddyTV - what about you? http://t.co/oLQkMCnK'
fd88e8bbf5039fed7ffc7da33d04c097,ana,'I''m Will from Glee @BuddyTV - what about you? http://t.co/N1sWVSyn'
fd88e8bbf5039fed7ffc7da33d04e478,Andrea Karnatz,'@TabithaEngel1 I''m Clay from Sons of Anarchy @BuddyTV - what about you? http://t.co/75BlN1kf'
fd88e8bbf5039fed7ffc7da33d04d8fc,Andreea,'I''m Elena from The Vampire Diaries @BuddyTV - what about you? http://t.co/SfFDV2oT'
fd88e8bbf5039fed7ffc7da33d04cb47,Andrew Tomlinson,'RT @CovertAffairs: Spoiler alter, #Operatives! RT @BuddyTV: ICYMI: #CovertAffairs shocking ending last night revealed its traitor http:/ ...'
fd88e8bbf5039fed7ffc7da33d04cb47,Angela,'RT @BeatriceLacy: Check out this article on @BuddyTV, "''The Vampire Diaries'' Season 4 Video: Elena Is Dead, But Will She Be a Vampire?". ...'
fd88e8bbf5039fed7ffc7da33d04e478,Angelea,@JacLaurita @buddytv the curling iron you used on the napa episode for Theresa what kind of curling iron was that?
fd88e8bbf5039fed7ffc7da33d04e478,Ania,'I''m Dr. Foreman from House @BuddyTV - what about you? http://t.co/mHt30IG1'
fd88e8bbf5039fed7ffc7da33d04cb47,anika hoffman,'I''m Aria from Pretty Little Liars @BuddyTV - what about you? http://t.co/x6KESI7U'
fd88e8bbf5039fed7ffc7da33d04eb67,Anita Hempler,#FF @CheekyChiGirl @kismomma @beeker01 @ForeverVicki @SammiBlossom @BuddyTV @MichaelSlezakTV @TeeVeeGal @DearHeartxoxo @mstngsali1 @Salyiha
fd88e8bbf5039fed7ffc7da33d04cb47,April (Mrs Bieber)!x,'I''m Elena from The Vampire Diaries @BuddyTV - what about you? http://t.co/QVwprAOI im haha im most like elena! @paulwesley @iansomerhalder'
fd88e8bbf5039fed7ffc7da33d04e478,Ashley Cameron,'RT @JacLaurita: Check out this article on @BuddyTV, "''Real Housewives of New Jersey'' Star Caroline Manzo Talks About New Book". http://t ...'
fd88e8bbf5039fed7ffc7da33d04e478,Barb Canonico,RT @BuddyTV: #CriminalMinds gets a new team member. Get a sneak peek with the premiere photos http://t.co/eI66WcTh
fd88e8bbf5039fed7ffc7da33d04d8fc,Barbara Desmond,'I''m Jeremy from The Vampire Diaries @BuddyTV - what about you? http://t.co/I0HnXQ3s'
fd88e8bbf5039fed7ffc7da33d04e478,Batya,RT @BuddyTV: #CriminalMinds gets a new team member. Get a sneak peek with the premiere photos http://t.co/eI66WcTh
fd88e8bbf5039fed7ffc7da33d04cb47,Beatrice Lacy,'Check out this article on @BuddyTV, "''The Vampire Diaries'' Season 4 Video: Elena Is Dead, But Will She Be a Vampire?". http://t.co/7H5jUtcZ'
fd88e8bbf5039fed7ffc7da33d04eb67,Belle,'I''m Stella Bonasera from CSI: NY @BuddyTV - what about you? http://t.co/4wBcqgA8'
fd88e8bbf5039fed7ffc7da33d04cb47,benedictrobbins,#TheDrOzShow5HolisticSecretsFromAmericasAlternativeDoctorAndrewWeil  @BuddyTV http://t.co/8LqBYbRN
fd88e8bbf5039fed7ffc7da33d04eb67,BestGLEEscenes ,'Check out this slideshow on @BuddyTV, "''Glee'' Season 4 Cast Photos". http://t.co/74139ADk'
fd88e8bbf5039fed7ffc7da33d04eb67,Big Brother Updates,RT @BuddyTV: Randy Jackson no longer #Idol judge http://t.co/pFZ1jYCd
fd88e8bbf5039fed7ffc7da33d04eb67,Big White Ball,'It''s #FF time!  @apod @Amtrak @AmSciMag @blastr @betabeat @BuddyTV @CERN @CNET @esa_oasiss @elonmusk @Gizmodo @IDADarkSky @iloveacleansd'
fd88e8bbf5039fed7ffc7da33d04c097,Bigg Jakk,#2012MTVVideoMusicAwards HYFR awww Yeahhh @BuddyTV http://t.co/VTMz3Gyj
fd88e8bbf5039fed7ffc7da33d04d8fc,Biliana Stancheva,'Check out this article on @BuddyTV, "''The Vampire Diaries'' Season 4 Video: Elena Is Dead, But Will She Be a Vampire?". http://t.co/CTsO4fTP'
fd88e8bbf5039fed7ffc7da33d04eb67,Bones Gamblers Anon,'RT @wellsbones: @HartHanson #Bones made a list!   @BuddyTV, "The Best Are Back: The Top 12 Returning Shows of Fall 2012". http://t.co/VP ...'
fd88e8bbf5039fed7ffc7da33d04eb67,Brunna Albuquerque,'RT @wellsbones: @HartHanson #Bones made a list!   @BuddyTV, "The Best Are Back: The Top 12 Returning Shows of Fall 2012". http://t.co/VP ...'
fd88e8bbf5039fed7ffc7da33d04c097,BuddyTV Guide,'Check out this article on @BuddyTV, "New 2012 Fall TV Guide Added to BuddyTV App". http://t.co/gPexONLI'
fd88e8bbf5039fed7ffc7da33d04d8fc,BuddyTV TV News,RT @theTVaholic: Listen to @TVtimesThree Ep148: FOX #FallTV Preview w/ guests @really_mzungu of @buddytv &amp; @showpatrol: http://t.co/ ...
fd88e8bbf5039fed7ffc7da33d04eb67,Calena,RT @BuddyTV: Video: The first day of school as seen on TV (supercut) http://t.co/synDx5q6 (Via @Vulture)
fd88e8bbf5039fed7ffc7da33d04cb47,Camila Zamora,RT @BuddyTV: Once Upon a Time announces premiere title http://t.co/yh1uPWqh (Via @BTV_OUAT)
fd88e8bbf5039fed7ffc7da33d04e478,Camila Zamora,'RT @BuddyTV: Premiere photos for CW''s new show, #Arrow http://t.co/jzbjFKxZ'
fd88e8bbf5039fed7ffc7da33d04eb67,Camille Fuston,'RT @BuddyTV: New #Bones video promo: The Jefferson team must break the rules to save Brennan. (Plus Brennan''s new look) http://t.co/sZ09GPlG'
fd88e8bbf5039fed7ffc7da33d04cb47,Candy Maize,#WhiteCollar: Lots of Firsts in an Episode of Old Faces and Dilemmas http://t.co/8lOvLlw1 via @BuddyTV
fd88e8bbf5039fed7ffc7da33d04cb47,Candy Maize,Check out this article on @BuddyTV: #PrettyLittleLiars Webisode: Who is Jason Talking To? http://t.co/kk5FE1Eb #PrettyDirtySecrets
fd88e8bbf5039fed7ffc7da33d04e478,Candy Maize,#Arrow Series Premiere Photos: A Hot Look at the Pilot Episode via @BuddyTV http://t.co/5kD556GC
fd88e8bbf5039fed7ffc7da33d04eb67,Candy Maize,'Top 12 Returning Shows of Fall 2012: #OUAT #Revenge #TVD #Supernatural and MORE 
http://t.co/dKuGcpqW via @BuddyTV'
fd88e8bbf5039fed7ffc7da33d04cb47,Carla Day,'Started writing for a new site today, @BuddyTV. I''ll also still be writing at @TVFanatic, @CliqueClack and @TVDiehard. http://t.co/LpR2Lko2'
fd88e8bbf5039fed7ffc7da33d04cb47,celine chng xiu ling,'Check out this article on @BuddyTV, "''Teen Wolf'' Season 3: What Bad Guys, Relationships and More Can We Expect?". http://t.co/o9vukFsT'
fd88e8bbf5039fed7ffc7da33d04eb67,Chicago Addick,RT @DJRDISCO: #followfriday 2 @jameskysonlee @MichaelStegerJr @ChicagoAddick @kit_kFoRCe_D43 @CAFCofficial @BuddyTV @MarieBenard #ff @GG ...
fd88e8bbf5039fed7ffc7da33d04cb47,Chie Lagumen,'Check out this slideshow on @BuddyTV, "''White Collar'' Photos: Neal vs. Peter in the Boxing Ring". http://t.co/tDmC9s5a'
fd88e8bbf5039fed7ffc7da33d04eb67,Chloe H.,'RT @wellsbones: @HartHanson #Bones made a list!   @BuddyTV, "The Best Are Back: The Top 12 Returning Shows of Fall 2012". http://t.co/VP ...'
fd88e8bbf5039fed7ffc7da33d04d8fc,christi kassity,@Mokibobolink Yay! Welcome to the @BuddyTV family!
fd88e8bbf5039fed7ffc7da33d04eb67,Christie Heaven,'I''m Henry from Once Upon a Time @BuddyTV - what about you? http://t.co/0RVYiy88'
fd88e8bbf5039fed7ffc7da33d04eb67,christopher engborg,Check out this article on @BuddyTV Jim-Pam Wedding This Season on The Office. http://t.co/hTTRzCva
fd88e8bbf5039fed7ffc7da33d04eb67,Cindy,'RT @wellsbones: @HartHanson #Bones made a list!   @BuddyTV, "The Best Are Back: The Top 12 Returning Shows of Fall 2012". http://t.co/VP ...'
fd88e8bbf5039fed7ffc7da33d04e478,Claire Johnson,'I''m Amy Pond from Doctor Who @BuddyTV - what about you? http://t.co/Ueh3rngU'
fd88e8bbf5039fed7ffc7da33d04e478,Claire Johnson,'I''m Hermione from Harry Potter @BuddyTV - what about you? http://t.co/EK41hAVK'
fd88e8bbf5039fed7ffc7da33d04eb67,Claregreenstreet,'Pasted the time before Doctor Who doing this. I''m Rajesh from The Big Bang Theory @BuddyTV - what about you? http://t.co/4ZOwUfqj'
fd88e8bbf5039fed7ffc7da33d04eb67,Coralys Melendez,'Check out this article on @BuddyTV, "''Bones'' Season 8 Video: A Blonde, Fugitive Brennan in the Season Premiere". http://t.co/xXFou1nu'
fd88e8bbf5039fed7ffc7da33d04eb67,Coralys Melendez,'Check out this article on @BuddyTV, "''Bones'' Season 8 Video: A New Main Title Sequence ". http://t.co/GfP0PU3K'
fd88e8bbf5039fed7ffc7da33d04eb67,Coralys Melendez,'Check out this article on @BuddyTV, "''Bones'' Season 8 Video: How Can the Jeffersonian Save Fugitive Brennan?". http://t.co/3oaRdA6V'
fd88e8bbf5039fed7ffc7da33d04d8fc,Countess Rose Perry,#NoSpoilers: "Who Is the Most Delusional @CBSBigBrother #BB14 Houseguest?" http://t.co/x9WTMWIK via @BuddyTV *My vote is Jenn!* cc @rissadee
fd88e8bbf5039fed7ffc7da33d04d8fc,Countess Rose Perry,'RT @rissadee: @VinoCaPisco @CBSBigBrother @BuddyTV Joe. AND, he gets my vote for "Most Unnecessary Yelling"'
fd88e8bbf5039fed7ffc7da33d04cb47,Covert Affairs,'Spoiler alter, #Operatives! RT @BuddyTV: ICYMI: #CovertAffairs shocking ending last night revealed its traitor http://t.co/h2WdlUdB'
fd88e8bbf5039fed7ffc7da33d04e478,crystal hughes,'RT @JacLaurita: Check out this article on @BuddyTV, "''Real Housewives of New Jersey'' Star Caroline Manzo Talks About New Book". http://t ...'
fd88e8bbf5039fed7ffc7da33d04d8fc,D.,@BuddyTV P.P.S. Re:Dan - Virgos are great at compartmentalizing and analyzing.  Two traits that serve Dan well in the #BB14 (&amp; BB10) house.
fd88e8bbf5039fed7ffc7da33d04d8fc,D.,'@BuddyTV P.S. Good article, btw.  Definitely worth a read by #BB14 fans. :)'
fd88e8bbf5039fed7ffc7da33d04d8fc,D.,@BuddyTV Uh...Danielle...no contest.  An easy (and obvious) question. Lol ;) #BB14
fd88e8bbf5039fed7ffc7da33d04cb47,D.M. Lo (dakinegirl),'I think we''ve entered the #Lost Zone! RT @BuddyTV: ''Fringe'' Season 5 Video: A Message from the Observers http://t.co/5plxnSvP'
fd88e8bbf5039fed7ffc7da33d04cb47,D.M. Lo (dakinegirl),RT @BuddyTV: ICYMI: #CovertAffairs shocking ending last night revealed its traitor http://t.co/weOx9C3V
fd88e8bbf5039fed7ffc7da33d04d8fc,D.M. Lo (dakinegirl),RT @BuddyTV: Stars react to the death of Michael Clarke Duncan http://t.co/gT7oCWst
fd88e8bbf5039fed7ffc7da33d04c097,Daniela Miranda ,'I''m Caroline from The Vampire Diaries @BuddyTV - what about you? http://t.co/rb8Pun3t'
fd88e8bbf5039fed7ffc7da33d04c097,Daniela Miranda ,'I''m Damon from The Vampire Diaries @BuddyTV - what about you? http://t.co/UUewjUW4 BITCHES BE JEALOUS'
fd88e8bbf5039fed7ffc7da33d04c097,Daniela Miranda ,'I''m Leonard from The Big Bang Theory @BuddyTV - what about you? http://t.co/dlpvqiMt'
fd88e8bbf5039fed7ffc7da33d04c097,Daniela Miranda ,'I''m Mercedes from Glee @BuddyTV - what about you? http://t.co/1EMnyxnq'
fd88e8bbf5039fed7ffc7da33d04c097,Daniela Miranda ,'I''m River Song from Doctor Who @BuddyTV - what about you? http://t.co/hmQf5QWd'
fd88e8bbf5039fed7ffc7da33d04c097,Daniela Miranda ,'I''m Robert Ulrich from The Glee Project @BuddyTV - what about you? http://t.co/MgOmVKcj'
fd88e8bbf5039fed7ffc7da33d04c097,Daniela Miranda ,'I''m Spencer from Pretty Little Liars @BuddyTV - what about you? http://t.co/Vps0Vrm7'
fd88e8bbf5039fed7ffc7da33d04c097,Danielle Zazzy,'I''m Lex Luthor from Smallville @BuddyTV - what about you? http://t.co/S7r7vKff'
fd88e8bbf5039fed7ffc7da33d04d8fc,Danny Chadwick,'This will make @786Joel Happy. I''m Jesse from Breaking Bad @BuddyTV - what about you? http://t.co/Gpy2BWjx'
fd88e8bbf5039fed7ffc7da33d04d8fc,Dany Nathan,'RT @BuddyTV: Don''t miss a September premiere! Your fall premiere calendar http://t.co/AVZhRHiK'
fd88e8bbf5039fed7ffc7da33d04c097,Dave,'RT @BuddyTV: ''Supernatural'' Season 8 Trailer: What''s So Important? http://t.co/NiCpow5K'
fd88e8bbf5039fed7ffc7da33d04d8fc,Dawn,RT @DJRDISCO: #followfriday 2 @jameskysonlee @MichaelStegerJr @ChicagoAddick @kit_kFoRCe_D43 @CAFCofficial @BuddyTV @MarieBenard #ff @GG ...
fd88e8bbf5039fed7ffc7da33d04eb67,Debbany,'@Debbany2 @BuddyTV Danielle is by far the MOST ANNOYING: she needs to take Jesse''s healthy foods suggestions to heart(and waist/butt/thigh)'
fd88e8bbf5039fed7ffc7da33d04eb67,Debbany,'Check out this article on @BuddyTV, "Who Is the Most Annoying ''Big Brother 14'' Houseguest?". http://t.co/I2c6EAaJ'
fd88e8bbf5039fed7ffc7da33d04cb47,debbie martinsen,RT @BuddyTV: The gloves are off next week on #WhiteCollar! Neal and Peter in a boxing ring http://t.co/WljNcETG
fd88e8bbf5039fed7ffc7da33d04d8fc,debbie martinsen,'RT @BuddyTV: Tonight''s TV Picks: #AGT #WhiteCollar and more http://t.co/ZD1wcIp5'
fd88e8bbf5039fed7ffc7da33d04d8fc,Deena PiE,'RT @JacLaurita: Check out this article on @BuddyTV, "''Real Housewives of New Jersey'' Star Caroline Manzo Talks About New Book". http://t ...'
fd88e8bbf5039fed7ffc7da33d04e478,Demetre Bryon Hunter,'Check out this Episode on @BuddyTV, "Help Wanted". http://t.co/zsR3REsk 9 day left for other New episode of my #TheLAComplex "Help Wanted"'
fd88e8bbf5039fed7ffc7da33d04e478,Demetre Bryon Hunter,'Check out this Episode on @BuddyTV, "Help Wanted". http://t.co/zsR3REsk Start at 8/7c of my West Coast @CW_network @MuchMusic =)'
fd88e8bbf5039fed7ffc7da33d04eb67,Demetre Bryon Hunter,'Check out this article on @BuddyTV, "The CW Schedules ''L.A. Complex'' Season 2 and New ''Top Model'' for Summer". http://t.co/e1h9PFe0 Monday'
fd88e8bbf5039fed7ffc7da33d04e478,Denise Hughes,'Check out this article on @BuddyTV, "''NCIS'' Season 10 Spoilers: New Characters, Returning Characters and Possibly Some Tiva".'
fd88e8bbf5039fed7ffc7da33d04eb67,DIAN AF,RT @BuddyTV: The morning after! Watch the latest #Castle promo http://t.co/6rLG7Dbp
fd88e8bbf5039fed7ffc7da33d04d8fc,Diane Barth,'I''m The Colt from Supernatural @BuddyTV - what about you? http://t.co/56Zb9UdC'
fd88e8bbf5039fed7ffc7da33d04e478,Diane Barth,'I''m Holy Water from Supernatural @BuddyTV - what about you? http://t.co/56Zb9UdC'
fd88e8bbf5039fed7ffc7da33d04cb47,DJ Nicoletti,'RT @CovertAffairs: Spoiler alter, #Operatives! RT @BuddyTV: ICYMI: #CovertAffairs shocking ending last night revealed its traitor http:/ ...'
fd88e8bbf5039fed7ffc7da33d04c097,Dr.Abdy,'Check out this article on @BuddyTV, "''Supernatural'' Season 8 Trailer: What''s So Important?". http://t.co/1DwbPbrK'
fd88e8bbf5039fed7ffc7da33d04d8fc,DrewVanAcker.com.br,'RT @PLLDirtySecrets: Check out this article on @BuddyTV, "''Pretty Little Liars'' Webisode: Who is Jason Talking To? ". http://t.co/EqsLhm ...'
fd88e8bbf5039fed7ffc7da33d04e478,Elena Sales Salgado,I took How Long Would You Survive In An Episode of Supernatural? on @BuddyTV and got 89% - see how you do! http://t.co/rFbbaUKI
fd88e8bbf5039fed7ffc7da33d04e478,Elena Sales Salgado,I took Supernatural Love on @BuddyTV and got 92% - see how you do! http://t.co/vZJQmIAW
fd88e8bbf5039fed7ffc7da33d04cb47,Emily Davis,RT @BuddyTV: The gloves are off next week on #WhiteCollar! Neal and Peter in a boxing ring http://t.co/WljNcETG
fd88e8bbf5039fed7ffc7da33d04d8fc,'Eterna Saudade ''','Check out this slideshow on @BuddyTV, "''Bones'' Season 8 Cast Photos". http://t.co/L6NMkcdG'
fd88e8bbf5039fed7ffc7da33d04eb67,every second counts,RT @BuddyTV: Top 12 returning shows for fall http://t.co/MAJdeyTF
fd88e8bbf5039fed7ffc7da33d04e478,evesgreenleaf,'I''m Reese from Person of Interest @BuddyTV - what about you? http://t.co/spa04BpO'
fd88e8bbf5039fed7ffc7da33d04d8fc,Faith,RT @BuddyTV: Britney Spears inspires #Glee again. Photos from "Britney 2.0" http://t.co/06DZWRQ9
fd88e8bbf5039fed7ffc7da33d04d8fc,Faith,RT @BuddyTV: Will Elena become a vampire? Watch the latest #VampireDiaries promo http://t.co/Fye8yNAu (Via @BTV_VampDiaries)
fd88e8bbf5039fed7ffc7da33d04e478,Fantastic Voyage,RT @BuddyTV: Oh no! Walter! The latest #Fringe promo video has creepy observers and a bloody Walter. Watch http://t.co/gY28Guvh
fd88e8bbf5039fed7ffc7da33d04eb67,Felton,'I''m CariDee from America''s Next Top Model @BuddyTV - what about you? http://t.co/SYswMGMJ'
fd88e8bbf5039fed7ffc7da33d04d8fc,Firehawke7,RT @BuddyTV: Our list of what NEW shows will get renewed http://t.co/os3VUNt5
fd88e8bbf5039fed7ffc7da33d04cb47,G. Callen,'RT @mj_galvan: I''m G. Callen from NCIS Los Angeles @BuddyTV - what about you? http://t.co/HcXh0PZL'
fd88e8bbf5039fed7ffc7da33d04d8fc,Geisha Ovando,RT @USA_Network: Check out this @WhiteCollarUSA sneak peek! RT @BuddyTV: Photos: Alex returns tonight on #WhiteCollar. http://t.co/HlxQgBO2
fd88e8bbf5039fed7ffc7da33d04e478,Gina Dalfonzo,'I''m Finch from Person of Interest @BuddyTV - what about you? http://t.co/RvVc44Xx'
fd88e8bbf5039fed7ffc7da33d04d8fc,Gloria Votsis,RT @USA_Network: Check out this @WhiteCollarUSA sneak peek! RT @BuddyTV: Photos: Alex returns tonight on #WhiteCollar. http://t.co/HlxQgBO2
fd88e8bbf5039fed7ffc7da33d04cb47,GOD OF THE AIR ,S/O @DancingABC @KathrynrMcc @Dance9Cyrus @omgdanceblog @trandreww @Karina_Smirnoff @D8Jordan @BuddyTV_SYTYCD @BuddyTV AMILXMUZIK
fd88e8bbf5039fed7ffc7da33d04e478,Gus,'Seth MacFarlane and More to Host ''Saturday Night Live''  http://t.co/Ax34QxNk #snl (via @buddytv)'
fd88e8bbf5039fed7ffc7da33d04cb47,hafiz hatim,Are u Gus? @MarwanCendawan @buddytv @phaidz @phorae @zambeezy @ifan_urso #breakingBad
fd88e8bbf5039fed7ffc7da33d04cb47,hafiz hatim,'I''m Walter from Breaking Bad @BuddyTV - what about you? http://t.co/fRZPxBYN @phaidz @phorae @zambeezy @ifan_urso'
fd88e8bbf5039fed7ffc7da33d04eb67,haley harden,'I''m Vincent Nigel-Murray from Bones @BuddyTV - what about you? http://t.co/SfwsF5bE'
fd88e8bbf5039fed7ffc7da33d04cb47,Hannilyn.,RT @BuddyTV: Once Upon a Time announces premiere title http://t.co/yh1uPWqh (Via @BTV_OUAT)
fd88e8bbf5039fed7ffc7da33d04eb67,Hina Suleman,'Check out this slideshow on @BuddyTV, "The Best Are Back: The Top 12 Returning Shows of Fall 2012". http://t.co/k2slUk9K @audacious_lass'
fd88e8bbf5039fed7ffc7da33d04cb47,HolyJoe RockandRoll,Could Lana Lang from Smallville be my perfect TV girlfriend? @BuddyTV - what about you? http://t.co/sDc70UKB
fd88e8bbf5039fed7ffc7da33d04e478,Houston Howard,RT @BuddyTV: Avengers coming to TV? ABC orders pilot from Joss Whedon http://t.co/C6tbNqtX
fd88e8bbf5039fed7ffc7da33d04eb67,IDA Dark-Sky,'RT @bigwhiteball: It''s #FF time!  @apod @Amtrak @AmSciMag @blastr @betabeat @BuddyTV @CERN @CNET @esa_oasiss @elonmusk @Gizmodo @IDADark ...'
fd88e8bbf5039fed7ffc7da33d04d8fc,iheartjaynpaul,'I''m Stefan from The Vampire Diaries @BuddyTV - what about you? http://t.co/tS7gA6ZW'
fd88e8bbf5039fed7ffc7da33d04eb67,Ilze ,'I''m Blair Waldorf from Gossip Girl @BuddyTV - what about you? http://t.co/NyJKeItL'
fd88e8bbf5039fed7ffc7da33d04cb47,IMMA DITRENTO,'RT @BuddyTV: ''Once Upon a Time'' Season 2 Spoilers: A Prince, a Villain and the Premiere Title http://t.co/TjlJVPAu'
fd88e8bbf5039fed7ffc7da33d04c097,INFPprincess,'I''m Sharon Osbourne from America''s Got Talent @BuddyTV - what about you? http://t.co/glN4pdgR'
fd88e8bbf5039fed7ffc7da33d04cb47,INFPprincess,'I''m Charlotte from Sex and the City @BuddyTV - what about you? http://t.co/VtxuD9sa'
fd88e8bbf5039fed7ffc7da33d04cb47,INFPprincess,'I''m Phyllis from The Office @BuddyTV - what about you? http://t.co/v8zw2Luz'
fd88e8bbf5039fed7ffc7da33d04cb47,INFPprincess,'I''m Rory Gilmore from Gilmore Girls @BuddyTV - what about you? http://t.co/M43n700W'
fd88e8bbf5039fed7ffc7da33d04cb47,Irene Paolini,'I''m Will from Glee @BuddyTV - what about you? http://t.co/M6d7vtjG'
fd88e8bbf5039fed7ffc7da33d04eb67,irynaG,'@BuddyTV, "''Dancing with the Stars: All-Stars'' Video: The Celebrities Have Super Powers This Season!". http://t.co/zEP68BJ2'
fd88e8bbf5039fed7ffc7da33d04cb47,Iulia Cristina,'RT @BuddyTV: Changing the game: 20 fall shows with new plots, people and formats http://t.co/bJu9rrvx'
fd88e8bbf5039fed7ffc7da33d04d8fc,J,@BuddyTV Love the calendar! You have the whole list of shows!
fd88e8bbf5039fed7ffc7da33d04cb47,J.,'RT @BuddyTV: Lunch break? Watch NBC''s #Revolution online now http://t.co/qODOqEAs'
fd88e8bbf5039fed7ffc7da33d04c097,Jackson Tan,'Check out this article on @BuddyTV, "''Glee'' Season 4 Premiere Spoilers: 9 Things You Need to Know". http://t.co/UI81tQrr'
fd88e8bbf5039fed7ffc7da33d04e478,Jacqueline Laurita,'Check out this article on @BuddyTV, "''Real Housewives of New Jersey'' Star Caroline Manzo Talks About New Book". http://t.co/ULEoMgzu'
fd88e8bbf5039fed7ffc7da33d04e478,Jade Rossi,Check out this great picture of  that I found on @BuddyTV. http://t.co/79mwyXHo
fd88e8bbf5039fed7ffc7da33d04e478,Jared PadaFandom,'Check out this slideshow on @BuddyTV, "The Best Are Back: The Top 12 Returning Shows of Fall 2012". http://t.co/1b5Yz5Uz'
fd88e8bbf5039fed7ffc7da33d04d8fc,Jasmine Hudson,'I''m Stiles from Teen Wolf @BuddyTV - what about you? http://t.co/hkUy5CkI Yes! stiles would be my teen wolf boyfriend dear lord im in love!!'
fd88e8bbf5039fed7ffc7da33d04d8fc,Jason the TVaholic,Listen to @TVtimesThree Ep148: FOX #FallTV Preview w/ guests @really_mzungu of @buddytv &amp; @showpatrol: http://t.co/G9PEXBp2
fd88e8bbf5039fed7ffc7da33d04c097,Jean ,'RT @BuddyTV: #BigBrother HoH Photos: Cooking a monkey, giving the thumbs down and Danielle''s duck face http://t.co/odwP4RFL'
fd88e8bbf5039fed7ffc7da33d04d8fc,Jean ,"@BuddyTV: Booth waits on Brennan with a gun? Check out the #Bones premiere photos http://t.co/r5R5WUht" @Parisssaaaa
fd88e8bbf5039fed7ffc7da33d04eb67,Jeannie Grey,Finally! RT @BuddyTV #Castle releases new cast photos http://t.co/Yy4pAajq
fd88e8bbf5039fed7ffc7da33d04c097,Jeff Dodge,'''American Idol''s Colton Dixon Signs Record Deal with Sparrow Records: http://t.co/zikYwOEt (@TheJeffDodge via @BuddyTV) #Idol'
fd88e8bbf5039fed7ffc7da33d04cb47,Jeff Dodge,'@CarlaDay Welcome to the team, Carla! @BuddyTV'
fd88e8bbf5039fed7ffc7da33d04eb67,Jeff Dodge,RT @BuddyTV: Randy Jackson no longer #Idol judge http://t.co/pFZ1jYCd
fd88e8bbf5039fed7ffc7da33d04eb67,Jeff Dodge,'Randy Jackson Out as ''American Idol'' Judge, Becomes Mentor: http://t.co/0eh2c5jU (@TheJeffDodge via @BuddyTV) #AmericanIdol #Idol'
fd88e8bbf5039fed7ffc7da33d04e478,Jennette Carver,'Check out this article on @BuddyTV, "''Real Housewives of New Jersey'' Star Caroline Manzo Talks About New Book". http://t.co/fwoqBYB0'
fd88e8bbf5039fed7ffc7da33d04e478,Jennifer ,RT @BuddyTV: 25 sexiest women of the new fall TV season http://t.co/frfkJk8V
fd88e8bbf5039fed7ffc7da33d04d8fc,Jennifer Fatzinger,@BuddyTV Ian and Frank
fd88e8bbf5039fed7ffc7da33d04e478,Jennifer Khoury,@JacLaurita @buddytv looking forward to reading it!
fd88e8bbf5039fed7ffc7da33d04e478,Jennifer Lane,'@JacLaurita @BuddyTV this is a book I''ll buy. I''ve passed on the cookbooks.'
fd88e8bbf5039fed7ffc7da33d04c097,Jerome Wetzel,RT @Mokibobolink: Hey folks! Check out my latest article for @BuddyTV: Christina Ricci Flying Over to #TheGoodWife. http://t.co/fY9a0JYW
fd88e8bbf5039fed7ffc7da33d04eb67,jessica german,'RT @wellsbones: @HartHanson #Bones made a list!   @BuddyTV, "The Best Are Back: The Top 12 Returning Shows of Fall 2012". http://t.co/VP ...'
fd88e8bbf5039fed7ffc7da33d04d8fc,Jillian,'@mokibobolink @buddytv Oh, congrats! Another exciting thing 1 add 2 ur resume of awesomeness ;)'
fd88e8bbf5039fed7ffc7da33d04e478,Jim S,'RT @JacLaurita: Check out this article on @BuddyTV, "''Real Housewives of New Jersey'' Star Caroline Manzo Talks About New Book". http://t ...'
fd88e8bbf5039fed7ffc7da33d04d8fc,Joanna,'@BuddyTV @BuddyTVGuide Inaccessible in Canada! Wahhh. Any chance you''re moving it to the Canadian iTunes store soon?'
fd88e8bbf5039fed7ffc7da33d04d8fc,Joel Hilton,@DannyChadwick @BuddyTV I knew it!
fd88e8bbf5039fed7ffc7da33d04e478,John Scott ,'RT @LeaKThompson: Check out this article on @BuddyTV, "''Switched at Birth'' Teasers: Breakups, New Romances and a Marriage Shocker". http ...'
fd88e8bbf5039fed7ffc7da33d04cb47,Jordan-Caroline,'I''m Josh from Being Human @BuddyTV - what about you? http://t.co/rerjhHYA'
fd88e8bbf5039fed7ffc7da33d04c097,Josh Morton,'RT @BuddyTV: It''s a little strange not seeing Capt. Cragen in a suit and tie! Check out photos from the #SVU premiere http://t.co/Zt94Lpbl'
fd88e8bbf5039fed7ffc7da33d04d8fc,Jully Zlateva,'I''m Annie from 90210 @BuddyTV - what about you? http://t.co/0sbob9OL'
fd88e8bbf5039fed7ffc7da33d04cb47,Kathleen Hansel,'RT @CovertAffairs: Spoiler alter, #Operatives! RT @BuddyTV: ICYMI: #CovertAffairs shocking ending last night revealed its traitor http:/ ...'
fd88e8bbf5039fed7ffc7da33d04cb47,Katie Smith,'I''m Castiel from Supernatural @BuddyTV - what about you? http://t.co/XayJMl87 @hachikou711'
fd88e8bbf5039fed7ffc7da33d04cb47,Katsj,'Check out this slideshow on @BuddyTV, "Best ''Castle'' Quotes from the Season 4 Finale, ''Always''". http://t.co/ubwVb2Ag'
fd88e8bbf5039fed7ffc7da33d04e478,Kaylen :),RT @BuddyTV: #Castle spoilers: Guest stars and upcoming cases http://t.co/YPurySyF
fd88e8bbf5039fed7ffc7da33d04c097,Kevin Kocjancic,'RT @BuddyTV: ''Supernatural'' Season 8 Trailer: What''s So Important? http://t.co/NiCpow5K'
fd88e8bbf5039fed7ffc7da33d04cb47,KhaosCoffee Podcast,'Great link! Get excited about fall TV! @BuddyTV, "Changing the Game: 20 Shows with New Plots, People and Formats". http://t.co/JZ2tlAn4'
fd88e8bbf5039fed7ffc7da33d04eb67,Kimber,FF# @howbraveurlove @BuddyTV @simplymoyer @Lafayette_R @Lilith_Fans @FansOfRutina @Tara_ThorntonBT @PamDBeaufort
fd88e8bbf5039fed7ffc7da33d04cb47,Knockout Fashion ,#13GoingOn30 Insomnia arrived just in time for my favorite movie. 13 going on 30. Love is a Battlefield!!!!  @BuddyTV http://t.co/hUaeDLHf
fd88e8bbf5039fed7ffc7da33d04d8fc,Kp1832,@BuddyTV when does hawaii five o premier soon ? RT
fd88e8bbf5039fed7ffc7da33d04cb47,Kristin D.,'RT @BuddyTV: It''s a little strange not seeing Capt. Cragen in a suit and tie! Check out photos from the #SVU premiere http://t.co/Zt94Lpbl'
fd88e8bbf5039fed7ffc7da33d04c097,La reum de Voldy. ,'AH BOON, hih. I''m Mercedes from Glee @BuddyTV - what about you? http://t.co/m9PFNEJA'
fd88e8bbf5039fed7ffc7da33d04c097,La reum de Voldy. ,'I''m Emily from Pretty Little Liars @BuddyTV - what about you? http://t.co/EhcIA7L1'
fd88e8bbf5039fed7ffc7da33d04c097,La reum de Voldy. ,'I''m Emma from Once Upon a Time @BuddyTV - what about you? http://t.co/7309mV7L'
fd88e8bbf5039fed7ffc7da33d04c097,La reum de Voldy. ,'I''m Tamara from Awkward @BuddyTV - what about you? http://t.co/3mJVMEmE'
fd88e8bbf5039fed7ffc7da33d04c097,La reum de Voldy. ,'LA JE DIS OK. I''m Bree from Desperate Housewives @BuddyTV - what about you? http://t.co/CdP8CAgm'
fd88e8bbf5039fed7ffc7da33d04cb47,labobos,'U need a goatee RT @cowbear: I''m Walter from Breaking Bad @BuddyTV - what about you? http://t.co/aIURFWuR @phaidz @phorae @zambeezy'
fd88e8bbf5039fed7ffc7da33d04d8fc,Lady Morley,'RT @buddytv Who do you think is the most delusional BG on #BB14? http://t.co/CQNoEBfq I can''t believe this is even a contest. DANIELLE!'
fd88e8bbf5039fed7ffc7da33d04eb67,laila,'Check out this slideshow on @BuddyTV, "The Best and the Worst: We Rank the 21 New Fall TV Shows". http://t.co/ozpI1xRb'
fd88e8bbf5039fed7ffc7da33d04c097,Laura C.,'I''m Grayson from Drop Dead Diva @BuddyTV - what about you? http://t.co/sFyqfWIW'
fd88e8bbf5039fed7ffc7da33d04eb67,Laura C.,RT @BuddyTV: The morning after! Watch the latest #Castle promo http://t.co/6rLG7Dbp
fd88e8bbf5039fed7ffc7da33d04cb47,Laura Cervantes ,'I''m Meredith from Grey''s Anatomy @BuddyTV - what about you? http://t.co/CXa5yCHs'
fd88e8bbf5039fed7ffc7da33d04cb47,Laurel Brown,'RT @BuddyTV: Changing the game: 20 fall shows with new plots, people and formats http://t.co/bJu9rrvx'
fd88e8bbf5039fed7ffc7da33d04cb47,Laurel Brown,'RT @CarlaDay: Started writing for a new site today, @BuddyTV. I''ll also still be writing at @TVFanatic, @CliqueClack and @TVDiehard. htt ...'
fd88e8bbf5039fed7ffc7da33d04d8fc,Laurel Brown,RT @BuddyTV: Familiar faces: Big stars coming to TV this season http://t.co/GQM5COAr
fd88e8bbf5039fed7ffc7da33d04d8fc,Laurel Brown,RT @BuddyTV: The best (and worst): Ranking the 21 new fall shows http://t.co/B5g3J8Zw
fd88e8bbf5039fed7ffc7da33d04d8fc,Laurel Brown,RT @BuddyTV: Will Elena become a vampire? Watch the latest #VampireDiaries promo http://t.co/Fye8yNAu (Via @BTV_VampDiaries)
fd88e8bbf5039fed7ffc7da33d04d8fc,Laurel Brown,'RT @Mokibobolink: Hey folks! Guess who just started writing for @BuddyTV? Ck out my first review on the site, for last night''s #Grimm. h ...'
fd88e8bbf5039fed7ffc7da33d04d8fc,Laurel Brown,RT @theTVaholic: Listen to @TVtimesThree Ep148: FOX #FallTV Preview w/ guests @really_mzungu of @buddytv &amp; @showpatrol: http://t.co/ ...
fd88e8bbf5039fed7ffc7da33d04cb47,lb,'RT @CovertAffairs: Spoiler alter, #Operatives! RT @BuddyTV: ICYMI: #CovertAffairs shocking ending last night revealed its traitor http:/ ...'
fd88e8bbf5039fed7ffc7da33d04e478,Lea Thompson,'Check out this article on @BuddyTV, "''Switched at Birth'' Teasers: Breakups, New Romances and a Marriage Shocker". http://t.co/RKkoCduY'
fd88e8bbf5039fed7ffc7da33d04c097,Liliana,'YAY, I LOVE HER! I''m Aria from Pretty Little Liars @BuddyTV - what about you? http://t.co/OPPOQVWz'
fd88e8bbf5039fed7ffc7da33d04eb67,linda moretto,RT @BuddyTV: The morning after! Watch the latest #Castle promo http://t.co/6rLG7Dbp
fd88e8bbf5039fed7ffc7da33d04c097,Lindsay Hersh,RT @BuddyTV: 9 things you need to know about the #Glee premiere http://t.co/mQ1Ijtli
fd88e8bbf5039fed7ffc7da33d04d8fc,Lindsay Hersh,RT @BuddyTV: Familiar faces: Big stars coming to TV this season http://t.co/GQM5COAr
fd88e8bbf5039fed7ffc7da33d04eb67,Lindsay Hersh,'RT @BuddyTV: ''Dancing with the Stars: All-Stars'' Video: The Celebrities Have Super Powers This Season! http://t.co/1gSOp4lZ'
fd88e8bbf5039fed7ffc7da33d04cb47,Lisa,RT @BuddyTV: Once Upon a Time announces premiere title http://t.co/yh1uPWqh (Via @BTV_OUAT)
fd88e8bbf5039fed7ffc7da33d04cb47,liz leddy,'RT @CovertAffairs: Spoiler alter, #Operatives! RT @BuddyTV: ICYMI: #CovertAffairs shocking ending last night revealed its traitor http:/ ...'
fd88e8bbf5039fed7ffc7da33d04eb67,Liza Vasilyeva,'@CastleTV "Check out this slideshow on @BuddyTV, "The Best Are Back: The Top 12 Returning Shows of Fall 2012". http://t.co/wvgWJQzq'
fd88e8bbf5039fed7ffc7da33d04cb47,Louise ,'I''m Castiel from Supernatural @BuddyTV - what about you? http://t.co/hjz3glDD'
fd88e8bbf5039fed7ffc7da33d04d8fc,LuvJJL,'RT @JacLaurita: Check out this article on @BuddyTV, "''Real Housewives of New Jersey'' Star Caroline Manzo Talks About New Book". http://t ...'
fd88e8bbf5039fed7ffc7da33d04c097,Lynn Harvey,'RT @BuddyTV: ''Supernatural'' Season 8 Trailer: What''s So Important? http://t.co/NiCpow5K'
fd88e8bbf5039fed7ffc7da33d04e478,M. Fiore,@JacLaurita @BuddyTV wish @CarolineManzo the best as always. I hope she shares her 1/16th Italian heritage as well ive been led 2believe lol
fd88e8bbf5039fed7ffc7da33d04c097,Mar Bessa,'I''m Lydia from Teen Wolf @BuddyTV - what about you? http://t.co/CBkp009O'
fd88e8bbf5039fed7ffc7da33d04cb47,Marcee*Marcelle,'Check out this article on @BuddyTV, "''Bones'' Fan Columnist: Cage the Cougar". http://t.co/lBgknOkV'
fd88e8bbf5039fed7ffc7da33d04e478,Margo Nash,'I''m Dina from The Real Housewives of New Jersey @BuddyTV - what about you? http://t.co/CLX53u1N'
fd88e8bbf5039fed7ffc7da33d04cb47,Marianna Franzone,'I''m Meredith from Grey''s Anatomy @BuddyTV - what about you? http://t.co/7Bqb100F'
fd88e8bbf5039fed7ffc7da33d04e478,marie Tanya,'Check out this slideshow on @BuddyTV, "''Glee'' Season 4 Premiere Photos: ''The New Rachel''". http://t.co/ADo3Dflh'
fd88e8bbf5039fed7ffc7da33d04d8fc,Marla,'Check out this article on @BuddyTV, "''NCIS'' Season 10 Video: Who Survives and How Do They Move On?". http://t.co/Zmlb4HVz #NCIS'
fd88e8bbf5039fed7ffc7da33d04c097,Martin,'I''m Stefan from The Vampire Diaries @BuddyTV - what about you? http://t.co/Qfjyjz7k'
fd88e8bbf5039fed7ffc7da33d04cb47,Marwan Hakim,@cowbear @BuddyTV @phaidz @phorae @zambeezy @ifan_urso Hello Heisenberg.
fd88e8bbf5039fed7ffc7da33d04cb47,Marwan Hakim,'@cowbear @buddytv @phaidz @phorae @zambeezy @ifan_urso Gus is dead. I''m agent Schrader, your effing DEA brother in law. Haha'
fd88e8bbf5039fed7ffc7da33d04eb67,Mary the Geek,RT @BuddyTV: The morning after! Watch the latest #Castle promo http://t.co/6rLG7Dbp
fd88e8bbf5039fed7ffc7da33d04c097,mashedtv,'RT @BuddyTV: #BigBrother HoH Photos: Cooking a monkey, giving the thumbs down and Danielle''s duck face http://t.co/odwP4RFL'
fd88e8bbf5039fed7ffc7da33d04c097,mashedtv,RT @BuddyTV: #Haven videos: Troubling weirdness coming soon http://t.co/Wr9UROvQ
fd88e8bbf5039fed7ffc7da33d04c097,mashedtv,'RT @BuddyTV: ''Big Brother 14'' Recap: Double Eviction Redux http://t.co/oIgHqe1S'
fd88e8bbf5039fed7ffc7da33d04c097,mashedtv,'RT @BuddyTV: ''Big Brother 14'' Spoilers: Who Won the Final 5 HoH? http://t.co/Akq2Xafc'
fd88e8bbf5039fed7ffc7da33d04c097,mashedtv,'RT @BuddyTV: ''Homeland'' Season 2 Premiere Red Carpet Livestreaming Tonight http://t.co/6EhiQuqT'
fd88e8bbf5039fed7ffc7da33d04c097,mashedtv,RT @BuddyTV: 9 things you need to know about the #Glee premiere http://t.co/mQ1Ijtli
fd88e8bbf5039fed7ffc7da33d04c097,mashedtv,RT @BuddyTV: Chris Harrison gets "why Jaclyn was pissed" More from the #BachelorPad interview http://t.co/h4YYJWnR
fd88e8bbf5039fed7ffc7da33d04c097,mashedtv,RT @BuddyTV: Just in time! Take our new Personality Quiz to find out which @DropDeadDiva character you are http://t.co/opbe9DFX
fd88e8bbf5039fed7ffc7da33d04c097,mashedtv,RT @BuddyTV: Ribbon dancing and a little home makeover. Check out photos from the #UpAllNight premiere http://t.co/aHt3ud3p
fd88e8bbf5039fed7ffc7da33d04c097,mashedtv,RT @BuddyTV: Watching the MTV #VMAs tonight? Check in with the free @BuddyTVGuide app!  http://t.co/amdvTeWW Can surf Netflix too!
fd88e8bbf5039fed7ffc7da33d04cb47,mashedtv,RT @BuddyTV: #DanceMoms takes a break from group. Everyone goes solo http://t.co/X62u3dey
fd88e8bbf5039fed7ffc7da33d04cb47,mashedtv,RT @BuddyTV: #TheWalkingDead heads to the prison http://t.co/3xUFpb6D
fd88e8bbf5039fed7ffc7da33d04cb47,mashedtv,'RT @BuddyTV: ''Covert Affairs'' Recap: The Traitor is Revealed http://t.co/bsckN81K'
fd88e8bbf5039fed7ffc7da33d04cb47,mashedtv,'RT @BuddyTV: ''So You Think You Can Dance'' Season 9: The Top 6 Perform http://t.co/3V6gonKE'
fd88e8bbf5039fed7ffc7da33d04cb47,mashedtv,'RT @BuddyTV: ''White Collar'': Lots of Firsts in an Episode of Old Faces and Dilemmas http://t.co/X8p4PGAQ'
fd88e8bbf5039fed7ffc7da33d04cb47,mashedtv,'RT @BuddyTV: All Wheel Sports doesn''t play well on TV. This week''s #AGT rankings http://t.co/BugXsueS (Via @BuddyTV_AGT)'
fd88e8bbf5039fed7ffc7da33d04cb47,mashedtv,RT @BuddyTV: Even more of #TheVoice coming. Premiere expanded to 3rd night http://t.co/GXWPq0Zf Too much?
fd88e8bbf5039fed7ffc7da33d04cb47,mashedtv,'RT @BuddyTV: Final Exam Interview with ''Top Model'' Cast-Off Jessie Rabideau: ''I Suppose I Stand Out'' http://t.co/o6xS1PkT'
fd88e8bbf5039fed7ffc7da33d04cb47,mashedtv,'RT @BuddyTV: It''s a little strange not seeing Capt. Cragen in a suit and tie! Check out photos from the #SVU premiere http://t.co/Zt94Lpbl'
fd88e8bbf5039fed7ffc7da33d04cb47,mashedtv,RT @BuddyTV: J.J. Abrams and J.H. Wyman are creating a Robot-Cop sci-fi project http://t.co/2MSDBAzx
fd88e8bbf5039fed7ffc7da33d04cb47,mashedtv,'RT @BuddyTV: Lunch break? Watch NBC''s #Revolution online now http://t.co/qODOqEAs'
fd88e8bbf5039fed7ffc7da33d04cb47,mashedtv,RT @BuddyTV: Sanity check! Ranking the Real Housewives of New York City http://t.co/TyvzhB2W (Via @BTV_Housewives)
fd88e8bbf5039fed7ffc7da33d04cb47,mashedtv,RT @BuddyTV: The gloves are off next week on #WhiteCollar! Neal and Peter in a boxing ring http://t.co/WljNcETG
fd88e8bbf5039fed7ffc7da33d04d8fc,mashedtv,RT @BuddyTV: #Grimm review: A trip into zombieland (sort of) http://t.co/VOwSWJJ5 Plus favorite quotes!
fd88e8bbf5039fed7ffc7da33d04d8fc,mashedtv,RT @BuddyTV: #NCIS deals with the aftermath of the explosion in latest promo video http://t.co/bAzmqvDk
fd88e8bbf5039fed7ffc7da33d04d8fc,mashedtv,'RT @BuddyTV: ''Hell''s Kitchen'' Recap: Finalists Choose Their Brigades http://t.co/9rrgpdII'
fd88e8bbf5039fed7ffc7da33d04d8fc,mashedtv,'RT @BuddyTV: ''NCIS'' Season 10 Video: Who Survives and How Do They Move On? http://t.co/unJvIbZz'
fd88e8bbf5039fed7ffc7da33d04d8fc,mashedtv,'RT @BuddyTV: ''Pretty Little Liars'' Webisode: Who is Jason Talking To? http://t.co/fd0mGCMQ'
fd88e8bbf5039fed7ffc7da33d04d8fc,mashedtv,RT @BuddyTV: @Kp1832 Sept 24
fd88e8bbf5039fed7ffc7da33d04d8fc,mashedtv,RT @BuddyTV: @Mokibobolink Welcome. Looking forward to reading more
fd88e8bbf5039fed7ffc7da33d04d8fc,mashedtv,'RT @BuddyTV: @rissadee If I put my TV on mute I think I''d still be able to hear him #BB14'
fd88e8bbf5039fed7ffc7da33d04d8fc,mashedtv,'RT @BuddyTV: Always losing track of the premiere dates? Set a reminder, access content and more with the free @BuddyTVGuide app http://t ...'
fd88e8bbf5039fed7ffc7da33d04d8fc,mashedtv,RT @BuddyTV: Barney has a plan for bears in tuxedos. Watch the latest #HIMYM promo http://t.co/AOg4ZpPS
fd88e8bbf5039fed7ffc7da33d04d8fc,mashedtv,RT @BuddyTV: Booth waits on Brennan with a gun? Check out the #Bones premiere photos http://t.co/SwcJ5rJo
fd88e8bbf5039fed7ffc7da33d04d8fc,mashedtv,'RT @BuddyTV: Don''t miss a September premiere! Your fall premiere calendar http://t.co/AVZhRHiK'
fd88e8bbf5039fed7ffc7da33d04d8fc,mashedtv,RT @BuddyTV: Ending soon! Vote on your favorite #Awkward character http://t.co/GtaSDcva
fd88e8bbf5039fed7ffc7da33d04d8fc,mashedtv,RT @BuddyTV: Familiar faces: Big stars coming to TV this season http://t.co/GQM5COAr
fd88e8bbf5039fed7ffc7da33d04d8fc,mashedtv,RT @BuddyTV: Our list of what NEW shows will get renewed http://t.co/os3VUNt5
fd88e8bbf5039fed7ffc7da33d04d8fc,mashedtv,'RT @BuddyTV: Photos: Alex returns tonight on #WhiteCollar. Neal doesn''t look at all suspicious in that hoodie and sunglasses http://t.co ...'
fd88e8bbf5039fed7ffc7da33d04d8fc,mashedtv,RT @BuddyTV: Stars react to the death of Michael Clarke Duncan http://t.co/gT7oCWst
fd88e8bbf5039fed7ffc7da33d04d8fc,mashedtv,RT @BuddyTV: The best (and worst): Ranking the 21 new fall shows http://t.co/B5g3J8Zw
fd88e8bbf5039fed7ffc7da33d04d8fc,mashedtv,'RT @BuddyTV: Tonight''s TV Picks: #AGT #WhiteCollar and more http://t.co/ZD1wcIp5'
fd88e8bbf5039fed7ffc7da33d04d8fc,mashedtv,'RT @BuddyTV: Video: McGarrett''s mom looks like she knows how to shoot! Watch the new trailer for Hawaii Five-0 http://t.co/KAuk72zS'
fd88e8bbf5039fed7ffc7da33d04d8fc,mashedtv,RT @BuddyTV: Will Elena become a vampire? Watch the latest #VampireDiaries promo http://t.co/Fye8yNAu (Via @BTV_VampDiaries)
fd88e8bbf5039fed7ffc7da33d04d8fc,mashedtv,RT @theTVaholic: Listen to @TVtimesThree Ep148: FOX #FallTV Preview w/ guests @really_mzungu of @buddytv &amp; @showpatrol: http://t.co/ ...
fd88e8bbf5039fed7ffc7da33d04e478,mashedtv,RT @BuddyTV: #Castle spoilers: Guest stars and upcoming cases http://t.co/YPurySyF
fd88e8bbf5039fed7ffc7da33d04e478,mashedtv,RT @BuddyTV: #CriminalMinds gets a new team member. Get a sneak peek with the premiere photos http://t.co/eI66WcTh
fd88e8bbf5039fed7ffc7da33d04e478,mashedtv,RT @BuddyTV: 25 Sexiest men of the new fall season http://t.co/XmKwcCOZ
fd88e8bbf5039fed7ffc7da33d04e478,mashedtv,RT @BuddyTV: Avengers coming to TV? ABC orders pilot from Joss Whedon http://t.co/C6tbNqtX
fd88e8bbf5039fed7ffc7da33d04e478,mashedtv,RT @BuddyTV: Following #BigBrother? You may have noticed several similarities with season 12 http://t.co/pkw9F5Tx
fd88e8bbf5039fed7ffc7da33d04e478,mashedtv,RT @BuddyTV: Oh no! Walter! The latest #Fringe promo video has creepy observers and a bloody Walter. Watch http://t.co/gY28Guvh
fd88e8bbf5039fed7ffc7da33d04e478,mashedtv,'RT @BuddyTV: Seth MacFarlane, Joseph Gordon-Levitt and more to host Saturday Night Live http://t.co/Znaa71Tk  #SNL'
fd88e8bbf5039fed7ffc7da33d04e478,mashedtv,RT @BuddyTV: TV Death Watch: Which new show will get canceled first http://t.co/88w56Tbz
fd88e8bbf5039fed7ffc7da33d04eb67,mashedtv,RT @BuddyTV: #RaisingHope video: Sneak peek with Melanie Griffith and Tippi Hedren http://t.co/Mxssu6aG
fd88e8bbf5039fed7ffc7da33d04eb67,mashedtv,'RT @BuddyTV: ''Big Brother 14'' Recap: Britney vs. Danielle in the Week 7 Eviction http://t.co/z9B1R51s'
fd88e8bbf5039fed7ffc7da33d04eb67,mashedtv,'RT @BuddyTV: ''Big Brother 14'' Spoilers: Week 8 HoH Competition Live Blog http://t.co/av7pFnED'
fd88e8bbf5039fed7ffc7da33d04eb67,mashedtv,'RT @BuddyTV: ''Dancing with the Stars: All-Stars'' Video: The Celebrities Have Super Powers This Season! http://t.co/1gSOp4lZ'
fd88e8bbf5039fed7ffc7da33d04eb67,mashedtv,'RT @BuddyTV: ''The Good Wife'' Season 4 Video: Kalinda Gets Some Action http://t.co/mowm4uzV'
fd88e8bbf5039fed7ffc7da33d04eb67,mashedtv,'RT @BuddyTV: America''s Next Top Model welcomes #90210''s Shanae Grimes for taxidermy shoot http://t.co/L38O3L1v #ANTM'
fd88e8bbf5039fed7ffc7da33d04eb67,mashedtv,RT @BuddyTV: Destined to Fail: The Biggest Showkillers of the New Fall 2012 Season http://t.co/CllSq1sw
fd88e8bbf5039fed7ffc7da33d04eb67,mashedtv,'RT @BuddyTV: New #Bones video promo: The Jefferson team must break the rules to save Brennan. (Plus Brennan''s new look) http://t.co/sZ09GPlG'
fd88e8bbf5039fed7ffc7da33d04eb67,mashedtv,RT @BuddyTV: Randy Jackson no longer #Idol judge http://t.co/pFZ1jYCd
fd88e8bbf5039fed7ffc7da33d04eb67,mashedtv,RT @BuddyTV: The #DWTS show off their super powers in latest promo video http://t.co/pgAGPcXt
fd88e8bbf5039fed7ffc7da33d04eb67,mashedtv,RT @BuddyTV: Top 12 returning shows for fall http://t.co/MAJdeyTF
fd88e8bbf5039fed7ffc7da33d04eb67,mashedtv,RT @BuddyTV: Video: The first day of school as seen on TV (supercut) http://t.co/synDx5q6 (Via @Vulture)
fd88e8bbf5039fed7ffc7da33d04cb47,Meghan Rees ,'RT @rissadee: @VinoCaPisco @CBSBigBrother @BuddyTV Joe. AND, he gets my vote for "Most Unnecessary Yelling"'
fd88e8bbf5039fed7ffc7da33d04e478,mia,'RT @JacLaurita: Check out this article on @BuddyTV, "''Real Housewives of New Jersey'' Star Caroline Manzo Talks About New Book". http://t ...'
fd88e8bbf5039fed7ffc7da33d04c097,Michael Smith,'RT @BuddyTV: It''s a little strange not seeing Capt. Cragen in a suit and tie! Check out photos from the #SVU premiere http://t.co/Zt94Lpbl'
fd88e8bbf5039fed7ffc7da33d04eb67,Michael Willis,@BuddyTV any idea who the replacement will be??
fd88e8bbf5039fed7ffc7da33d04c097,michelle,'Check out this article on @BuddyTV, "''Supernatural'' Season 8 Trailer: What''s So Important?". http://t.co/Sqa79DRx'
fd88e8bbf5039fed7ffc7da33d04d8fc,Michelle,'@BuddyTV hands down Stalker Danielle, shes like Maggie reincarnated! #BB14 psychotic nurses!'
fd88e8bbf5039fed7ffc7da33d04c097,Michelle Carlbert,Hey folks! Check out my latest article for @BuddyTV: Christina Ricci Flying Over to #TheGoodWife. http://t.co/fY9a0JYW
fd88e8bbf5039fed7ffc7da33d04d8fc,Michelle Carlbert,@BuddyTV Thanks! :o)
fd88e8bbf5039fed7ffc7da33d04d8fc,Michelle Carlbert,'@JillianLuvPsych Aw, thanks!  :o)  @BuddyTV'
fd88e8bbf5039fed7ffc7da33d04d8fc,Michelle Carlbert,@christikassity Thank you my dear!  :o)  @BuddyTV
fd88e8bbf5039fed7ffc7da33d04d8fc,Michelle Carlbert,'Hey folks! Guess who just started writing for @BuddyTV? Ck out my first review on the site, for last night''s #Grimm. http://t.co/0SCckeZQ'
fd88e8bbf5039fed7ffc7da33d04eb67,Michelle Rosborough,Fantabulous #FF PR ppl @FearlessRecords @dvice @mattress_giant @OfficeMaxDeal @VancityBuzz @BuddyTV @blackfriday_fm @dealsplus @izea
fd88e8bbf5039fed7ffc7da33d04e478,Michelle Simmons,'RT @Iloveasunflower: Check out this slideshow on @BuddyTV, "The Best Are Back: The Top 12 Returning Shows of Fall 2012". http://t.co/pLm ...'
fd88e8bbf5039fed7ffc7da33d04cb47,Michelle Wafer,#FindingYourRootsKevinBaconKyraSedgwick LOVE this show!!!  @BuddyTV http://t.co/N5tn8Ltm
fd88e8bbf5039fed7ffc7da33d04c097,Monday Twosoon,'RT @BuddyTV: ''Supernatural'' Season 8 Trailer: What''s So Important? http://t.co/NiCpow5K'
fd88e8bbf5039fed7ffc7da33d04eb67,Moonlighters,'Check out this article on @BuddyTV, "''Once Upon a Time'' Casts ''Lost'' and ''True Blood'' Stars for Season 2". http://t.co/EEmUOchL'
fd88e8bbf5039fed7ffc7da33d04cb47,Mr.Gold,RT @BuddyTV: Once Upon a Time announces premiere title http://t.co/yh1uPWqh (Via @BTV_OUAT)
fd88e8bbf5039fed7ffc7da33d04d8fc,naji,RT @BuddyTV: Will Elena become a vampire? Watch the latest #VampireDiaries promo http://t.co/Fye8yNAu (Via @BTV_VampDiaries)
fd88e8bbf5039fed7ffc7da33d04e478,naji,RT @BuddyTV: 25 Sexiest men of the new fall season http://t.co/XmKwcCOZ
fd88e8bbf5039fed7ffc7da33d04eb67,Nana ,RT @BuddyTV: Randy Jackson no longer #Idol judge http://t.co/pFZ1jYCd
fd88e8bbf5039fed7ffc7da33d04e478,Nat Nat,'RT @robertbuckley: Check out this @buddytv article about the fall season''s hottest eye candy. Not one but TWO mentions of @666ParkAve_AB ...'
fd88e8bbf5039fed7ffc7da33d04eb67,Natalie Vecc,RT @BuddyTV: #Castle releases new cast photos http://t.co/5qIFqn6M
fd88e8bbf5039fed7ffc7da33d04d8fc,Natasha Bond,#DearJohn I was expecting more... Fuck @BuddyTV You should be so lucky Mr. QuickDraw.. http://t.co/ZjLmuDOV TM... @GoodMenProject #TMZ India
fd88e8bbf5039fed7ffc7da33d04e478,Natasha Day,'I''m Finch from Person of Interest @BuddyTV - what about you? http://t.co/PxySzHGa'
fd88e8bbf5039fed7ffc7da33d04cb47,NCIS:LA Agent Ilse,'I''m G. Callen from NCIS Los Angeles @BuddyTV - what about you? http://t.co/XCDW7rCj'
fd88e8bbf5039fed7ffc7da33d04cb47,NCISLA,'I''m G. Callen from NCIS Los Angeles @BuddyTV - what about you? http://t.co/3A1cNmv3'
fd88e8bbf5039fed7ffc7da33d04cb47,Net,'RT @BuddyTV: ''Once Upon a Time'' Season 2 Spoilers: A Prince, a Villain and the Premiere Title http://t.co/TjlJVPAu'
fd88e8bbf5039fed7ffc7da33d04e478,Nikkie Gorman,@JacLaurita @BuddyTV  hi jacqueline im nikkie and ur my idol
fd88e8bbf5039fed7ffc7da33d04eb67,Ocean Satellite,'RT @BuddyTV: Charlie Sheen Gets More ''Anger Management'' http://t.co/Yc7RjHmh'
fd88e8bbf5039fed7ffc7da33d04c097,Olga I Chico,'Check out this article on @BuddyTV, "''Supernatural'' Season 8 Trailer: What''s So Important?". http://t.co/XEaPgAy6'
fd88e8bbf5039fed7ffc7da33d04cb47,OnceUponInAus,RT @BuddyTV: Once Upon a Time announces premiere title http://t.co/yh1uPWqh (Via @BTV_OUAT)
fd88e8bbf5039fed7ffc7da33d04cb47,Oswald Caulfield,'I''m Abed from Community @BuddyTV - what about you? http://t.co/6R9AWPij'
fd88e8bbf5039fed7ffc7da33d04d8fc,Paige La Bove.,'I''m Mercedes from Glee @BuddyTV - what about you? http://t.co/qt18xMzG'
fd88e8bbf5039fed7ffc7da33d04e478,Pale Blue Dot,'RT @uklesnik: Check out this article on @BuddyTV, "''Castle'' Season 5 Spoilers: Upcoming Guest Stars and Upcoming Cases". http://t.co/Ccp ...'
fd88e8bbf5039fed7ffc7da33d04cb47,Paloma Xavier ,RT @BuddyTV: #TheWalkingDead heads to the prison http://t.co/3xUFpb6D
fd88e8bbf5039fed7ffc7da33d04eb67,Patrice Deehan,Cant what for #Castle     RE: @MaryTheGeek: RT @BuddyTV: The morning after! Watch the latest #Castle promo http://t.co/xlnHizjI
fd88e8bbf5039fed7ffc7da33d04e478,Patricia Puckett,RT @BuddyTV: Avengers coming to TV? ABC orders pilot from Joss Whedon http://t.co/C6tbNqtX
fd88e8bbf5039fed7ffc7da33d04c097,Phillygirl1441,'RT  @BuddyTV, "''Supernatural'' Season 8 Trailer: What''s So Important?". http://t.co/9RhaRsPn'
fd88e8bbf5039fed7ffc7da33d04d8fc,PJ Marshall,'Check out this TV graffiti on @BuddyTV, "omg i just seen this on fb i love this hope ya all do to". http://t.co/WSlug9li v cool!!'
fd88e8bbf5039fed7ffc7da33d04e478,Pop Journal,RT @BuddyTV: 25 sexiest women of the new fall TV season http://t.co/frfkJk8V
fd88e8bbf5039fed7ffc7da33d04d8fc,Pretty Dirty Secrets,'Check out this article on @BuddyTV, "''Pretty Little Liars'' Webisode: Who is Jason Talking To? ". http://t.co/EqsLhm3t @kimmyt22 @kylebown'
fd88e8bbf5039fed7ffc7da33d04cb47,Puchi,'I''m Damon from The Vampire Diaries @BuddyTV - what about you? http://t.co/SluEbik4'
fd88e8bbf5039fed7ffc7da33d04d8fc,queenVanessaRay,'RT @PLLDirtySecrets: Check out this article on @BuddyTV, "''Pretty Little Liars'' Webisode: Who is Jason Talking To? ". http://t.co/EqsLhm ...'
fd88e8bbf5039fed7ffc7da33d04c097,Rafa Santos,'I''m Jeremy from The Vampire Diaries @BuddyTV - what about you? http://t.co/a1nUpflL'
fd88e8bbf5039fed7ffc7da33d04eb67,Raquel luciana,'@HartHanson #Bones made a list!   @BuddyTV, "The Best Are Back: The Top 12 Returning Shows of Fall 2012". http://t.co/VP6DgExL'
fd88e8bbf5039fed7ffc7da33d04e478,Red Ribbon Times,'Check out this Episode on @BuddyTV, "Pilot". http://t.co/QhJKluoE'
fd88e8bbf5039fed7ffc7da33d04cb47,Reski Utami Rachmat,'Me too:) RT @a_yummi: I''m Damon from The Vampire Diaries @BuddyTV - what about you? http://t.co/tUij8tBp"'
fd88e8bbf5039fed7ffc7da33d04d8fc,rissadee,@BuddyTV I think I hear Joe right now...#BB14
fd88e8bbf5039fed7ffc7da33d04d8fc,rissadee,'@VinoCaPisco @CBSBigBrother @BuddyTV Joe. AND, he gets my vote for "Most Unnecessary Yelling"'
fd88e8bbf5039fed7ffc7da33d04d8fc,Rita Richards,RT @BuddyTV: #Grimm review: A trip into zombieland (sort of) http://t.co/VOwSWJJ5 Plus favorite quotes!
fd88e8bbf5039fed7ffc7da33d04c097,Robert Buckley girl,'RT @BuddyTV: ''Supernatural'' Season 8 Trailer: What''s So Important? http://t.co/NiCpow5K'
fd88e8bbf5039fed7ffc7da33d04d8fc,Robert Buckley girl,RT @BuddyTV: Barney has a plan for bears in tuxedos. Watch the latest #HIMYM promo http://t.co/AOg4ZpPS
fd88e8bbf5039fed7ffc7da33d04e478,Robert Buckley girl,RT @BuddyTV: Avengers coming to TV? ABC orders pilot from Joss Whedon http://t.co/C6tbNqtX
fd88e8bbf5039fed7ffc7da33d04e478,Robert Buckley girl,RT @BuddyTV: Oh no! Walter! The latest #Fringe promo video has creepy observers and a bloody Walter. Watch http://t.co/gY28Guvh
fd88e8bbf5039fed7ffc7da33d04eb67,Robert Seale,RT @BuddyTV: Randy Jackson no longer #Idol judge http://t.co/pFZ1jYCd
fd88e8bbf5039fed7ffc7da33d04eb67,ROD AKA DJ-R,#followfriday 2 @jameskysonlee @MichaelStegerJr @ChicagoAddick @kit_kFoRCe_D43 @CAFCofficial @BuddyTV @MarieBenard #ff @GGWraps_Inc
fd88e8bbf5039fed7ffc7da33d04d8fc,ronaldo  padilha  ,'Check out this slideshow on @BuddyTV, "''Bones'' Season 8 Cast Photos". http://t.co/fOzLRWOZ'
fd88e8bbf5039fed7ffc7da33d04e478,Rosie,@JacLaurita @BuddyTV Not interested in reading her book!!! Bully!!!!
fd88e8bbf5039fed7ffc7da33d04e478,Rosie,@JacLaurita @BuddyTV by the way no new episode tonight! I meant "C" is the bully!
fd88e8bbf5039fed7ffc7da33d04eb67,Rover Radar,RT @BuddyTV: #Bones title sequence gets remixed. Check it out http://t.co/ZMvXLsGU Like it?
fd88e8bbf5039fed7ffc7da33d04eb67,Rover Radar,'RT @BuddyTV: ''Bones'' Season 8 Video: How Can the Jeffersonian Save Fugitive Brennan? http://t.co/L8sK5YHc'
fd88e8bbf5039fed7ffc7da33d04eb67,Rover Radar,'RT @BuddyTV: ''Fringe'' Season 5 Promo Video: Creepy Observers and a Bloody Walter http://t.co/li7mCaiR'
fd88e8bbf5039fed7ffc7da33d04eb67,Rover Radar,RT @BuddyTV: Bones secretly investigates a crime scene? Watch the latest #Bones promo http://t.co/bL3RxyTG
fd88e8bbf5039fed7ffc7da33d04eb67,samantha martin,'Check out this slideshow on @BuddyTV, "The Best Are Back: The Top 12 Returning Shows of Fall 2012". http://t.co/Lav3sKMT'
fd88e8bbf5039fed7ffc7da33d04cb47,Sara,'RT @PLLDirtySecrets: Check out this article on @BuddyTV, "''Pretty Little Liars'' Webisode: Who is Jason Talking To? ". http://t.co/EqsLhm ...'
fd88e8bbf5039fed7ffc7da33d04c097,Sarah,'I''m Santana Lopez from Glee @BuddyTV - what about you? http://t.co/ud4VOgbh'
fd88e8bbf5039fed7ffc7da33d04eb67,Sarah Rivera,'I''m Lydia from Teen Wolf @BuddyTV - what about you? http://t.co/uGTf0xI2'
fd88e8bbf5039fed7ffc7da33d04d8fc,saya,'I''m Caitlyn from Camp Rock @BuddyTV - what about you? http://t.co/TIjhrfaE'
fd88e8bbf5039fed7ffc7da33d04eb67,September 17 ;),'I''m Caught by Brennan''s bone evidence from Bones @BuddyTV - what about you? http://t.co/xlKxEYu3'
fd88e8bbf5039fed7ffc7da33d04e478,Shannon Grafton,RT @BuddyTV: #CriminalMinds gets a new team member. Get a sneak peek with the premiere photos http://t.co/eI66WcTh
fd88e8bbf5039fed7ffc7da33d04e478,Sheila Smith,@Iloveasunflower @BuddyTV This is from my sister
fd88e8bbf5039fed7ffc7da33d04e478,Sheila Smith,'Check out this slideshow on @BuddyTV, "The Best Are Back: The Top 12 Returning Shows of Fall 2012". http://t.co/pLmhxR6i'
fd88e8bbf5039fed7ffc7da33d04e478,shelbypujol,'I''m Damon from The Vampire Diaries @BuddyTV - what about you? http://t.co/pni7w6ys'
fd88e8bbf5039fed7ffc7da33d04d8fc,ShowPatrol,RT @theTVaholic: Listen to @TVtimesThree Ep148: FOX #FallTV Preview w/ guests @really_mzungu of @buddytv &amp; @showpatrol: http://t.co/ ...
fd88e8bbf5039fed7ffc7da33d04cb47,Simona Zanner,'Check out this article on @BuddyTV, "''White Collar'': Lots of Firsts in an Episode of Old Faces and Dilemmas". http://t.co/1Ubk2yVF'
fd88e8bbf5039fed7ffc7da33d04eb67,Smallville,RT @BeautyBeastBATB: @MsKristinKreuk is #1 on 25 Sexiest Women of the New Fall 2012 Season http://t.co/nqDmyfAp  @BuddyTV @BatBwriters @ ...
fd88e8bbf5039fed7ffc7da33d04c097,SPNFanWiki,'Check out this article on @BuddyTV, "''Supernatural'' Season 8 Trailer: What''s So Important?". http://t.co/NP2CTzag'
fd88e8bbf5039fed7ffc7da33d04e478,Steph,RT @BuddyTV: TV Death Watch: Which new show will get canceled first http://t.co/88w56Tbz
fd88e8bbf5039fed7ffc7da33d04e478,stephanie ,RT @BuddyTV: 25 Sexiest men of the new fall season http://t.co/XmKwcCOZ
fd88e8bbf5039fed7ffc7da33d04cb47,Stephanie Oliveira,'I''m Bonnie from The Vampire Diaries @BuddyTV - what about you? http://t.co/tvP17OMo
Nice!!!'
fd88e8bbf5039fed7ffc7da33d04cb47,Stephanie Oliveira,'I''m Damon from The Vampire Diaries @BuddyTV - what about you? http://t.co/aaIEp7IA
Oh yeah!'
fd88e8bbf5039fed7ffc7da33d04d8fc,Stephen Carpenter,RT @BuddyTV: #Grimm review: A trip into zombieland (sort of) http://t.co/VOwSWJJ5 Plus favorite quotes!
fd88e8bbf5039fed7ffc7da33d04d8fc,SUSAN KELLY,'I''m Piney from Sons of Anarchy @BuddyTV - what about you? http://t.co/huRm1lzs'
fd88e8bbf5039fed7ffc7da33d04cb47,Suzy Smith,'Check out this slideshow on @BuddyTV, "''White Collar'' Photos: Neal vs. Peter in the Boxing Ring". http://t.co/dmiVF4qV'
fd88e8bbf5039fed7ffc7da33d04d8fc,syela mae borgonia,'Check out this Episode on @BuddyTV, "Gone Maybe Gone". http://t.co/D95kKCiH'
fd88e8bbf5039fed7ffc7da33d04d8fc,TalkinToU,'RT @BuddyTV: ''Grimm'' Review of ''Quill'': A Trip Into Zombieland -- Sort of http://t.co/nvBBQ5PE'
fd88e8bbf5039fed7ffc7da33d04d8fc,TalkinToU,'RT @BuddyTV: ''NCIS'' Season 10 Video: Who Survives and How Do They Move On? http://t.co/unJvIbZz'
fd88e8bbf5039fed7ffc7da33d04e478,TalkinToU,RT @BuddyTV: 25 Sexiest men of the new fall season http://t.co/XmKwcCOZ
fd88e8bbf5039fed7ffc7da33d04eb67,TalkinToU,RT @BuddyTV: 25 sexiest women of the new fall TV season http://t.co/frfkJk8V
fd88e8bbf5039fed7ffc7da33d04d8fc,Taylor Ostrick,RT @USA_Network: Check out this @WhiteCollarUSA sneak peek! RT @BuddyTV: Photos: Alex returns tonight on #WhiteCollar. http://t.co/HlxQgBO2
fd88e8bbf5039fed7ffc7da33d04eb67,Teresa,'RT @wellsbones: @HartHanson #Bones made a list!   @BuddyTV, "The Best Are Back: The Top 12 Returning Shows of Fall 2012". http://t.co/VP ...'
fd88e8bbf5039fed7ffc7da33d04c097,Thadx,'Check out this article on @BuddyTV, "''Fringe'' Season 5 Video: A Message from the Observers". http://t.co/0JqUsoXA'
fd88e8bbf5039fed7ffc7da33d04e478,Thayana Rangel,'I''m Stefan from The Vampire Diaries @BuddyTV - what about you? http://t.co/uJfR6JJ2'
fd88e8bbf5039fed7ffc7da33d04e478,The OmniCast,RT @BuddyTV: Avengers coming to TV? ABC orders pilot from Joss Whedon http://t.co/C6tbNqtX
fd88e8bbf5039fed7ffc7da33d04e478,Three Cas Moon,'I''m John from Supernatural @BuddyTV - what about you? http://t.co/jHNJdUQo (Oh)'
fd88e8bbf5039fed7ffc7da33d04e478,Titty,'I''m Daenerys Targaryan from Game of Thrones @BuddyTV - what about you? http://t.co/IkBfEkyT'
fd88e8bbf5039fed7ffc7da33d04e478,TJ Chilly Willy,RT @BuddyTV: #CriminalMinds gets a new team member. Get a sneak peek with the premiere photos http://t.co/eI66WcTh
fd88e8bbf5039fed7ffc7da33d04e478,TJ Chilly Willy,RT @BuddyTV: Avengers coming to TV? ABC orders pilot from Joss Whedon http://t.co/C6tbNqtX
fd88e8bbf5039fed7ffc7da33d04eb67,tom gallaugher,'Check out this article on @BuddyTV, "Fall 2012 Hit Watch: What New Shows Will Get Renewed?". http://t.co/VHZlfqXO'
fd88e8bbf5039fed7ffc7da33d04e478,Tonja Pavich,RT @BuddyTV: #CriminalMinds gets a new team member. Get a sneak peek with the premiere photos http://t.co/eI66WcTh
fd88e8bbf5039fed7ffc7da33d04e478,Tonja Pavich,'RT @BuddyTV: Seth MacFarlane, Joseph Gordon-Levitt and more to host Saturday Night Live http://t.co/Znaa71Tk  #SNL'
fd88e8bbf5039fed7ffc7da33d04c097,Trevor Piccolo,RT @BuddyTV: 9 things you need to know about the #Glee premiere http://t.co/mQ1Ijtli
fd88e8bbf5039fed7ffc7da33d04d8fc,Troian=Perfect,'RT @PLLDirtySecrets: Check out this article on @BuddyTV, "''Pretty Little Liars'' Webisode: Who is Jason Talking To? ". http://t.co/EqsLhm ...'
fd88e8bbf5039fed7ffc7da33d04d8fc,TroianBPhilippines,'RT @PLLDirtySecrets: Check out this article on @BuddyTV, "''Pretty Little Liars'' Webisode: Who is Jason Talking To? ". http://t.co/EqsLhm ...'
fd88e8bbf5039fed7ffc7da33d04cb47,Ttelle,'I''m G. Callen from NCIS Los Angeles @BuddyTV - what about you? http://t.co/yoKhZB5I - LoooL'
fd88e8bbf5039fed7ffc7da33d04c097,TV Watch Online,'''American Idol''s Colton Dixon Signs Record Deal with Sparrow Records: http://t.co/BAcZN230 (@TheJeffDodge via @BuddyTV) #Idol'
fd88e8bbf5039fed7ffc7da33d04eb67,TV Watch Online,'Randy Jackson Out as ''American Idol'' Judge, Becomes Mentor: http://t.co/3PPqNHij (@TheJeffDodge via @BuddyTV) #AmericanIdol #Idol'
fd88e8bbf5039fed7ffc7da33d04e478,TVSeriesAddicted,'I''m Det. Kate Beckett from Castle @BuddyTV - what about you? http://t.co/DrfGCuMJ'
fd88e8bbf5039fed7ffc7da33d04e478,Twarrior,@Pokernatic meine Kate wird legendary ;) RT @BuddyTV: #Glee video: Is Kate Hudson the NYC version of Sue Sylvester? http://t.co/nu77oPtG
fd88e8bbf5039fed7ffc7da33d04d8fc,Twenty One!,I took How well do you know Klaine? on @BuddyTV and got 100% - see how you do! http://t.co/d6MbZa41
fd88e8bbf5039fed7ffc7da33d04d8fc,Un inconnu,'I''m Scott from Teen Wolf @BuddyTV - what about you? http://t.co/xV3BtKB3'
fd88e8bbf5039fed7ffc7da33d04d8fc,USA Network,Check out this @WhiteCollarUSA sneak peek! RT @BuddyTV: Photos: Alex returns tonight on #WhiteCollar. http://t.co/HlxQgBO2
fd88e8bbf5039fed7ffc7da33d04c097,Vanessa ,@Imflaky @BuddyTV yup and I regret nothing
fd88e8bbf5039fed7ffc7da33d04c097,Vanessa ,'I''m Catelyn Stark from Game of Thrones @BuddyTV - what about you? http://t.co/tSRPoOOH *-*'
fd88e8bbf5039fed7ffc7da33d04c097,Vanessa ,'I''m Emily from Pretty Little Liars @BuddyTV - what about you? http://t.co/aBdwG2Zd'
fd88e8bbf5039fed7ffc7da33d04c097,Vanessa ,'I''m Jess from New Girl @BuddyTV - what about you? http://t.co/xvnXHirm YEY, I wish *-*'
fd88e8bbf5039fed7ffc7da33d04c097,Vanessa ,'I''m Prince Charming from Once Upon a Time @BuddyTV - what about you? http://t.co/FQryV4Vz ihih'
fd88e8bbf5039fed7ffc7da33d04c097,Vanessa ,'RT @Imflaky: @itsvanessap @BuddyTV lesbica seletiva, we all are'
fd88e8bbf5039fed7ffc7da33d04e478,Wanda Maximova,'I''m Shawn from Psych @BuddyTV - what about you? http://t.co/KOURNv27'
fd88e8bbf5039fed7ffc7da33d04cb47,Warren Leight,'RT @BuddyTV: It''s a little strange not seeing Capt. Cragen in a suit and tie! Check out photos from the #SVU premiere http://t.co/Zt94Lpbl'
fd88e8bbf5039fed7ffc7da33d04e478,Whiskey Labido,'@BuddyTV Have a boss who is making your life a living hell? Then our new song "Sick and Tired" is just for you.
http://t.co/siFnIz5m'
fd88e8bbf5039fed7ffc7da33d04cb47,White Collar fans NL,'Check out this article on @BuddyTV, #White Collar : Lots of Firsts in an Episode of Old Faces and Dilemmas". http://t.co/r09A17aP'
fd88e8bbf5039fed7ffc7da33d04cb47,White Collar fans NL,'Check out this slideshow on @BuddyTV, #WhiteCollar Photos: Neal vs. Peter in the Boxing Ring". http://t.co/I7RTivhI'
