fd88e8bbf5039fed7ffc7da33d199bc7,Analisa,'"@SpringCreekGrp 14 things you should do at the end of every work day. http://t.co/WUcMWkmv  via @Forbes" Happy hour isn''t on the list?!'
fd88e8bbf5039fed7ffc7da33d199bc7,Crystal Southcote,RT @Ryanintheus: Great @TeamUp4NonProf BOD meeting tonight at @SpringCreekGrp with our #nonprofit rockstars @Kg @IColeman7 @cgoddard @Cr ...
fd88e8bbf5039fed7ffc7da33d199bc7,Falconry Group,'RT @springcreekgrp: Just for fun: Which professions drink the most coffee at work? Hint: We''re up there! http://t.co/cP3scuAd via @PSFK ^TL'
fd88e8bbf5039fed7ffc7da33d199bc7,Kelsey Sampson,Enjoying a goodbye brunch with the @springcreekgrp interns at @grandcentralsea! (@ Grand Central Bakery w/ @206steve) http://t.co/JGlvOQac
fd88e8bbf5039fed7ffc7da33d199bc7,Kristina Dei,RT @Ryanintheus: Great @TeamUp4NonProf BOD meeting tonight at @SpringCreekGrp with our #nonprofit rockstars @Kg @IColeman7 @cgoddard @Cr ...
fd88e8bbf5039fed7ffc7da33d199bc7,Lorenzo,RT @SpringCreekGrp: .@Pinterest overtakes @Yahoo organic traffic - now 4th largest driver http://t.co/rYhlZSvo via @TechCrunch
fd88e8bbf5039fed7ffc7da33d199bc7,Nick Finck,@ronschott This should be reworded to say most annoying user habits in social. ;) /cc @springcreekgrp
fd88e8bbf5039fed7ffc7da33d199bc7,Pizza Pie,HEY @SpringCreekGrp CAN I AXE YOU GUYS A QUESTION LOLOLOL http://t.co/hFnRDLZ1
fd88e8bbf5039fed7ffc7da33d199bc7,'Portent, Inc. ',RT @springcreekgrp: Twitter announces new embeddable timelines that allow more interaction. http://t.co/bR8CYYrX via @TechCrunch ^TL
fd88e8bbf5039fed7ffc7da33d199bc7,Ron Schott,'RT @SpringCreekGrp: Check out Intern Brian''s newest blog post about some of the most annoying things on Facebook. http://t.co/EzaEpAeY ^TL'
fd88e8bbf5039fed7ffc7da33d199bc7,Ryan Hodgson,'Great 2 c @michaelsjessica RT @SpringCreekGrp: There''s a meeting of Australian-PNWers going on in our front room right now #TimTams #MeatPie'
fd88e8bbf5039fed7ffc7da33d199bc7,Ryan Hodgson,Great @TeamUp4NonProf BOD meeting tonight at @SpringCreekGrp with our #nonprofit rockstars @Kg @IColeman7 @cgoddard @CrysSouth @gnatzw
fd88e8bbf5039fed7ffc7da33d199bc7,Ryan Hodgson,'Parking, @springcreekgrp style...  http://t.co/KCZViIbZ'
fd88e8bbf5039fed7ffc7da33d199bc7,Sarah Jane,RT @KevinUrie: Good times with the great @springcreekgrp client service team. http://t.co/e5k4CGQX
fd88e8bbf5039fed7ffc7da33d199bc7,Sarah Jane,'RT @KevinUrie: RT @springcreekgrp: Look who''s hanging out at SCG NYC today!  http://t.co/TpR4bMIC #BirdParty ^KH'
fd88e8bbf5039fed7ffc7da33d199bc7,Snell Experts,'@SpringCreekGrp do you folks follow back?
http://t.co/h4ThCfMO team'
fd88e8bbf5039fed7ffc7da33d199bc7,Team Up 4 Nonprofits,First SXSW Interactive keynote: Matthew Inman of The @Oatmeal http://t.co/C23vFE1D via @SpringCreekGrp rt @sxsw #charity
fd88e8bbf5039fed7ffc7da33d199bc7,Team Up 4 Nonprofits,Woot! Team Up BOD meeting @SpringCreekGrp with our #nonprofit rockstars @Kg @Ryanintheus @IColeman7 @cgoddard @CrysSouth @gnatzw
fd88e8bbf5039fed7ffc7da33d199bc7,Trevor Leon,Intern Breakfast with @SpringCreekGrp. (@ Grand Central Bakery) http://t.co/flTgKaYf
fd88e8bbf5039fed7ffc7da33d199bc7,Your Mom Bot,'@Ryanintheus Your mom''s meeting tonight at @SpringCreekGrp with our #nonprofit rockstars @Kg @IColeman7 @cgoddard @CrysSouth @gnatzw'
fd88e8bbf5039fed7ffc7da33d199bc7,Zoraida Mena,RT @SpringCreekGrp: Twitter announces new embeddable timelines that allow more interaction. http://t.co/EEqKuVjo via @TechCrunch ^TL
