fd88e8bbf5039fed7ffc7da33d1b2337,$am Waters,Bugger. Just hit the @StumbleUpon bookmark on Chrome. And there I was wanting to sleep tonight.
fd88e8bbf5039fed7ffc7da33d1b13c6,Aadil Khan,20 HTML5 And CSS3 Templates For Free Download http://t.co/oUBJk2so @stumbleupon
fd88e8bbf5039fed7ffc7da33d1b13c6,Aadil Khan,20 HTML5 And CSS3 Templates For Free Download http://t.co/oUBJk2so via @stumbleupon
fd88e8bbf5039fed7ffc7da33d1b13c6,Aadil Khan,RT @stumbleupon 20 HTML5 And CSS3 Templates For Free Download http://t.co/oUBJk2so
fd88e8bbf5039fed7ffc7da33d1b147a,Aadil Khan,Impressive Showcase Of IPhone 4S Wallpapers http://t.co/Pz8a3okb @stumbleupon
fd88e8bbf5039fed7ffc7da33d1b147a,Aadil Khan,Impressive Showcase Of IPhone 4S Wallpapers http://t.co/Pz8a3okb via @stumbleupon
fd88e8bbf5039fed7ffc7da33d1b147a,Aadil Khan,RT @stumbleupon Impressive Showcase Of IPhone 4S Wallpapers http://t.co/Pz8a3okb
fd88e8bbf5039fed7ffc7da33d1b2337,Aadil Khan,30 Stunning Movie Posters Of 2012 http://t.co/1HwTMMy9 @stumbleupon
fd88e8bbf5039fed7ffc7da33d1b2337,Aadil Khan,30 Stunning Movie Posters Of 2012 http://t.co/1HwTMMy9 via @stumbleupon
fd88e8bbf5039fed7ffc7da33d1b2337,Aadil Khan,RT @stumbleupon 30 Stunning Movie Posters Of 2012 http://t.co/1HwTMMy9
fd88e8bbf5039fed7ffc7da33d1b2f90,Aadil Khan,RT @stumbleupon Showcase Of Amazing Building Architecture All Around The World http://t.co/XqIe3his
fd88e8bbf5039fed7ffc7da33d1b2f90,Aadil Khan,Showcase Of Amazing Building Architecture All Around The World http://t.co/XqIe3his @stumbleupon
fd88e8bbf5039fed7ffc7da33d1b2f90,Aadil Khan,Showcase Of Amazing Building Architecture All Around The World http://t.co/XqIe3his via @stumbleupon
fd88e8bbf5039fed7ffc7da33d1b3ead,Aadil Khan,RT @stumbleupon 20 Stunning Photoshop Tutorials For Designers http://t.co/VjrqMF6Z
fd88e8bbf5039fed7ffc7da33d1b13c6,Abby Galang,@StumbleUpon I had one like this in my neighborhood!
fd88e8bbf5039fed7ffc7da33d1b2f90,Adam Narducci,ahahaha thanks @stumbleupon http://t.co/FRx51MYa
fd88e8bbf5039fed7ffc7da33d1b2f90,Adam Narducci,now i remember why i love @stumbleupon http://t.co/8ewFIFvF
fd88e8bbf5039fed7ffc7da33d1b2f90,Adam Narducci,wow incredible #stars http://t.co/WFjOc6vT via @stumbleupon
fd88e8bbf5039fed7ffc7da33d1b147a,Ahmed Shadheen,RT @StumbleUpon: .@OldSpice Muscle video: http://t.co/wMUsvQRV (too weird?)
fd88e8bbf5039fed7ffc7da33d1b13c6,Ahsan Saeed,RT @stumbleupon Showcase Of Essential Web Design Elements For Designers http://t.co/pKNZZE0E
fd88e8bbf5039fed7ffc7da33d1b13c6,Ahsan Saeed,Showcase Of Essential Web Design Elements For Designers http://t.co/pKNZZE0E @stumbleupon
fd88e8bbf5039fed7ffc7da33d1b13c6,Ahsan Saeed,Showcase Of Essential Web Design Elements For Designers http://t.co/pKNZZE0E via @stumbleupon
fd88e8bbf5039fed7ffc7da33d1b147a,Ahsan Saeed,Collection Of 25 Mind-freaking Digital Wallpapers http://t.co/GzV1w2j5 @stumbleupon
fd88e8bbf5039fed7ffc7da33d1b147a,Ahsan Saeed,Collection Of 25 Mind-freaking Digital Wallpapers http://t.co/GzV1w2j5 via @stumbleupon
fd88e8bbf5039fed7ffc7da33d1b147a,Ahsan Saeed,RT @stumbleupon Collection Of 25 Mind-freaking Digital Wallpapers http://t.co/GzV1w2j5
fd88e8bbf5039fed7ffc7da33d1b13c6,alamkhan733,25 Stunning Examples Of Print Media Advertisements http://t.co/UVHlynh3 @stumbleupon
fd88e8bbf5039fed7ffc7da33d1b13c6,alamkhan733,25 Stunning Examples Of Print Media Advertisements http://t.co/UVHlynh3 via @stumbleupon
fd88e8bbf5039fed7ffc7da33d1b13c6,alamkhan733,RT @stumbleupon 25 Stunning Examples Of Print Media Advertisements http://t.co/UVHlynh3
fd88e8bbf5039fed7ffc7da33d1b147a,alamkhan733,30 Amazing Wildlife Photography http://t.co/9sVtcBkC @stumbleupon
fd88e8bbf5039fed7ffc7da33d1b147a,alamkhan733,30 Amazing Wildlife Photography http://t.co/9sVtcBkC via @stumbleupon
fd88e8bbf5039fed7ffc7da33d1b147a,alamkhan733,Marvellous Examples Of Street Art http://t.co/wBxk35nJ @stumbleupon
fd88e8bbf5039fed7ffc7da33d1b147a,alamkhan733,Marvellous Examples Of Street Art http://t.co/wBxk35nJ via @stumbleupon
fd88e8bbf5039fed7ffc7da33d1b147a,alamkhan733,RT @stumbleupon 30 Amazing Wildlife Photography http://t.co/9sVtcBkC
fd88e8bbf5039fed7ffc7da33d1b147a,alamkhan733,RT @stumbleupon Marvellous Examples Of Street Art http://t.co/wBxk35nJ
fd88e8bbf5039fed7ffc7da33d1b2337,alamkhan733,20+ Free Online Action Games For Entertainment http://t.co/wCqrdb77 @stumbleupon
fd88e8bbf5039fed7ffc7da33d1b2337,alamkhan733,20+ Free Online Action Games For Entertainment http://t.co/wCqrdb77 via @stumbleupon
fd88e8bbf5039fed7ffc7da33d1b2337,alamkhan733,30+ Splendid Examples Of Matte Painting http://t.co/RmZdOQn3 @stumbleupon
fd88e8bbf5039fed7ffc7da33d1b2337,alamkhan733,30+ Splendid Examples Of Matte Painting http://t.co/RmZdOQn3 via @stumbleupon
fd88e8bbf5039fed7ffc7da33d1b2337,alamkhan733,RT @stumbleupon 20+ Free Online Action Games For Entertainment http://t.co/wCqrdb77
fd88e8bbf5039fed7ffc7da33d1b2337,alamkhan733,RT @stumbleupon 30+ Splendid Examples Of Matte Painting http://t.co/RmZdOQn3
fd88e8bbf5039fed7ffc7da33d1b2f90,alamkhan733,20 Advertising Logo Designs For Free Download http://t.co/peiwBoeE @stumbleupon
fd88e8bbf5039fed7ffc7da33d1b2f90,alamkhan733,20 Advertising Logo Designs For Free Download http://t.co/peiwBoeE via @stumbleupon
fd88e8bbf5039fed7ffc7da33d1b2f90,alamkhan733,RT @stumbleupon 20 Advertising Logo Designs For Free Download http://t.co/peiwBoeE
fd88e8bbf5039fed7ffc7da33d1b3ead,alamkhan733,20 Stunning Video Tutorials Of Adobe Photoshop CS5 http://t.co/eip9QIVp @stumbleupon
fd88e8bbf5039fed7ffc7da33d1b3ead,alamkhan733,20 Stunning Video Tutorials Of Adobe Photoshop CS5 http://t.co/eip9QIVp via @stumbleupon
fd88e8bbf5039fed7ffc7da33d1b3ead,alamkhan733,RT @stumbleupon 20 Stunning Video Tutorials Of Adobe Photoshop CS5 http://t.co/eip9QIVp
fd88e8bbf5039fed7ffc7da33d1b13c6,Alejandra Chimal,RT @StumbleUpon: A castle in Germany... #mustgo #daydreaming http://t.co/zML2w00E http://t.co/cgpY8E4p
fd88e8bbf5039fed7ffc7da33d1b147a,Alex Fanelli,'RT @JonathanRNunez: @stumbleupon When I feel like I have conquered the internet I push the stumble button and find out it''s all been a lie.'
fd88e8bbf5039fed7ffc7da33d1b3ead,Ali J,20 High Resolution Fabric Texture Designs http://t.co/PDlyeivM @stumbleupon
fd88e8bbf5039fed7ffc7da33d1b3ead,Ali J,20 High Resolution Fabric Texture Designs http://t.co/PDlyeivM via @stumbleupon
fd88e8bbf5039fed7ffc7da33d1b3ead,Ali J,20 Unique And Impressive Business Card Designs http://t.co/4aygDBUR @stumbleupon
fd88e8bbf5039fed7ffc7da33d1b3ead,Ali J,20 Unique And Impressive Business Card Designs http://t.co/4aygDBUR via @stumbleupon
fd88e8bbf5039fed7ffc7da33d1b3ead,Ali J,25 Funny &amp; Interesting 3D Character Designs http://t.co/4CYasj6t @stumbleupon
fd88e8bbf5039fed7ffc7da33d1b3ead,Ali J,25 Funny &amp; Interesting 3D Character Designs http://t.co/4CYasj6t via @stumbleupon
fd88e8bbf5039fed7ffc7da33d1b3ead,Ali J,RT @stumbleupon 20 High Resolution Fabric Texture Designs http://t.co/PDlyeivM
fd88e8bbf5039fed7ffc7da33d1b3ead,Ali J,RT @stumbleupon 20 Unique And Impressive Business Card Designs http://t.co/4aygDBUR
fd88e8bbf5039fed7ffc7da33d1b3ead,Ali J,RT @stumbleupon 25 Funny &amp; Interesting 3D Character Designs http://t.co/4CYasj6t
fd88e8bbf5039fed7ffc7da33d1b13c6,Alison DeNisco,'Weekly @StumbleUpon email: "Don''t let going back to school get you down." If only I was going back to school... *tears* #realworld'
fd88e8bbf5039fed7ffc7da33d1b2337,Altered States,If you aint on @StumbleUpon yet u need to get on it!
fd88e8bbf5039fed7ffc7da33d1b147a,Amanda McCreath,@TinaLingLing @brotherBreezy26 @StumbleUpon LOL! Love cats way 2 much! :)
fd88e8bbf5039fed7ffc7da33d1b147a,Amanda Vance,'Koalas to the Max dot com. Thanks, @stumbleupon http://t.co/KPzQAz3t'
fd88e8bbf5039fed7ffc7da33d1b13c6,Anita,@NikkiPhillippi @stumbleupon people always stumble upon my blog :))))
fd88e8bbf5039fed7ffc7da33d1b147a,anneke jong,@gmc hey friend. when you coming to NYC? we (@bread) just got an office right next to @stumbleupon in soho.
fd88e8bbf5039fed7ffc7da33d1b3ead,Baehaki NApandi,RT @lava_360: 25 Funny &amp; Interesting 3D Character Designs http://t.co/Z7QNUh1x via @stumbleupon
fd88e8bbf5039fed7ffc7da33d1b3ead,Baehaki NApandi,RT @lava_360: RT @stumbleupon 25 Funny &amp; Interesting 3D Character Designs http://t.co/Z7QNUh1x
fd88e8bbf5039fed7ffc7da33d1b3ead,Baehaki NApandi,RT @ozoneeleven: 20 High Resolution Fabric Texture Designs http://t.co/6abFjNe4 @stumbleupon
fd88e8bbf5039fed7ffc7da33d1b147a,Becky Agard,The only things I like on @StumbleUpon are food and animals #storyofmylife
fd88e8bbf5039fed7ffc7da33d1b2f90,Bedford ,'@stumbleupon why is there not a app available for blackberry phones? I love stumbleupon website &amp; I''ve broke my laptop so can''t go on :( ...'
fd88e8bbf5039fed7ffc7da33d1b2f90,Benjamin Padilla,Photo: :O @stumbleupon.com http://t.co/wKOFbiAP
fd88e8bbf5039fed7ffc7da33d1b2f90,Benjamin Padilla,Photo: La importancia del viaje. Travelling is important @stumbleupon.com http://t.co/kjP0vipY
fd88e8bbf5039fed7ffc7da33d1b2337,BloggerPR,RT MamaNYCnet Blogging 101: What is @StumbleUpon &amp; How to Use It [Tips &amp; Tricks] http://t.co/qFIraLik
fd88e8bbf5039fed7ffc7da33d1b13c6,Bloggs,15 Online HTML Editors For Designers &amp; Developers http://t.co/m2HRmj5O @stumbleupon
fd88e8bbf5039fed7ffc7da33d1b13c6,Bloggs,15 Online HTML Editors For Designers &amp; Developers http://t.co/m2HRmj5O via @stumbleupon
fd88e8bbf5039fed7ffc7da33d1b13c6,Bloggs,25 Stunning Examples Of Print Media Advertisements http://t.co/1sipZZUw @stumbleupon
fd88e8bbf5039fed7ffc7da33d1b13c6,Bloggs,25 Stunning Examples Of Print Media Advertisements http://t.co/1sipZZUw via @stumbleupon
fd88e8bbf5039fed7ffc7da33d1b13c6,Bloggs,30 Amazing Wildlife Photography http://t.co/DOYSw02X @stumbleupon
fd88e8bbf5039fed7ffc7da33d1b13c6,Bloggs,30 Amazing Wildlife Photography http://t.co/DOYSw02X via @stumbleupon
fd88e8bbf5039fed7ffc7da33d1b13c6,Bloggs,RT @stumbleupon 15 Online HTML Editors For Designers &amp; Developers http://t.co/m2HRmj5O
fd88e8bbf5039fed7ffc7da33d1b13c6,Bloggs,RT @stumbleupon 25 Stunning Examples Of Print Media Advertisements http://t.co/1sipZZUw
fd88e8bbf5039fed7ffc7da33d1b13c6,Bloggs,RT @stumbleupon 30 Amazing Wildlife Photography http://t.co/DOYSw02X
fd88e8bbf5039fed7ffc7da33d1b147a,Bloggs,Marvellous Examples Of Street Art http://t.co/YOc0iUtF @stumbleupon
fd88e8bbf5039fed7ffc7da33d1b147a,Bloggs,Marvellous Examples Of Street Art http://t.co/YOc0iUtF via @stumbleupon
fd88e8bbf5039fed7ffc7da33d1b147a,Bloggs,RT @stumbleupon Marvellous Examples Of Street Art http://t.co/YOc0iUtF
fd88e8bbf5039fed7ffc7da33d1b147a,Bloggs,RT @stumbleupon Showcase Of Really Cool &amp; Attractive 404 Error Pages http://t.co/zLPWria1
fd88e8bbf5039fed7ffc7da33d1b147a,Bloggs,Showcase Of Really Cool &amp; Attractive 404 Error Pages http://t.co/zLPWria1 @stumbleupon
fd88e8bbf5039fed7ffc7da33d1b147a,Bloggs,Showcase Of Really Cool &amp; Attractive 404 Error Pages http://t.co/zLPWria1 via @stumbleupon
fd88e8bbf5039fed7ffc7da33d1b2337,Bloggs,20+ Free Online Action Games For Entertainment http://t.co/c9sVWSKQ @stumbleupon
fd88e8bbf5039fed7ffc7da33d1b2337,Bloggs,20+ Free Online Action Games For Entertainment http://t.co/c9sVWSKQ via @stumbleupon
fd88e8bbf5039fed7ffc7da33d1b2337,Bloggs,30+ Splendid Examples Of Matte Painting http://t.co/rNEx2vTF @stumbleupon
fd88e8bbf5039fed7ffc7da33d1b2337,Bloggs,30+ Splendid Examples Of Matte Painting http://t.co/rNEx2vTF via @stumbleupon
fd88e8bbf5039fed7ffc7da33d1b2337,Bloggs,RT @stumbleupon 20+ Free Online Action Games For Entertainment http://t.co/c9sVWSKQ
fd88e8bbf5039fed7ffc7da33d1b2337,Bloggs,RT @stumbleupon 30+ Splendid Examples Of Matte Painting http://t.co/rNEx2vTF
fd88e8bbf5039fed7ffc7da33d1b2f90,Bloggs,20 Advertising Logo Designs For Free Download http://t.co/bCFimHSC @stumbleupon
fd88e8bbf5039fed7ffc7da33d1b2f90,Bloggs,20 Advertising Logo Designs For Free Download http://t.co/bCFimHSC via @stumbleupon
fd88e8bbf5039fed7ffc7da33d1b2f90,Bloggs,RT @stumbleupon 20 Advertising Logo Designs For Free Download http://t.co/bCFimHSC
fd88e8bbf5039fed7ffc7da33d1b3ead,Bloggs,20 High Resolution Fabric Texture Designs http://t.co/c03GfxRa @stumbleupon
fd88e8bbf5039fed7ffc7da33d1b3ead,Bloggs,20 High Resolution Fabric Texture Designs http://t.co/c03GfxRa via @stumbleupon
fd88e8bbf5039fed7ffc7da33d1b3ead,Bloggs,20 Stunning Video Tutorials Of Adobe Photoshop CS5 http://t.co/whOKG3hh @stumbleupon
fd88e8bbf5039fed7ffc7da33d1b3ead,Bloggs,20 Stunning Video Tutorials Of Adobe Photoshop CS5 http://t.co/whOKG3hh via @stumbleupon
fd88e8bbf5039fed7ffc7da33d1b3ead,Bloggs,20 Unique And Impressive Business Card Designs http://t.co/zdL2KB7I @stumbleupon
fd88e8bbf5039fed7ffc7da33d1b3ead,Bloggs,20 Unique And Impressive Business Card Designs http://t.co/zdL2KB7I via @stumbleupon
fd88e8bbf5039fed7ffc7da33d1b3ead,Bloggs,25 Funny &amp; Interesting 3D Character Designs http://t.co/sR06uSRr @stumbleupon
fd88e8bbf5039fed7ffc7da33d1b3ead,Bloggs,25 Funny &amp; Interesting 3D Character Designs http://t.co/sR06uSRr via @stumbleupon
fd88e8bbf5039fed7ffc7da33d1b3ead,Bloggs,RT @stumbleupon 20 High Resolution Fabric Texture Designs http://t.co/c03GfxRa
fd88e8bbf5039fed7ffc7da33d1b3ead,Bloggs,RT @stumbleupon 20 Stunning Video Tutorials Of Adobe Photoshop CS5 http://t.co/whOKG3hh
fd88e8bbf5039fed7ffc7da33d1b3ead,Bloggs,RT @stumbleupon 20 Unique And Impressive Business Card Designs http://t.co/zdL2KB7I
fd88e8bbf5039fed7ffc7da33d1b3ead,Bloggs,RT @stumbleupon 25 Funny &amp; Interesting 3D Character Designs http://t.co/sR06uSRr
fd88e8bbf5039fed7ffc7da33d1b13c6,Bothanspynet,RT @StumbleUpon: Forget the oil paints - this artist uses shadows and light: http://t.co/nIHNnd8b
fd88e8bbf5039fed7ffc7da33d1b13c6,Brad,@StumbleUpon Double rainbow all the way?
fd88e8bbf5039fed7ffc7da33d1b2337,Brandan Alexander,RT @TinaLingLing: Lolol this screams @mandi_mac Haha RT @StumbleUpon: http://t.co/PM6a3nBb http://t.co/dFoX6KHT Hahaha #genius
fd88e8bbf5039fed7ffc7da33d1b3ead,Brian Bravo,What a beautiful marriage @GoPro and @StumbleUpon http://t.co/5UjaDztd
fd88e8bbf5039fed7ffc7da33d1b147a,Brittany Ann,'Well darn, @Pinterest is blocked on this computer :( Guess I''ll just result to @stumbleupon'
fd88e8bbf5039fed7ffc7da33d1b2337,Brittany Berger,'Hey @StumbleUpon, how is there not a category for #socialmedia in general, but there''s one for just Facebook? :('
fd88e8bbf5039fed7ffc7da33d1b13c6,Caitlyn Sampson,Thanks to @StumbleUpon I learned how to do this! http://t.co/EGEALr5O
fd88e8bbf5039fed7ffc7da33d1b2337,Candice Hopkins,RT @StumbleUpon: !!! http://t.co/JGeA6KOr http://t.co/qs3myQoz
fd88e8bbf5039fed7ffc7da33d1b2f90,carol,RT @mamanycnet: RT MamaNYCnet Blogging 101: What is @StumbleUpon &amp; How to Use It [Tips &amp; Tricks] http://t.co/WOlTEusv
fd88e8bbf5039fed7ffc7da33d1b2f90,carol b,Awesome ! RT @TimBurt: #Sunrise over the morning view of my garden ##RealLifeContest and @StumbleUpon http://t.co/FrTYpcVZ
fd88e8bbf5039fed7ffc7da33d1b13c6,Caroline Dabek,RT @StumbleUpon: Forget the oil paints - this artist uses shadows and light: http://t.co/nIHNnd8b
fd88e8bbf5039fed7ffc7da33d1b2337,Casey,Fun! RT @StumbleUpon: Perfectly-Timed Photos: http://t.co/96MYc24B
fd88e8bbf5039fed7ffc7da33d1b2f90,casey brankovic,and now for some mindless stumbling courtesy of @StumbleUpon
fd88e8bbf5039fed7ffc7da33d1b147a,Cash Colligan,RT @michaelterpin: #SocialMedia Life-stylist Reflections on the #Oscars http://t.co/iCN9brTW [via @StumbleUpon]
fd88e8bbf5039fed7ffc7da33d1b2f90,Cass Anderson,Must See Imagery: 50 Most Viral Photos of the Week (8/31) http://t.co/X90MEZ9z (via @Guyism) #StumbleUpon @StumbleUpon
fd88e8bbf5039fed7ffc7da33d1b2f90,catknabb,@TimBurt @StumbleUpon great garden photo
fd88e8bbf5039fed7ffc7da33d1b147a,CB,'@StumbleUpon It''s the perfect amount of weird.'
fd88e8bbf5039fed7ffc7da33d1b13c6,Charlie~ The Manice,RT @StumbleUpon: How to Write Better - 7 Instant Fixes: http://t.co/4alHJS6G
fd88e8bbf5039fed7ffc7da33d1b13c6,Chaulmoogra,'Je remercie grandement @imgur et @StumbleUpon pour m''occuper pdt ces longues heures de travail passionnantes'
fd88e8bbf5039fed7ffc7da33d1b2337,CheapOair,Add us on @StumbleUpon http://t.co/ioJabYFq #travel
fd88e8bbf5039fed7ffc7da33d1b2f90,Chelsea Coruvius,'RT @NJKphotography: I literally can''t find any better discovery tool for good #dubstep than the @StumbleUpon #explorebox'
fd88e8bbf5039fed7ffc7da33d1b147a,chelsea pratts,I love @StumbleUpon just found the top 99 viral videos hell yea!!
fd88e8bbf5039fed7ffc7da33d1b13c6,Chris Tarantino,Goodbye productivity.. "The 50 Best Movies on Netflix Instant" - Paste Magazine - http://t.co/CqXwZ2ft (via @stumbleupon)
fd88e8bbf5039fed7ffc7da33d1b2f90,Chrisse Macgregor,'Its a sad day I''m finding nothing to cover my extreme boredom and my need to procrastinate even on @StumbleUpon I think I need a nap'
fd88e8bbf5039fed7ffc7da33d1b2337,Christine Boyle,'RT @Echo_PapaN1: @StumbleUpon Can''t believe I''ve just discovered this. Has to be the best thing that''s happened to the Internet since th ...'
fd88e8bbf5039fed7ffc7da33d1b13c6,Christopher Evans,@StumbleUpon @reddit Do not pour gravy and drive at the same time - http://t.co/tzXxNkqk
fd88e8bbf5039fed7ffc7da33d1b147a,Christopher Evans,@StumbleUpon @reddit 10 good reasons not to worry if you run out of spoons - http://t.co/nJtHHYyq
fd88e8bbf5039fed7ffc7da33d1b147a,Christopher Evans,@StumbleUpon @reddit Concerned that tomato paste is not what it used to be? Read on - http://t.co/LuOPznz9
fd88e8bbf5039fed7ffc7da33d1b2f90,Christopher Evans,@StumbleUpon @reddit Here are some people with really nice thighs! - http://t.co/lfhR1gGk
fd88e8bbf5039fed7ffc7da33d1b3ead,Clayoquot ,"The End" ~ Great @stumbleupon. Something the guides here would tell me to do! http://t.co/IoNpb7Mj
fd88e8bbf5039fed7ffc7da33d1b147a,CloudyStar Ltd,'How to Command Respect | WhataManKnows http://t.co/G7CG8GfR
Via @StumbleUpon'
fd88e8bbf5039fed7ffc7da33d1b2f90,cody simms,'RT @davidrdesign: My friend @cody is looking for a design director for @StumbleUpon. LMK if you''re interested. #jobs #ux #design'
fd88e8bbf5039fed7ffc7da33d1b2337,CollegeMapper,15 Perfectly Timed Photos http://t.co/sZ8XjJlH via @stumbleupon
fd88e8bbf5039fed7ffc7da33d1b3ead,Collette Cunningham,@kristinamcgrat1 @marty_magra @stumbleupon #siblingbanter
fd88e8bbf5039fed7ffc7da33d1b147a,Community Insurance,Need a pick me up this afternoon? Check out these perfectly time photos for a laugh! http://t.co/06JoVE0Q | via @StumbleUpon
fd88e8bbf5039fed7ffc7da33d1b3ead,Cory,class goes much faster with the help of @stumbleupon #fact
fd88e8bbf5039fed7ffc7da33d1b2337,Dave Stoppie,'Having stumbled upon this website (via @stumbleupon), I don''t think I''ll ever sleep soundly again. #gross http://t.co/pmOJhsQT'
fd88e8bbf5039fed7ffc7da33d1b2f90,Dave Walker,100 Very Cool Facts About The Human Body http://t.co/FDjp9JHZ via @StumbleUpon
fd88e8bbf5039fed7ffc7da33d1b2f90,Dave Walker,30 Dr. Suess quotes that can change your life... http://t.co/7q7pU1s3 via @StumbleUpon
fd88e8bbf5039fed7ffc7da33d1b2f90,David Barber,@StumbleUpon + #UFOInterest + @Instapaper = Enough reading to keep me busy for a week.
fd88e8bbf5039fed7ffc7da33d1b2f90,David Clements,Time to get my Stumble on. @StumbleUpon
fd88e8bbf5039fed7ffc7da33d1b2f90,David Robinson,'@cody ate you kidding me? That''s a rad gig! #design @StumbleUpon'
fd88e8bbf5039fed7ffc7da33d1b2f90,David Robinson,'My friend @cody is looking for a design director for @StumbleUpon. LMK if you''re interested. #jobs #ux #design'
fd88e8bbf5039fed7ffc7da33d1b13c6,Davidsrn,RT @StumbleUpon: A castle in Germany... #mustgo #daydreaming http://t.co/cNhn4Qj0 http://t.co/wTCPV5PP
fd88e8bbf5039fed7ffc7da33d1b2f90,Deaf Mute,'@DoodleOrDie @stumbleupon my pleasure, you guys! Thrilled that you fixed it! :)'
fd88e8bbf5039fed7ffc7da33d1b2337,Diego Meza,@stumbleupon Check out PLAY DEAD: Dogs vs Zombies short film! Homeward Bound meets 28 Days Later. https://t.co/f2dLmLGm
fd88e8bbf5039fed7ffc7da33d1b2337,Dionisio Noriega,'RT @Echo_PapaN1: @StumbleUpon Can''t believe I''ve just discovered this. Has to be the best thing that''s happened to the Internet since th ...'
fd88e8bbf5039fed7ffc7da33d1b2f90,DL Walker,@TimBurt @stumbleupon Inspiring and beautiful garden!
fd88e8bbf5039fed7ffc7da33d1b13c6,Donna Harris,RT @StumbleUpon: A castle in Germany... #mustgo #daydreaming http://t.co/cNhn4Qj0 http://t.co/wTCPV5PP
fd88e8bbf5039fed7ffc7da33d1b2f90,Doodle or Die,Fixed issue with @StumbleUpon in Chrome pushing the doodle brush down 40 pixels. Thanks go to @contron for letting us know.
fd88e8bbf5039fed7ffc7da33d1b2337,Dustin Eskew,RT @StumbleUpon: Perfectly-Timed Photos: http://t.co/h5qg2Gti
fd88e8bbf5039fed7ffc7da33d1b13c6,EDCH,'Hey @StumbleUpon I would really love to use your site. But, that Captcha to prove I''m human doesn''t work. Please fix it!!!!!!!!!!!!!'
fd88e8bbf5039fed7ffc7da33d1b13c6,EDCH,'OMG! @StumbleUpon you''re stupid captcha isn''t working. Thanks for being such a piece of crap. Never used you before and never will now'
fd88e8bbf5039fed7ffc7da33d1b13c6,Eilev Hagen,@IFTTT - a channel for new stumbles on @StumbleUpon would have been great!
fd88e8bbf5039fed7ffc7da33d1b2f90,Elisabeth Shuker,'There''s so much useless stuff on the internet, and I love it! http://t.co/nS9njtmS @StumbleUpon'
fd88e8bbf5039fed7ffc7da33d1b147a,Elizabeth Curl,RT @beckylee531: The only things I like on @StumbleUpon are food and animals #storyofmylife
fd88e8bbf5039fed7ffc7da33d1b13c6,Ellen,@StumbleUpon you know how to distract me in all the right ways
fd88e8bbf5039fed7ffc7da33d1b2f90,Ellen Levickis,RT @mamanycnet: RT MamaNYCnet Blogging 101: What is @StumbleUpon &amp; How to Use It [Tips &amp; Tricks] http://t.co/WOlTEusv
fd88e8bbf5039fed7ffc7da33d1b2337,exlinkevents,RT @StumbleUpon: !!! http://t.co/JGeA6KOr http://t.co/qs3myQoz
fd88e8bbf5039fed7ffc7da33d1b2f90,exult49,SPERANZE http://t.co/INezdrOX via @stumbleupon
fd88e8bbf5039fed7ffc7da33d1b13c6,Ferb Hinlor,'Everyone''s Mixtape from @stumbleupon | http://t.co/w7IDlsnG http://t.co/NKhxWzuv'
fd88e8bbf5039fed7ffc7da33d1b2f90,FGSundaySchool,30 Dr. Suess quotes that can change your life... http://t.co/TpQEd7Cv via @StumbleUpon
fd88e8bbf5039fed7ffc7da33d1b13c6,Fidel Bazan,@StumbleUpon is always there for me when I get bored. I love it.
fd88e8bbf5039fed7ffc7da33d1b147a,Filminute,'RT @shardy12: Discovery engines: @stumbleupon, @kickstarter, @quora. Love these sites.'
fd88e8bbf5039fed7ffc7da33d1b2f90,flairshare,RT @mamanycnet: RT MamaNYCnet Blogging 101: What is @StumbleUpon &amp; How to Use It [Tips &amp; Tricks] http://t.co/WOlTEusv
fd88e8bbf5039fed7ffc7da33d1b13c6,Francesco Manfredi,'@StumbleUpon you should send me a gift next Christmas, I just made the 4th person fall in love with you, but your service is great enough :)'
fd88e8bbf5039fed7ffc7da33d1b2337,Frank Angelone,'@StumbleUponHelp Does http://t.co/Qre573ii work properly anymore? I tried to connect my Twitter account on @StumbleUpon &amp; it won''t recognize'
fd88e8bbf5039fed7ffc7da33d1b147a,Franky  Diaz,RT @StumbleUpon: #quotes #500days #endofsummer http://t.co/cTabL3vb http://t.co/5nznjmuU
fd88e8bbf5039fed7ffc7da33d1b2337,freddi boulton,RT @kitaro10: Outstanding Liquid And Color Splash Photography Examples http://t.co/eHIFiIfO via @stumbleupon
fd88e8bbf5039fed7ffc7da33d1b13c6,Gabrielle Coll,RT @StumbleUpon: A castle in Germany... #mustgo #daydreaming http://t.co/cNhn4Qj0 http://t.co/wTCPV5PP
fd88e8bbf5039fed7ffc7da33d1b147a,Gareth Hopkins,@StumbleUpon for the win. Killer app.
fd88e8bbf5039fed7ffc7da33d1b2f90,Ginette,RT @mamanycnet: RT MamaNYCnet Blogging 101: What is @StumbleUpon &amp; How to Use It [Tips &amp; Tricks] http://t.co/WOlTEusv
fd88e8bbf5039fed7ffc7da33d1b3ead,Ginette,RT @mamanycnet: RT MamaNYCnet Blogging 101: What is @StumbleUpon &amp; How to Use It [Tips &amp; Tricks] http://t.co/WOlTEusv
fd88e8bbf5039fed7ffc7da33d1b13c6,Gmc,'RT @davidrdesign: My friend @cody is looking for a design director for @StumbleUpon. LMK if you''re interested. #jobs #ux #design'
fd88e8bbf5039fed7ffc7da33d1b2337,Grant Lewis,RT @sewatch: Integrated Marketing Checklist: Tying Together Your Promotion Across Platforms http://t.co/pcDZxygW cc @stumbleupon
fd88e8bbf5039fed7ffc7da33d1b147a,Graou,'RT @JonathanRNunez: @stumbleupon When I feel like I have conquered the internet I push the stumble button and find out it''s all been a lie.'
fd88e8bbf5039fed7ffc7da33d1b3ead,Harry Key,'@StumbleUpon still really struggling with Twitter integration, huh?'
fd88e8bbf5039fed7ffc7da33d1b2f90,Hawkeye,'@StumbleUpon Can''t believe I''ve just discovered this. Has to be the best thing that''s happened to the Internet since the Internet!'
fd88e8bbf5039fed7ffc7da33d1b3ead,Holly Thomas,RT @mamanycnet: RT MamaNYCnet Blogging 101: What is @StumbleUpon &amp; How to Use It [Tips &amp; Tricks] http://t.co/WOlTEusv
fd88e8bbf5039fed7ffc7da33d1b147a,Husayn Arrah,'then i stumbled on @StumbleUpon ..it''s like shuffling through ur favourite playlists..but with websites ..let the trolling begin'
fd88e8bbf5039fed7ffc7da33d1b2f90,Hydrid Lava,20 Unique And Impressive Business Card Designs http://t.co/h4cEWLmW via @stumbleupon
fd88e8bbf5039fed7ffc7da33d1b2f90,Hydrid Lava,20+ Free Stylish Fonts For Graphic Designers http://t.co/j7NSnQRr via @stumbleupon
fd88e8bbf5039fed7ffc7da33d1b3ead,Hydrid Lava,20 High Resolution Fabric Texture Designs http://t.co/0cywOpnm @stumbleupon
fd88e8bbf5039fed7ffc7da33d1b3ead,Hydrid Lava,20 High Resolution Fabric Texture Designs http://t.co/0cywOpnm via @stumbleupon
fd88e8bbf5039fed7ffc7da33d1b3ead,Hydrid Lava,20 Unique And Impressive Business Card Designs http://t.co/h4cEWLmW @stumbleupon
fd88e8bbf5039fed7ffc7da33d1b3ead,Hydrid Lava,25 Funny &amp; Interesting 3D Character Designs http://t.co/5PUpYXQQ @stumbleupon
fd88e8bbf5039fed7ffc7da33d1b3ead,Hydrid Lava,25 Funny &amp; Interesting 3D Character Designs http://t.co/5PUpYXQQ via @stumbleupon
fd88e8bbf5039fed7ffc7da33d1b3ead,Hydrid Lava,RT @stumbleupon 20 High Resolution Fabric Texture Designs http://t.co/0cywOpnm
fd88e8bbf5039fed7ffc7da33d1b3ead,Hydrid Lava,RT @stumbleupon 20 Unique And Impressive Business Card Designs http://t.co/h4cEWLmW
fd88e8bbf5039fed7ffc7da33d1b3ead,Hydrid Lava,RT @stumbleupon 25 Funny &amp; Interesting 3D Character Designs http://t.co/5PUpYXQQ
fd88e8bbf5039fed7ffc7da33d1b147a,In Lieu of Preschool,'Any @StumbleUpon users out there??  You follow me and I''ll follow you! :)  http://t.co/a8VGMurQ'
fd88e8bbf5039fed7ffc7da33d1b3ead,'Infinamic, Inc.',@StumbleUpon @Ads Get Facelift As Twitter and Facebook Ad Competition Heats Up http://t.co/jhrkwlT5 via @smallbiztrends
fd88e8bbf5039fed7ffc7da33d1b3ead,inRandom,RT @mamanycnet: RT MamaNYCnet Blogging 101: What is @StumbleUpon &amp; How to Use It [Tips &amp; Tricks] http://t.co/WOlTEusv
fd88e8bbf5039fed7ffc7da33d1b147a,Irene Risetti,RT @StumbleUpon: !!! http://t.co/JGeA6KOr http://t.co/qs3myQoz
fd88e8bbf5039fed7ffc7da33d1b3ead,itantiques,RT @ShelleyCHolmes: Hi one and all! @SteelWoodDesign @onlyvrain @shelli_johnson @shellieblum @smmaestro @spyondesign @stumbleupon @style ...
fd88e8bbf5039fed7ffc7da33d1b147a,Its all relative,RT @matthewfaulder: Thanks to team @StumbleUpon for helping me stumble upon 25 fabulous free fonts with one tap on the iPad app.  http:/ ...
fd88e8bbf5039fed7ffc7da33d1b147a,Ivy_oliva,RT @T_Collard: @StumbleUpon is essential when school starts.
fd88e8bbf5039fed7ffc7da33d1b3ead,Jack Krawczyk,RT @brianbravo: What a beautiful marriage @GoPro and @StumbleUpon http://t.co/5UjaDztd
fd88e8bbf5039fed7ffc7da33d1b147a,Jackie@AngelVALtd,Come &amp; see all the interesting info you can find on @StumbleUpon http://t.co/zKuKKgzU
fd88e8bbf5039fed7ffc7da33d1b2f90,Jackie@AngelVALtd,'I''ve found lots of interesting info on @StumbleUpon - have you? http://t.co/ECZCZOxt'
fd88e8bbf5039fed7ffc7da33d1b2337,James Peters,RT @joopiter: Coffee + @StumbleUpon = leisurely morning catching up on my stumbles #LaborDay
fd88e8bbf5039fed7ffc7da33d1b2337,Jan_Deutekom,RT @StumbleUpon: Perfectly-Timed Photos: http://t.co/EvhUd30m
fd88e8bbf5039fed7ffc7da33d1b3ead,Jayne T.,RT @mamanycnet: RT MamaNYCnet Blogging 101: What is @StumbleUpon &amp; How to Use It [Tips &amp; Tricks] http://t.co/WOlTEusv
fd88e8bbf5039fed7ffc7da33d1b13c6,Jeff Androsko,'It''s taking every fiber of will I possess NOT to start hitting the Stumble button and get back to work. @StumbleUpon'
fd88e8bbf5039fed7ffc7da33d1b13c6,Jenn,@NikkiPhillippi @stumbleupon ABSOLUTELY!
fd88e8bbf5039fed7ffc7da33d1b13c6,Jenn,@NikkiPhillippi @stumbleupon haaha a little late ;)
fd88e8bbf5039fed7ffc7da33d1b2337,Jennifer,'how exciting, this mani hit 200k at @StumbleUpon {check out my badge} http://t.co/5BPwyH6N'
fd88e8bbf5039fed7ffc7da33d1b13c6,Jill von Schweinitz,@StumbleUpon - His bedroom is worth the see. Linderhof is my favorite Ludwig castle to visit. Has an amazing cave!
fd88e8bbf5039fed7ffc7da33d1b13c6,jmgomez,http://t.co/eyULKrW7 - Your one source for DNS related tools! http://t.co/xGHlqcbO via @stumbleupon
fd88e8bbf5039fed7ffc7da33d1b2f90,Joe Cascetti,I love you @StumbleUpon
fd88e8bbf5039fed7ffc7da33d1b2f90,Joe Cheray,@juliegozali when I was fully immersed in the world of digital art I would spend hrs on @StumbleUpon #blogchat
fd88e8bbf5039fed7ffc7da33d1b2f90,Joe Cheray,@profkrg @StumbleUpon also allows you to browse content tailored to your interests #blogchat
fd88e8bbf5039fed7ffc7da33d1b2f90,Joe Cheray,I have to use @StumbleUpon sparingly cause I get too caught up in it #blogchat
fd88e8bbf5039fed7ffc7da33d1b2f90,Joe Cheray,RT @profkrg: @wildheart4vr how? specific purpose? #blogchat @StumbleUpon is still a great way to build backlinks
fd88e8bbf5039fed7ffc7da33d1b13c6,Joe Pogan,'https://t.co/AOlMbJTk
Bird on Hammer
@StumbleUpon @steampunkmag @stumbleuponscan @steamteam'
fd88e8bbf5039fed7ffc7da33d1b13c6,Joe Pogan,'https://t.co/eidjV5Ax
Fish Sculpture
@StumbleUpon @steampunkmag @stumbleuponscan @steamteam'
fd88e8bbf5039fed7ffc7da33d1b147a,Joe Pogan,'https://t.co/nLTgztI3
Bird on Hatchet
@StumbleUpon @steampunkmag @stumbleuponscan @steamteam @JuxtapozMag'
fd88e8bbf5039fed7ffc7da33d1b2337,Joe Pogan,'https://t.co/XBLscUWR
Bird on Hatchet with Wooden Handle
@StumbleUpon @steampunkmag @stumbleuponscan @steamteam @RecycleMatch @ARTnewsmag'
fd88e8bbf5039fed7ffc7da33d1b2f90,Joe Pogan,'https://t.co/7Y8NuW4Y
Bird on Hammer
@assemblageza @assemblageshef @E_assemblages @StumbleUpon @stumbleuponscan'
fd88e8bbf5039fed7ffc7da33d1b2f90,Joe Pogan,'https://t.co/eidjV5Ax
Fish Sculpture
@StumbleUpon @steampunkmag @stumbleuponscan @steamteam @arts @artelis'
fd88e8bbf5039fed7ffc7da33d1b3ead,Joe Pogan,'https://t.co/rNi8ywqq
Bird on Hammer
@StumbleUpon @steampunkmag @stumbleuponscan @steamteam'
fd88e8bbf5039fed7ffc7da33d1b2337,Joe Scarchilli,'@StumbleUpon ruining GPA''s since 2001 #cantstopstumbling'
fd88e8bbf5039fed7ffc7da33d1b13c6,John Wick,25 most beautiful animal #photography on StumbleUpon - http://t.co/UvfXmDNG via @StumbleUpon (of course!)
fd88e8bbf5039fed7ffc7da33d1b13c6,Johnny Ray Smith,RT @StumbleUpon: Forget the oil paints - this artist uses shadows and light: http://t.co/nIHNnd8b
fd88e8bbf5039fed7ffc7da33d1b13c6,Jonathan D,@StumbleUpon DOUBLE RAINBOW ALL THE WAY ACROSS THE SKY
fd88e8bbf5039fed7ffc7da33d1b2f90,Jonathan Farrell,@Pat_Whelan My love/hate relationship with @stumbleupon: http://t.co/JgTnf2wz
fd88e8bbf5039fed7ffc7da33d1b2337,Jonathan R. Nunez,'@stumbleupon When I feel like I have conquered the internet I push the stumble button and find out it''s all been a lie.'
fd88e8bbf5039fed7ffc7da33d1b147a,Jono Young,'K-12 and HE #NPOs, are you listening?  RT "@T_Collard: @StumbleUpon is essential when school starts." #nptech'
fd88e8bbf5039fed7ffc7da33d1b2337,joopiter,Coffee + @StumbleUpon = leisurely morning catching up on my stumbles #LaborDay
fd88e8bbf5039fed7ffc7da33d1b2f90,Jordan Lindsey,'I could spend days in the dark on @StumbleUpon if I didn''t have to go to school or pay for my apartment and such #discoveryprobs #adultprobs'
fd88e8bbf5039fed7ffc7da33d1b3ead,Jorge Maicon Dorta,RT @lava_360: 25 Funny &amp; Interesting 3D Character Designs http://t.co/Z7QNUh1x @stumbleupon
fd88e8bbf5039fed7ffc7da33d1b147a,Josh Huffman ,Worst thing everrr!!! @StumbleUpon http://t.co/dJVnF1gO
fd88e8bbf5039fed7ffc7da33d1b13c6,JoT  ,@noshamecreative @StumbleUpon @SydneyWriters @Redfern @surryhills @Glebe2037 Thankyou! :)
fd88e8bbf5039fed7ffc7da33d1b2f90,Julie Gozali,'@wildheart4vr Same here! Love @StumbleUpon, but the first time I stumbled upon it, I wasted half my day just browsing! LOL. #blogchat'
fd88e8bbf5039fed7ffc7da33d1b2337,Justin,fuck i love the music that comes from @stumbleupon
fd88e8bbf5039fed7ffc7da33d1b147a,Kajal Ladwa,RT @T_Collard: @StumbleUpon is essential when school starts.
fd88e8bbf5039fed7ffc7da33d1b13c6,Kate Pockele,The sculptures on the @stumbleupon App screen look like ice cream cones.
fd88e8bbf5039fed7ffc7da33d1b2337,Kathy  ,RT @StumbleUpon: !!! http://t.co/JGeA6KOr http://t.co/qs3myQoz
fd88e8bbf5039fed7ffc7da33d1b2f90,Kathy Bryant,@TimBurt @stumbleupon just beautiful!
fd88e8bbf5039fed7ffc7da33d1b2337,Katie,'RT @Echo_PapaN1: @StumbleUpon Can''t believe I''ve just discovered this. Has to be the best thing that''s happened to the Internet since th ...'
fd88e8bbf5039fed7ffc7da33d1b147a,Kelly,RT @StumbleUpon: #quotes #500days #endofsummer http://t.co/cTabL3vb http://t.co/5nznjmuU
fd88e8bbf5039fed7ffc7da33d1b2f90,Kevin Kendle,@mgwinchell naw I found it through @StumbleUpon and thought it fits you.
fd88e8bbf5039fed7ffc7da33d1b3ead,Khalid Janjua,20 High Resolution Fabric Texture Designs http://t.co/JI6MIwBO @stumbleupon
fd88e8bbf5039fed7ffc7da33d1b3ead,Khalid Janjua,20 High Resolution Fabric Texture Designs http://t.co/JI6MIwBO via @stumbleupon
fd88e8bbf5039fed7ffc7da33d1b3ead,Khalid Janjua,20 Unique And Impressive Business Card Designs http://t.co/rrFSlOTR @stumbleupon
fd88e8bbf5039fed7ffc7da33d1b3ead,Khalid Janjua,20 Unique And Impressive Business Card Designs http://t.co/rrFSlOTR via @stumbleupon
fd88e8bbf5039fed7ffc7da33d1b3ead,Khalid Janjua,25 Funny &amp; Interesting 3D Character Designs http://t.co/OUw2TwA0 @stumbleupon
fd88e8bbf5039fed7ffc7da33d1b3ead,Khalid Janjua,25 Funny &amp; Interesting 3D Character Designs http://t.co/OUw2TwA0 via @stumbleupon
fd88e8bbf5039fed7ffc7da33d1b3ead,Khalid Janjua,RT @stumbleupon 20 High Resolution Fabric Texture Designs http://t.co/JI6MIwBO
fd88e8bbf5039fed7ffc7da33d1b3ead,Khalid Janjua,RT @stumbleupon 20 Unique And Impressive Business Card Designs http://t.co/rrFSlOTR
fd88e8bbf5039fed7ffc7da33d1b3ead,Khalid Janjua,RT @stumbleupon 25 Funny &amp; Interesting 3D Character Designs http://t.co/OUw2TwA0
fd88e8bbf5039fed7ffc7da33d1b2f90,Kim Nolen,RT @drwalker_rph: 30 Dr. Suess quotes that can change your life... http://t.co/7q7pU1s3 via @StumbleUpon
fd88e8bbf5039fed7ffc7da33d1b13c6,kitaro10,25 Stunning Examples Of Print Media Advertisements http://t.co/aIgIMY4v @stumbleupon
fd88e8bbf5039fed7ffc7da33d1b13c6,kitaro10,25 Stunning Examples Of Print Media Advertisements http://t.co/aIgIMY4v via @stumbleupon
fd88e8bbf5039fed7ffc7da33d1b13c6,kitaro10,RT @stumbleupon 25 Stunning Examples Of Print Media Advertisements http://t.co/aIgIMY4v
fd88e8bbf5039fed7ffc7da33d1b13c6,kitaro10,RT @stumbleupon 30 Amazing Wildlife Photography http://t.co/y8NRsJ3i
fd88e8bbf5039fed7ffc7da33d1b147a,kitaro10,25 Free High Quality Silhouettes Vector Packs http://t.co/QK9gQtNy @stumbleupon
fd88e8bbf5039fed7ffc7da33d1b147a,kitaro10,25 Free High Quality Silhouettes Vector Packs http://t.co/QK9gQtNy via @stumbleupon
fd88e8bbf5039fed7ffc7da33d1b147a,kitaro10,30 Amazing Wildlife Photography http://t.co/y8NRsJ3i @stumbleupon
fd88e8bbf5039fed7ffc7da33d1b147a,kitaro10,30 Amazing Wildlife Photography http://t.co/y8NRsJ3i via @stumbleupon
fd88e8bbf5039fed7ffc7da33d1b147a,kitaro10,Marvellous Examples Of Street Art http://t.co/kyTyOQwx @stumbleupon
fd88e8bbf5039fed7ffc7da33d1b147a,kitaro10,Marvellous Examples Of Street Art http://t.co/kyTyOQwx via @stumbleupon
fd88e8bbf5039fed7ffc7da33d1b147a,kitaro10,RT @stumbleupon 25 Free High Quality Silhouettes Vector Packs http://t.co/QK9gQtNy
fd88e8bbf5039fed7ffc7da33d1b147a,kitaro10,RT @stumbleupon Marvellous Examples Of Street Art http://t.co/kyTyOQwx
fd88e8bbf5039fed7ffc7da33d1b2337,kitaro10,20+ Free Online Action Games For Entertainment http://t.co/d5oXUHu5 @stumbleupon
fd88e8bbf5039fed7ffc7da33d1b2337,kitaro10,20+ Free Online Action Games For Entertainment http://t.co/d5oXUHu5 via @stumbleupon
fd88e8bbf5039fed7ffc7da33d1b2337,kitaro10,30+ Splendid Examples Of Matte Painting http://t.co/SfTyJtpA @stumbleupon
fd88e8bbf5039fed7ffc7da33d1b2337,kitaro10,30+ Splendid Examples Of Matte Painting http://t.co/SfTyJtpA via @stumbleupon
fd88e8bbf5039fed7ffc7da33d1b2337,kitaro10,Outstanding Liquid And Color Splash Photography Examples http://t.co/eHIFiIfO @stumbleupon
fd88e8bbf5039fed7ffc7da33d1b2337,kitaro10,Outstanding Liquid And Color Splash Photography Examples http://t.co/eHIFiIfO via @stumbleupon
fd88e8bbf5039fed7ffc7da33d1b2337,kitaro10,RT @stumbleupon 20+ Free Online Action Games For Entertainment http://t.co/d5oXUHu5
fd88e8bbf5039fed7ffc7da33d1b2337,kitaro10,RT @stumbleupon 30+ Splendid Examples Of Matte Painting http://t.co/SfTyJtpA
fd88e8bbf5039fed7ffc7da33d1b2337,kitaro10,RT @stumbleupon Outstanding Liquid And Color Splash Photography Examples http://t.co/eHIFiIfO
fd88e8bbf5039fed7ffc7da33d1b2f90,kitaro10,20 Advertising Logo Designs For Free Download http://t.co/s3TUsOLu @stumbleupon
fd88e8bbf5039fed7ffc7da33d1b2f90,kitaro10,20 Advertising Logo Designs For Free Download http://t.co/s3TUsOLu via @stumbleupon
fd88e8bbf5039fed7ffc7da33d1b2f90,kitaro10,20 Unique And Impressive Business Card Designs http://t.co/FEfrZe0a @stumbleupon
fd88e8bbf5039fed7ffc7da33d1b2f90,kitaro10,RT @stumbleupon 20 Advertising Logo Designs For Free Download http://t.co/s3TUsOLu
fd88e8bbf5039fed7ffc7da33d1b3ead,kitaro10,20 High Resolution Fabric Texture Designs http://t.co/tWPvxG4G @stumbleupon
fd88e8bbf5039fed7ffc7da33d1b3ead,kitaro10,20 High Resolution Fabric Texture Designs http://t.co/tWPvxG4G via @stumbleupon
fd88e8bbf5039fed7ffc7da33d1b3ead,kitaro10,20 Stunning Video Tutorials Of Adobe Photoshop CS5 http://t.co/RTCDtmlp @stumbleupon
fd88e8bbf5039fed7ffc7da33d1b3ead,kitaro10,20 Stunning Video Tutorials Of Adobe Photoshop CS5 http://t.co/RTCDtmlp via @stumbleupon
fd88e8bbf5039fed7ffc7da33d1b3ead,kitaro10,20 Unique And Impressive Business Card Designs http://t.co/FEfrZe0a via @stumbleupon
fd88e8bbf5039fed7ffc7da33d1b3ead,kitaro10,25 Funny &amp; Interesting 3D Character Designs http://t.co/BRBXpnJQ @stumbleupon
fd88e8bbf5039fed7ffc7da33d1b3ead,kitaro10,25 Funny &amp; Interesting 3D Character Designs http://t.co/BRBXpnJQ via @stumbleupon
fd88e8bbf5039fed7ffc7da33d1b3ead,kitaro10,RT @stumbleupon 20 High Resolution Fabric Texture Designs http://t.co/tWPvxG4G
fd88e8bbf5039fed7ffc7da33d1b3ead,kitaro10,RT @stumbleupon 20 Stunning Video Tutorials Of Adobe Photoshop CS5 http://t.co/RTCDtmlp
fd88e8bbf5039fed7ffc7da33d1b3ead,kitaro10,RT @stumbleupon 20 Unique And Impressive Business Card Designs http://t.co/FEfrZe0a
fd88e8bbf5039fed7ffc7da33d1b3ead,kitaro10,RT @stumbleupon 25 Funny &amp; Interesting 3D Character Designs http://t.co/BRBXpnJQ
fd88e8bbf5039fed7ffc7da33d1b147a,Kojo,Lemme go check on my babe.. @StumbleUpon
fd88e8bbf5039fed7ffc7da33d1b13c6,Koka Sexton,Anyone using @stumbleupon for B2B than can chat or give a recommendation for it? #seo #socialmedia #marketing
fd88e8bbf5039fed7ffc7da33d1b2337,kolini rose,Many thanks @StumbleUpon
fd88e8bbf5039fed7ffc7da33d1b3ead,kristinamcgrath,Just showed @Marty_magra @stumbleupon #obsessed #Internetfun
fd88e8bbf5039fed7ffc7da33d1b2337,KujiShop.co.uk,Do any of our followers use @StumbleUpon? #justwondering
fd88e8bbf5039fed7ffc7da33d1b2337,Kyle Jacob Supak,RT @StumbleUpon: Perfectly-Timed Photos: http://t.co/h5qg2Gti
fd88e8bbf5039fed7ffc7da33d1b147a,Kyle Paul,Daily @StumbleUpon find: http://t.co/p9mdQGA1
fd88e8bbf5039fed7ffc7da33d1b2337,leftygreg (vpgreg),RT @StumbleUpon: !!! http://t.co/JGeA6KOr http://t.co/qs3myQoz
fd88e8bbf5039fed7ffc7da33d1b2f90,linksubway,RT @stumbleupon 25 Funny &amp; Interesting 3D Character Designs http://t.co/Zu7JLhrB
fd88e8bbf5039fed7ffc7da33d1b3ead,linksubway,20 High Resolution Fabric Texture Designs http://t.co/vLUQDz7a @stumbleupon
fd88e8bbf5039fed7ffc7da33d1b3ead,linksubway,20 High Resolution Fabric Texture Designs http://t.co/vLUQDz7a via @stumbleupon
fd88e8bbf5039fed7ffc7da33d1b3ead,linksubway,20 Unique And Impressive Business Card Designs http://t.co/Gh9ePglR @stumbleupon
fd88e8bbf5039fed7ffc7da33d1b3ead,linksubway,20 Unique And Impressive Business Card Designs http://t.co/Gh9ePglR via @stumbleupon
fd88e8bbf5039fed7ffc7da33d1b3ead,linksubway,25 Funny &amp; Interesting 3D Character Designs http://t.co/Zu7JLhrB @stumbleupon
fd88e8bbf5039fed7ffc7da33d1b3ead,linksubway,25 Funny &amp; Interesting 3D Character Designs http://t.co/Zu7JLhrB via @stumbleupon
fd88e8bbf5039fed7ffc7da33d1b3ead,linksubway,RT @stumbleupon 20 High Resolution Fabric Texture Designs http://t.co/vLUQDz7a
fd88e8bbf5039fed7ffc7da33d1b3ead,linksubway,RT @stumbleupon 20 Unique And Impressive Business Card Designs http://t.co/Gh9ePglR
fd88e8bbf5039fed7ffc7da33d1b3ead,M. Rizkan Amarulloh,RT @Hybridlava: RT @stumbleupon 25 Funny &amp; Interesting 3D Character Designs http://t.co/5PUpYXQQ
fd88e8bbf5039fed7ffc7da33d1b147a,Malak Rahal,RT @StumbleUpon: @malakrahal Oolala ;). We &lt;3 you back!
fd88e8bbf5039fed7ffc7da33d1b3ead,Mallory Beckley,'Thanks, @StumbleUpon for giving me something to do during Psychology. #distraction'
fd88e8bbf5039fed7ffc7da33d1b147a,MamaNYC,RT MamaNYCnet Blogging 101: What is @StumbleUpon &amp; How to Use It [Tips &amp; Tricks] http://t.co/WOlTEusv
fd88e8bbf5039fed7ffc7da33d1b147a,MamaNYC,RT MamaNYCnet Blogging 101: What is @StumbleUpon &amp; How to Use It [Tips &amp; Tricks] http://t.co/WOlTEusv
fd88e8bbf5039fed7ffc7da33d1b2337,MamaNYC,RT MamaNYCnet Blogging 101: What is @StumbleUpon &amp; How to Use It [Tips &amp; Tricks] http://t.co/WOlTEusv
fd88e8bbf5039fed7ffc7da33d1b2337,MamaNYC,RT MamaNYCnet Blogging 101: What is @StumbleUpon &amp; How to Use It [Tips &amp; Tricks] http://t.co/WOlTEusv
fd88e8bbf5039fed7ffc7da33d1b2f90,MamaNYC,RT MamaNYCnet Blogging 101: What is @StumbleUpon &amp; How to Use It [Tips &amp; Tricks] http://t.co/WOlTEusv
fd88e8bbf5039fed7ffc7da33d1b2f90,MamaNYC,RT MamaNYCnet Blogging 101: What is @StumbleUpon &amp; How to Use It [Tips &amp; Tricks] http://t.co/WOlTEusv
fd88e8bbf5039fed7ffc7da33d1b2f90,MamaNYC,RT MamaNYCnet Blogging 101: What is @StumbleUpon &amp; How to Use It [Tips &amp; Tricks] http://t.co/WOlTEusv
fd88e8bbf5039fed7ffc7da33d1b3ead,MamaNYC,RT MamaNYCnet Blogging 101: What is @StumbleUpon &amp; How to Use It [Tips &amp; Tricks] http://t.co/WOlTEusv
fd88e8bbf5039fed7ffc7da33d1b2337,Marcie Hill,My lesson for this week: @StumbleUpon. I need to understand social bookmarking a little more.
fd88e8bbf5039fed7ffc7da33d1b2f90,Marcin Kleczynski,'I guess I''m behind on the times. Just started using @StumbleUpon. This can''t be good for Malwarebytes.'
fd88e8bbf5039fed7ffc7da33d1b2f90,Marina Qutab,Drunken History @StumbleUpon
fd88e8bbf5039fed7ffc7da33d1b147a,Marshall Thompson,RT @StumbleUpon: @MarsThomp Glad we could help! :)
fd88e8bbf5039fed7ffc7da33d1b13c6,Martha Merrill,What are the most beneficial social media sites to you? Which do you use the most? #klout @HootSuite_Help #google1 @StumbleUpon
fd88e8bbf5039fed7ffc7da33d1b13c6,Martha Merrill,When searching @StumbleUpon I entered mom blog and ran out of stumbles. Come on mom bloggers.. submit your work...... http://t.co/tChy5gqb
fd88e8bbf5039fed7ffc7da33d1b3ead,marty mcgrath,RT @kristinamcgrat1: Just showed @Marty_magra @stumbleupon #obsessed #Internetfun
fd88e8bbf5039fed7ffc7da33d1b13c6,Mary Carter,RT @StumbleUpon: Beautiful double rainbow over SF last night: http://t.co/4ubQwvKC
fd88e8bbf5039fed7ffc7da33d1b2337,Mary Carter,RT @StumbleUpon: Perfectly-Timed Photos: http://t.co/h5qg2Gti
fd88e8bbf5039fed7ffc7da33d1b2f90,Matt Cole,Need a word to describe when the @stumbleupon #ipad app crashes at the precise moment you stumble on something really amazing. #deepbreath
fd88e8bbf5039fed7ffc7da33d1b2337,Matt Davenport,RT @StumbleUpon: Perfectly-Timed Photos: http://t.co/h5qg2Gti
fd88e8bbf5039fed7ffc7da33d1b147a,Matthew Faulder,Thanks to team @StumbleUpon for helping me stumble upon 25 fabulous free fonts with one tap on the iPad app.  http://t.co/kxhKDcPo
fd88e8bbf5039fed7ffc7da33d1b2337,maximPa,Amazing! 100 Guitar Riffs in one take http://t.co/tfT7Vi5Z #guitar via @stumbleupon
fd88e8bbf5039fed7ffc7da33d1b147a,Mayra,RT @StumbleUpon: #quotes #500days #endofsummer http://t.co/cTabL3vb http://t.co/5nznjmuU
fd88e8bbf5039fed7ffc7da33d1b2f90,Melody ,@TimBurt * Very beautiful @StumbleUpon
fd88e8bbf5039fed7ffc7da33d1b147a,Michael Terpin,#SocialMedia Life-stylist Reflections on the #Oscars http://t.co/iCN9brTW [via @StumbleUpon]
fd88e8bbf5039fed7ffc7da33d1b147a,Michelle Hurley,RT @beckylee531: The only things I like on @StumbleUpon are food and animals #storyofmylife
fd88e8bbf5039fed7ffc7da33d1b13c6,Michelle Lee Brinson,'I''m using @StumbleUpon to discover new and interesting things from across the Web.  Join me now at http://t.co/fgf4q3LE.'
fd88e8bbf5039fed7ffc7da33d1b2f90,Mikael H,.@stumbleupon Cuteness http://t.co/QX6zKDtu
fd88e8bbf5039fed7ffc7da33d1b2f90,Mimesis360,RT @stumbleupon 20 Unique And Impressive Business Card Designs http://t.co/DMZWzwv8
fd88e8bbf5039fed7ffc7da33d1b3ead,Mimesis360,20 High Resolution Fabric Texture Designs http://t.co/mr8f5zgH @stumbleupon
fd88e8bbf5039fed7ffc7da33d1b3ead,Mimesis360,20 High Resolution Fabric Texture Designs http://t.co/mr8f5zgH via @stumbleupon
fd88e8bbf5039fed7ffc7da33d1b3ead,Mimesis360,20 Unique And Impressive Business Card Designs http://t.co/DMZWzwv8 @stumbleupon
fd88e8bbf5039fed7ffc7da33d1b3ead,Mimesis360,20 Unique And Impressive Business Card Designs http://t.co/DMZWzwv8 via @stumbleupon
fd88e8bbf5039fed7ffc7da33d1b3ead,Mimesis360,25 Funny &amp; Interesting 3D Character Designs http://t.co/TdtnTiDB @stumbleupon
fd88e8bbf5039fed7ffc7da33d1b3ead,Mimesis360,25 Funny &amp; Interesting 3D Character Designs http://t.co/TdtnTiDB via @stumbleupon
fd88e8bbf5039fed7ffc7da33d1b3ead,Mimesis360,RT @stumbleupon 20 High Resolution Fabric Texture Designs http://t.co/mr8f5zgH
fd88e8bbf5039fed7ffc7da33d1b3ead,Mimesis360,RT @stumbleupon 25 Funny &amp; Interesting 3D Character Designs http://t.co/TdtnTiDB
fd88e8bbf5039fed7ffc7da33d1b13c6,Mitchell Gavrielides,@StumbleUpon Nice
fd88e8bbf5039fed7ffc7da33d1b13c6,Moaner Lisa,RT @StumbleUpon: Beautiful double rainbow over SF last night: http://t.co/4ubQwvKC
fd88e8bbf5039fed7ffc7da33d1b3ead,Mohaman Hamadou,'uh-oh i''ve run out of stumbles? @stumbleupon. time to actually get some work done!'
fd88e8bbf5039fed7ffc7da33d1b2f90,Mohammad Daher,back 2 @StumbleUpon  @malakrahal  :)
fd88e8bbf5039fed7ffc7da33d1b147a,My Round Robin,'RT @JonathanRNunez: @stumbleupon When I feel like I have conquered the internet I push the stumble button and find out it''s all been a lie.'
fd88e8bbf5039fed7ffc7da33d1b13c6,MyLifeStory,@StumbleUpon you are always there to keep me entertained. Thanks for everything!
fd88e8bbf5039fed7ffc7da33d1b13c6,MyLifeStory,I love @StumbleUpon
fd88e8bbf5039fed7ffc7da33d1b2f90,natalia ellin,RT @mamanycnet: RT MamaNYCnet Blogging 101: What is @StumbleUpon &amp; How to Use It [Tips &amp; Tricks] http://t.co/WOlTEusv
fd88e8bbf5039fed7ffc7da33d1b2f90,Nathan Klein,'I literally can''t find any better discovery tool for good #dubstep than the @StumbleUpon #explorebox'
fd88e8bbf5039fed7ffc7da33d1b2f90,Nickie,Just looking through my analytics for August.  In my top 10 referrers are @StumbleUpon @Tots100 Love All Blogs and @Pinterest.
fd88e8bbf5039fed7ffc7da33d1b13c6,Nicole Phillippi,'@StumbleUpon @pwn3rd I didn''t wanna say that... But I must second that. Hahahahah:)'
fd88e8bbf5039fed7ffc7da33d1b13c6,Nicole Phillippi,'I''m literally OBSESSED w/ @stumbleupon !!!:))) It''s kinda like pinterest!:)))'
fd88e8bbf5039fed7ffc7da33d1b2337,nipplecharms,@rystor a million Stumbles? how the heck did you do that????? :) @StumbleUpon
fd88e8bbf5039fed7ffc7da33d1b147a,Nixson Ranger,Estupendo http://t.co/rUGvPIx9 @StumbleUpon
fd88e8bbf5039fed7ffc7da33d1b147a,Oliver Hsiang,RT @StumbleUpon: Please vote to see .@StumbleUpon reps speak at #SXSW: http://t.co/VuHF8ZUX. Thank you!
fd88e8bbf5039fed7ffc7da33d1b2f90,Oliver Tattersall,'i wonder how many hours i''ve wasted/usefully spent on @StumbleUpon the past few days'
fd88e8bbf5039fed7ffc7da33d1b2f90,PabloMex,RT @StumbleUpon: 47 Mind-Blowing Psychology Facts You Should Know About Yourself: http://t.co/MtvmE9gh
fd88e8bbf5039fed7ffc7da33d1b13c6,pallavi,RT @StumbleUpon: Forget the oil paints - this artist uses shadows and light: http://t.co/nIHNnd8b
fd88e8bbf5039fed7ffc7da33d1b147a,Paul Ramos,RT @StumbleUpon: .@OldSpice Muscle video: http://t.co/7362WFdi (too weird?). A must see but is it real? Wait for the end.
fd88e8bbf5039fed7ffc7da33d1b147a,Paul Ramos,RT @StumbleUpon: Perfectly-Timed Photos: http://t.co/Q6agC7rT some very cool pics.
fd88e8bbf5039fed7ffc7da33d1b2f90,Paula Phililps,RT @StumbleUpon: How to Write Better - 7 Instant Fixes: http://t.co/3dpRn4rx
fd88e8bbf5039fed7ffc7da33d1b147a,Pendar Farahmand,RT @StumbleUpon: #quotes #500days #endofsummer http://t.co/cTabL3vb http://t.co/5nznjmuU
fd88e8bbf5039fed7ffc7da33d1b13c6,Pete Soderling,Great time chatting with CTO at @surfingbird_ru today. Kudos to the team bringing a @stumbleupon style experience to Russia!
fd88e8bbf5039fed7ffc7da33d1b13c6,Phomaly Deap,'RT @NikkiPhillippi: I''m literally OBSESSED w/ @stumbleupon !!!:))) It''s kinda like pinterest!:)))'
fd88e8bbf5039fed7ffc7da33d1b2f90,Pooya Kazerouni,'RT @davidrdesign: My friend @cody is looking for a design director for @StumbleUpon. LMK if you''re interested. #jobs #ux #design'
fd88e8bbf5039fed7ffc7da33d1b2337,Python Weekly,'@natureboy153 I have seen that kind of issue with @stumbleupon links recently. Sometime valid link doesn''t resolve. Very random behavior.'
fd88e8bbf5039fed7ffc7da33d1b147a,Quiana  ,RT @mamanycnet: RT MamaNYCnet Blogging 101: What is @StumbleUpon &amp; How to Use It [Tips &amp; Tricks] http://t.co/YnCJmOCZ
fd88e8bbf5039fed7ffc7da33d1b2337,R.J. Saddler,RT @TheDudeDean How to shoot video on your Smart Phones (Vid) http://t.co/fqTOz5TI #HD #SmartPhones cc: @StumbleUpon
fd88e8bbf5039fed7ffc7da33d1b2337,R.Saddler,RT @TheDudeDean How to shoot video on your Smart Phones (Vid) http://t.co/qcjam9cQ #HD #SmartPhones cc: @StumbleUpon
fd88e8bbf5039fed7ffc7da33d1b13c6,Rachel,RT @StumbleUpon: Beautiful double rainbow over SF last night: http://t.co/4ubQwvKC
fd88e8bbf5039fed7ffc7da33d1b2f90,Rachel Thompson,'@StumbleUpon a terrific traffic generator. If you visit my sites or someone else''s &amp; like what you read, stumble it!'
fd88e8bbf5039fed7ffc7da33d1b3ead,Rachel Thompson,'@StumbleUpon a terrific traffic generator. If you visit my sites or someone else''s &amp; like what you read, stumble it!'
fd88e8bbf5039fed7ffc7da33d1b147a,Richard Sheehan,RT @StumbleUpon: Notecard wisdom (with a ferret mention): http://t.co/CJhH5Zkd
fd88e8bbf5039fed7ffc7da33d1b2f90,Ronnie,25 Funny &amp; Interesting 3D Character Designs http://t.co/Mh48uL7L via @stumbleupon RT @lava_360 #design #beinspired
fd88e8bbf5039fed7ffc7da33d1b2f90,RonRon,'RT @Jordan_AAN: I could spend days in the dark on @StumbleUpon if I didn''t have to go to school or pay for my apartment and such #discoveryprobs #adultprobs'
fd88e8bbf5039fed7ffc7da33d1b3ead,Roshan,RT @lava_360: RT @stumbleupon 25 Funny &amp; Interesting 3D Character Designs http://t.co/Z7QNUh1x
fd88e8bbf5039fed7ffc7da33d1b2337,Rune Vraa,Great @NBA pic from @StumbleUpon http://t.co/KTLadqxB
fd88e8bbf5039fed7ffc7da33d1b2f90,RustHawk,RT @mamanycnet: RT MamaNYCnet Blogging 101: What is @StumbleUpon &amp; How to Use It [Tips &amp; Tricks] http://t.co/WOlTEusv
fd88e8bbf5039fed7ffc7da33d1b2337,Ruth Freeman,RT @StumbleUpon: Perfectly-Timed Photos: http://t.co/h5qg2Gti
fd88e8bbf5039fed7ffc7da33d1b2337,Ryan,'I just hit 1,000,000 stumbles.  #proud or #ashamed? I''m still not sure. @StumbleUpon'
fd88e8bbf5039fed7ffc7da33d1b147a,Ryan Park,@quirky @stumbleupon @entmagazineamy @yodeets @timwjackson Does money build company culture? Or does culture make a company money? #business
fd88e8bbf5039fed7ffc7da33d1b3ead,Ryan Park,@Stumbleupon Is your Firefox Stumble Toolbar broken? #jw
fd88e8bbf5039fed7ffc7da33d1b13c6,Sagar Jogdeo,Faith in Humanity.....Restored! http://t.co/H7wAXxb0 via @StumbleUpon
fd88e8bbf5039fed7ffc7da33d1b147a,Sam William,'RT @JonathanRNunez: @stumbleupon When I feel like I have conquered the internet I push the stumble button and find out it''s all been a lie.'
fd88e8bbf5039fed7ffc7da33d1b147a,Sam William,'RT@JonathanRNunez:@stumbleupon When I feel like I have conquered the internet I push the stumble button and find out it''s all been a lie.'
fd88e8bbf5039fed7ffc7da33d1b147a,Samuel JJingob,'RT @GovDelivery: Pretty cool @usgsa using @StumbleUpon to bring visitors to federal websites: http://t.co/j10BThMd | What''s StumbleUpon? ...'
fd88e8bbf5039fed7ffc7da33d1b147a,Sarah ,'RT @JonathanRNunez: @stumbleupon When I feel like I have conquered the internet I push the stumble button and find out it''s all been a lie.'
fd88e8bbf5039fed7ffc7da33d1b2f90,Sarah Bee Black,Found this on @StumbleUpon and it made me laugh =] #rainydays #bored #random http://t.co/fotZ86mm
fd88e8bbf5039fed7ffc7da33d1b13c6,Sarah Berry,RT @StumbleUpon: A castle in Germany... #mustgo #daydreaming http://t.co/cNhn4Qj0 http://t.co/wTCPV5PP
fd88e8bbf5039fed7ffc7da33d1b13c6,Semen Frish,'@Articles_4u Thanks for Your appreciation, follow me @stumbleupon: http://t.co/STq1xLae'
fd88e8bbf5039fed7ffc7da33d1b2f90,Shonna White,'Too tired to do anymore work on the submissions package, too awake to fall asleep. Here I come @stumbleupon'
fd88e8bbf5039fed7ffc7da33d1b13c6,Signe Amtoft,'@StumbleUpon Of course you will. Didn''t mean to yell at you, you know I love you.'
fd88e8bbf5039fed7ffc7da33d1b2337,SMMaestro,'Home''s where the heart is @ShelleyCHolmes @SteelWoodDesign @onlyvrain @Shelli_Johnson @shellieblum @SpyOnDesign @StumbleUpon @StyleAtHome'
fd88e8bbf5039fed7ffc7da33d1b2f90,Social Mojo,RT @Hybridlava: 20 Unique And Impressive Business Card Designs http://t.co/h4cEWLmW via @stumbleupon
fd88e8bbf5039fed7ffc7da33d1b13c6,sonja zec,RT @StumbleUpon: A castle in Germany... #mustgo #daydreaming http://t.co/cNhn4Qj0 http://t.co/wTCPV5PP
fd88e8bbf5039fed7ffc7da33d1b13c6,Sophen PHO,@StumbleUpon very interested place to work.
fd88e8bbf5039fed7ffc7da33d1b13c6,Spencer Ploessl,RT @StumbleUpon: A castle in Germany... #mustgo #daydreaming http://t.co/cNhn4Qj0 http://t.co/wTCPV5PP
fd88e8bbf5039fed7ffc7da33d1b147a,Stacey Roberson,RT @mamanycnet: RT MamaNYCnet Blogging 101: What is @StumbleUpon &amp; How to Use It [Tips &amp; Tricks] http://t.co/WOlTEusv
fd88e8bbf5039fed7ffc7da33d1b3ead,STEELWOOD design,'@onlyvrain @shelleycholmes @shelli_johnson @shellieblum @smmaestro @spyondesign @stumbleupon @styleathome hi y''all'
fd88e8bbf5039fed7ffc7da33d1b147a,Stefanie DiFrisco,'RT @JonathanRNunez: @stumbleupon When I feel like I have conquered the internet I push the stumble button and find out it''s all been a lie.'
fd88e8bbf5039fed7ffc7da33d1b2f90,Steph Crossley,Love @StumbleUpon
fd88e8bbf5039fed7ffc7da33d1b147a,Stephanie,@StumbleUpon will be my reason for procrastination #JustSaying #SorryNotSorry
fd88e8bbf5039fed7ffc7da33d1b147a,Stephanie,RT @StumbleUpon: @StephBitchin We like you style #alsoJustSaying
fd88e8bbf5039fed7ffc7da33d1b147a,Steve Hardy,'Discovery engines: @stumbleupon, @kickstarter, @quora. Love these sites.'
fd88e8bbf5039fed7ffc7da33d1b2337,Steve Richards,RT @StumbleUpon: !!! http://t.co/JGeA6KOr http://t.co/qs3myQoz
fd88e8bbf5039fed7ffc7da33d1b2337,Stumbler McStumbles,RT @StumbleUpon: !!! http://t.co/JGeA6KOr http://t.co/qs3myQoz
fd88e8bbf5039fed7ffc7da33d1b147a,StumbleUpon,@Styleite Are you on #TeamGunnar on #ProjectRunway? We can put you in touch with him (he uses @StumbleUpon for fashion ideas).
fd88e8bbf5039fed7ffc7da33d1b147a,StumbleUpon,@allybetker Are you on #TeamGunnar on #ProjectRunway? We can put you in touch with him (he uses @StumbleUpon for fashion ideas).
fd88e8bbf5039fed7ffc7da33d1b147a,StumbleUpon,@kimfriday13 Are you on #TeamGunnar on #ProjectRunway? We can put you in touch with him (he uses @StumbleUpon for fashion ideas).
fd88e8bbf5039fed7ffc7da33d1b147a,StumbleUpon,'RT @JonathanRNunez: @stumbleupon When I feel like I have conquered the internet I push the stumble button and find out it''s all been a lie.'
fd88e8bbf5039fed7ffc7da33d1b147a,StumbleUpon,RT @T_Collard: @StumbleUpon is essential when school starts.
fd88e8bbf5039fed7ffc7da33d1b147a,StumbleUpon,RT @matthewfaulder: Thanks to team @StumbleUpon for helping me stumble upon 25 fabulous free fonts with one tap on the iPad app.  http:/ ...
fd88e8bbf5039fed7ffc7da33d1b2337,StumbleUpon,'Be proud! RT @rystor: I just hit 1,000,000 stumbles.  #proud or #ashamed? I''m still not sure. @StumbleUpon'
fd88e8bbf5039fed7ffc7da33d1b2337,StumbleUpon,'RT @Echo_PapaN1: @StumbleUpon Can''t believe I''ve just discovered this. Has to be the best thing that''s happened to the Internet since th ...'
fd88e8bbf5039fed7ffc7da33d1b3ead,StumbleUpon,Please vote to see .@StumbleUpon reps speak at #SXSW: http://t.co/abxSzS8H. Thank you!
fd88e8bbf5039fed7ffc7da33d1b2337,sugan,'@arkarthick oh fine hope they don''t fall like digg bro,their api should boost them @StumbleUpon redesign is a big risk for anyone.you did it'
fd88e8bbf5039fed7ffc7da33d1b2337,sugan,@arkarthick so how is your traffic from @Stumbleupon ? #Justasking
fd88e8bbf5039fed7ffc7da33d1b13c6,Sultan Al Atawi,RT @StumbleUpon: A castle in Germany... #mustgo #daydreaming http://t.co/cNhn4Qj0 http://t.co/wTCPV5PP
fd88e8bbf5039fed7ffc7da33d1b2337,Sultan Al Atawi,RT @StumbleUpon: 47 Mind-Blowing Psychology Facts You Should Know About Yourself: http://t.co/MtvmE9gh
fd88e8bbf5039fed7ffc7da33d1b2337,Sunil Pratap Singh,@PopWatches thanks for #followme Gonan #followback ... You can find me at @stumbleupon I am also on @stumbleupon http://t.co/TPxJf8wv
fd88e8bbf5039fed7ffc7da33d1b2337,Sunil Pratap Singh,@johan_barnard THANKS FOR #FOLLOWME . following back to you .. I am also on @stumbleupon http://t.co/TPxJf8wv
fd88e8bbf5039fed7ffc7da33d1b2337,Sunil Pratap Singh,@jotap2009 thanks for #followme gonna #followback . I am also on @stumbleupon http://t.co/TPxJf8wv
fd88e8bbf5039fed7ffc7da33d1b2f90,Suzie Bawden,'sometimes I wonder if i''ve learnt more from @StumbleUpon than my university degree. Found such good reads today!'
fd88e8bbf5039fed7ffc7da33d1b13c6,SydneyWritersCentre,RT @noshamecreative: #FF super helpful #search @stumbleupon #writing @SydneyWriters #artist @rag_artist #community @redfern @surryhills  ...
fd88e8bbf5039fed7ffc7da33d1b2f90,Tara Maylyn Frankel,Does #media destroy the attention span? Vote for #SXSWi panel w/ @Pinterest @AddThis @InteractiveOne @StumbleUpon http://t.co/uYNztnS0
fd88e8bbf5039fed7ffc7da33d1b13c6,Teal Newland,'@StumbleUpon session is 69 min, more than 3x a Facebook session, and 3x the length of the average sitcom @PaidDiscovery http://t.co/q5P9laGG'
fd88e8bbf5039fed7ffc7da33d1b13c6,Terence Rose,'RT @davidrdesign: My friend @cody is looking for a design director for @StumbleUpon. LMK if you''re interested. #jobs #ux #design'
fd88e8bbf5039fed7ffc7da33d1b2f90,Thanbir ,Late nights not being able to sleep? Turn to @StumbleUpon
fd88e8bbf5039fed7ffc7da33d1b2f90,The Nerdy Nurse,The @StumbleUpon app for IPad is always crashing for me. Anyone else?
fd88e8bbf5039fed7ffc7da33d1b13c6,The Real Chris Brown,RT @StumbleUpon: !!! http://t.co/NFVvhcJn http://t.co/gUwPjPtV
fd88e8bbf5039fed7ffc7da33d1b13c6,Thena Albano,'On @stumbleupon right now.Anytime you''re bored and want to learn something or see something fascinating without leaving your seat log in'
fd88e8bbf5039fed7ffc7da33d1b13c6,Thena Albano,'Pretty much anytime there''s a random link posted its from @stumbleupon . And if its from stumbleupon most likely everyone will appreciate it'
fd88e8bbf5039fed7ffc7da33d1b147a,Tier10 Lab,Stumble Upon our #NYIAS #INFOGRAPHIC - The New York Auto Show by the Numbers on @StumbleUpon - http://t.co/EsqMAdT4
fd88e8bbf5039fed7ffc7da33d1b2f90,Tim Burt,#Sunrise over the morning view of my garden ##RealLifeContest and @StumbleUpon http://t.co/1emsh2kw
fd88e8bbf5039fed7ffc7da33d1b147a,Tim Wells,'RT @JonathanRNunez: @stumbleupon When I feel like I have conquered the internet I push the stumble button and find out it''s all been a lie.'
fd88e8bbf5039fed7ffc7da33d1b2337,Tina Taylor,Lolol this screams @mandi_mac &amp; @brotherBreezy26 !! Haha RT @StumbleUpon: !!! http://t.co/coetLLzJ http://t.co/MsgSy8aY
fd88e8bbf5039fed7ffc7da33d1b2f90,Toni-Marie Burke,Love @StumbleUpon for keeping me occupied on lonely nights in!
fd88e8bbf5039fed7ffc7da33d1b13c6,Top1position,#FF @CiscoEnterprise @windowsserver @slashdot @MartekMotor @StumbleUpon
fd88e8bbf5039fed7ffc7da33d1b2f90,TOTS 100,RT @nickie72: Just looking through my analytics for August.  In my top 10 referrers are @StumbleUpon @tots100 Love All Blogs and @Pinterest.
fd88e8bbf5039fed7ffc7da33d1b147a,Tyler Collard,@StumbleUpon is essential when school starts.
fd88e8bbf5039fed7ffc7da33d1b2f90,UBI MEDIA 2.0,'cody: RT @davidrdesign: My friend @cody is looking for a design director for @StumbleUpon. LMK if you''re interes... http://t.co/usWdhjcE'
fd88e8bbf5039fed7ffc7da33d1b3ead,Umbra Sanctus,@StumbleUpon is there something like stumble my music or would I use a service like Pandora for that?
fd88e8bbf5039fed7ffc7da33d1b2337,Un Ki,'@GatoConPulgares Mira, gato RT @StumbleUpon: !!! http://t.co/lJU7LnCX http://t.co/kNRxv0ox'
fd88e8bbf5039fed7ffc7da33d1b13c6,Unashamedly Creative,#FF super helpful #search @stumbleupon #writing @SydneyWriters #artist @rag_artist #community @redfern @surryhills @glebe2037
fd88e8bbf5039fed7ffc7da33d1b3ead,V Rain,#HappyFollowFriday @ShelleyCHolmes @Shelli_Johnson @shellieblum @SMMaestro @SpyOnDesign @StumbleUpon @SteelWoodDesign @StyleAtHome
fd88e8bbf5039fed7ffc7da33d1b13c6,vanegarciap,RT @StumbleUpon: A castle in Germany... #mustgo #daydreaming http://t.co/cNhn4Qj0 http://t.co/wTCPV5PP
fd88e8bbf5039fed7ffc7da33d1b2f90,Vivek Nanda,'I''m surprised with the referral traffic brought in by @StumbleUpon .. Awesome is the word !'
fd88e8bbf5039fed7ffc7da33d1b2337,We And The Color,Check out our favorites on StumbleUpon! :o) You will love it! @StumbleUpon #StumbleUpon http://t.co/MSff6l9n
fd88e8bbf5039fed7ffc7da33d1b2f90,William Durig IV,Thank you @StumbleUpon for guiding me to "Food Tips That Will Change Your Life."  http://t.co/60g5tygP
fd88e8bbf5039fed7ffc7da33d1b147a,Zaki Shukor,RT @T_Collard: @StumbleUpon is essential when school starts.
fd88e8bbf5039fed7ffc7da33d1b147a,Zina Ghoul,'RT @JonathanRNunez: @stumbleupon When I feel like I have conquered the internet I push the stumble button and find out it''s all been a lie.'
