fd88e8bbf5039fed7ffc7da33d1c1442,.,I just won 10 #Swagbucks by Searching the web at @Swagbucks  http://t.co/QxLLgIQ3
fd88e8bbf5039fed7ffc7da33d1c1442,.,I just won 9 #Swagbucks by Searching the web at @Swagbucks .com.  http://t.co/QxLLgIQ3
fd88e8bbf5039fed7ffc7da33d1c1dd0,.,@Swagbucks Elvis Morrison  #SBRockStar
fd88e8bbf5039fed7ffc7da33d1c1dd0,.,I just won 10 #Swagbucks by Searching the web at @Swagbucks .com.  http://t.co/QxLLgIQ3
fd88e8bbf5039fed7ffc7da33d1c1dd0,.,I just won 8 #Swagbucks by Searching the web at @Swagbucks .com.  http://t.co/QxLLgIQ3
fd88e8bbf5039fed7ffc7da33d1c1dd0,.,I ordered the $25 @Fandango e-card today with my 2799 #swagbucks in the @SwagStore. @Swagbucks
fd88e8bbf5039fed7ffc7da33d1c2773,.,I just won 11 #Swagbucks by Searching the web at @Swagbucks .com.  http://t.co/QxLLgIQ3
fd88e8bbf5039fed7ffc7da33d1c2c1d,.,I just won 10 #Swagbucks by Searching the web at @Swagbucks .com.  http://t.co/QxLLgIQ3
fd88e8bbf5039fed7ffc7da33d1c1442,Aakash Raut,#Wow [Via @PeanutLabsMedia @Swagbucks] ~ WATCH: And you thought Angry Birds Space was cool. #NASAZeroRobotics http://t.co/EvMcTIgj via @NASA
fd88e8bbf5039fed7ffc7da33d1c1442,Aakash Raut,Via @PeanutLabsMedia on @Swagbucks: Students - register your teams of 5 or more today! http://t.co/VHXSuIwY  http://t.co/aIMcAzMM via @NASA
fd88e8bbf5039fed7ffc7da33d1c1dd0,Aakash Raut,'Just took a L O N G survey via @PeanutLabsMedia, re: healthcare. Astonished that after completing it, reward = only 1 #Swagbucks! @Swagbucks'
fd88e8bbf5039fed7ffc7da33d1c1dd0,Aakash Raut,Just won 10 Swag Bucks by Searching the web @Swagbucks.com.  http://t.co/CrJi9wg0 \\ Searched for the prof. mentioned in #Swagbucks survey.
fd88e8bbf5039fed7ffc7da33d1c1dd0,Aakash Raut,'Won 9 Swag Bucks by Searching the web @Swagbucks.com. http://t.co/CrJi9wg0 \\ Tried2find a 2010 @tsickmeyer Tweet,@ me. Going2use Google now'
fd88e8bbf5039fed7ffc7da33d1c1c4b,Aaron Gerfen,@Swagbucks Thanks!!
fd88e8bbf5039fed7ffc7da33d1c1c4b,Aaron Gerfen,'RT @Swagbucks: I just hooked up @gerfen, @utvolsfan09, and @RocketDog65 with 100SB for beating this week''s score in the Wednesday Game C ...'
fd88e8bbf5039fed7ffc7da33d1c1442,Adam,'@Swagbucks 1986, Charlie Conerly, Clarksdale Mississippi'
fd88e8bbf5039fed7ffc7da33d1c1c4b,Adam,'@Swagbucks Radio City Music Hall, Adam Lamberg, Matthew'
fd88e8bbf5039fed7ffc7da33d1c2773,adam burgess,Tagged: @Swagbucks - http://t.co/u9gROqBx
fd88e8bbf5039fed7ffc7da33d1c1442,Adam Kretzinger,'@Swagbucks Gather, nearly 315,000'
fd88e8bbf5039fed7ffc7da33d1c2773,alex pineda,'@Swagbucks 
#sbgames
sn:alexpss13 http://t.co/9ypt8Byl'
fd88e8bbf5039fed7ffc7da33d1c1442,Allison Moon,@Swagbucks #MSBD  Thanks for a great start to the morning! http://t.co/VXaKd0rI
fd88e8bbf5039fed7ffc7da33d1c1442,Amanda Hoffman,'@Swagbucks 1) SB XXI played January 25, 1987. 
2) SB XXV played January 27, 1991. 
3) SB XLII played February 3, 2008.'
fd88e8bbf5039fed7ffc7da33d1c1c4b,Amanda Hoffman,'@Swagbucks New York City''s Radio City Music Hall.'
fd88e8bbf5039fed7ffc7da33d1c1c4b,Amanda Hoffman,'@Swagbucks Radio City Music Hall, Adam Lamberg, middle name = Matthew.'
fd88e8bbf5039fed7ffc7da33d1c1c4b,Amanda Hoffman,'@Swagbucks SB XXI played January 25, 1987. Mel Hein, Redding, California'
fd88e8bbf5039fed7ffc7da33d1c1442,Amber Bigler,'@Swagbucks (Abiggzer) PHOTOBOMB, 280,010'
fd88e8bbf5039fed7ffc7da33d1c1c4b,Amber Bigler,'@Swagbucks (Abiggzer) New York City, Adam Lamberg, Matthew'
fd88e8bbf5039fed7ffc7da33d1c2773,Amy Kennedy,@swagbucks  nolasaints #sbgames  check that score out
fd88e8bbf5039fed7ffc7da33d1c2773,Amy Kennedy,http://t.co/8xHqwk1j - @swagbucks level 6 nolasaints #sbgames
fd88e8bbf5039fed7ffc7da33d1c1c4b,Amy N.,'@Swagbucks Radio City Music Hall, Adam Lamberg, Matthew!'
fd88e8bbf5039fed7ffc7da33d1c2c1d,Andrea Allison,@swagbucks Took a few tries but finally got a good score #sbgames My swag name is sthrnwriter http://t.co/OliXdyIt
fd88e8bbf5039fed7ffc7da33d1c1442,Anezka ,@Swagbucks  want more sb.
fd88e8bbf5039fed7ffc7da33d1c1dd0,Angela Shrum,'I''ve beat @Swagbucks score!!  Swagname: somethingblue  http://t.co/srPZxWtq  #sbgames  #nowwhere''smy100?? :D'
fd88e8bbf5039fed7ffc7da33d1c2773,Angie Agerter,@Swagbucks Wahoo - Look at this score! Swagname: Penguinsangel #sbgames http://t.co/AuetGzgi
fd88e8bbf5039fed7ffc7da33d1c2c1d,Angie Agerter,@Swagbucks High Score for swagname: Penguinsangel  #sbgames http://t.co/85FoIxiq
fd88e8bbf5039fed7ffc7da33d1c2773,anita gutteridge,@Swagbucks  tyyyyyy just recieved my goal bucks for the month x
fd88e8bbf5039fed7ffc7da33d1c2c1d,Anna,@Swagbucks #sbgames My swag name is Atwee921 http://t.co/a4k0WMAu
fd88e8bbf5039fed7ffc7da33d1c2773,Anna Davis,@Swagbucks Elodia #sbgames http://t.co/jyK318nL
fd88e8bbf5039fed7ffc7da33d1c2c1d,Anthony Raimondo,@Swagbucks #SBGamesUK Swag Name = childofbhaal. Check out this game challenge beating score of 39902 and see what you can do to beat it...
fd88e8bbf5039fed7ffc7da33d1c2773,April Newton,@Swagbucks #sbgames swagname Skyviewprincess http://t.co/YCe9UhVb
fd88e8bbf5039fed7ffc7da33d1c1442,april trent,'@swagbucks 1986, phil simms, springfield, ky  apriltrent313'
fd88e8bbf5039fed7ffc7da33d1c2773,Ariel,@Swagbucks Toxic Waist
fd88e8bbf5039fed7ffc7da33d1c2c1d,Ashley Yu,'@Swagbucks Today I tried out ''Gold Fishing'' It was harder than hard, actually .3. The difficulty level has elevated quickly! :3'
fd88e8bbf5039fed7ffc7da33d1c2773,barbara ,http://t.co/elCfxEL2 - @swagbucks #sbgames barbarac78
fd88e8bbf5039fed7ffc7da33d1c1dd0,Becky,@Swagbucks My fans all know me as Fibrobabe! #SBRockStar
fd88e8bbf5039fed7ffc7da33d1c2773,Becky,'IF I were a rock star? Dude. I AM a rock star! RT @Swagbucks: If you were a rock star, what would your name be? #SBRockStar'
fd88e8bbf5039fed7ffc7da33d1c1c4b,Beth Titus,RT @Swagbucks: Twitter Trivia starts in ONE HOUR! Enter "Tw1tterTrivia" in the "Gimme" box on the Swagbucks Homepage by 2:30pm PDT for 6 ...
fd88e8bbf5039fed7ffc7da33d1c2773,BetItAll,trdeas #sbgames @swagbucks http://t.co/5UxWZ6yG
fd88e8bbf5039fed7ffc7da33d1c1442,Bill Vale,'@swagbucks  Season 1986, Super Bowl XXI on January 25, 1987, Charlie Conerly, Clarksdale, Mississippi'
fd88e8bbf5039fed7ffc7da33d1c1dd0,BillisB,@Swagbucks Swag name: billis212 #sbgames http://t.co/u7vsETUD
fd88e8bbf5039fed7ffc7da33d1c2773,Bob d,@Swagbucks bby412 #sbgames http://t.co/uNNgVuco
fd88e8bbf5039fed7ffc7da33d1c1dd0,Bobbie Fletcher,@Swagbucks  My high score in Reel in the Gold...I can see it as becoming addicting! #sbgames BobbieFletcher http://t.co/BV8GV5DQ
fd88e8bbf5039fed7ffc7da33d1c1c4b,Bonnie,'@Swagbucks 1987, Johnny Unitas, Pittsburgh'
fd88e8bbf5039fed7ffc7da33d1c1442,Bonnie Tadlock,'@Swagbucks Erudition and Religion, Richard Nixon, Whittier College'
fd88e8bbf5039fed7ffc7da33d1c2c1d,bonnie tarr,@Swagbucks Ladybonbon just played a addicting game #sbgames http://t.co/aaByS0EY
fd88e8bbf5039fed7ffc7da33d1c2c1d,bonnie tarr,@Swagbucks ladybonbon played awsome #sbgames http://t.co/ijtWpunh
fd88e8bbf5039fed7ffc7da33d1c1dd0,Brad Swaggy,@Swagbucks Swag name : SwaggyBrad #sbgames http://t.co/0ZLQss75
fd88e8bbf5039fed7ffc7da33d1c2c1d,Brelyn Maciolek,@Swagbucks BrelynM just crushed your score #sbgames http://t.co/ce2QNKVl
fd88e8bbf5039fed7ffc7da33d1c2c1d,Brelyn Maciolek,@Swagbucks I (BrelynM) beat your score by over 4000 points. :) Fun game! #sbgames http://t.co/SX9aMxNj
fd88e8bbf5039fed7ffc7da33d1c2773,Brian Wu,@Swagbucks #sbgames SB name: bookwyrmbrian http://t.co/yAqN2RMg
fd88e8bbf5039fed7ffc7da33d1c1dd0,Brianna Bruce,'@Swagbucks Got to Level 5! I definitely enjoyed this game, + would play it again. SwagName is MaidenMyth. #sbgames http://t.co/kLa43rzD'
fd88e8bbf5039fed7ffc7da33d1c1c4b,Callie,'@Swagbucks Radio City Music Hall, Adam Lamberg, middle name = Matthew.'
fd88e8bbf5039fed7ffc7da33d1c2c1d,Camie Throneberry,I just won 50 birthday Swag Bucks at http://t.co/rEAzMsy0 http://t.co/xX3fPWOw via @swagbucks
fd88e8bbf5039fed7ffc7da33d1c1c4b,Canadian Daily Deals,@Swagbucks Thanks for the code! :D
fd88e8bbf5039fed7ffc7da33d1c1442,Canise H,@Swagbucks I just won 10 Swag Bucks by Searching the web at http://t.co/BGjEShrh.  http://t.co/R4YLr96K joviphan
fd88e8bbf5039fed7ffc7da33d1c1442,Canise H,@Swagbucks I just won 10 Swag Bucks by Searching the web at http://t.co/BGjEShrh.today  http://t.co/R4YLr96K joviphan
fd88e8bbf5039fed7ffc7da33d1c1c4b,Canise H,@Swagbucks #BraggableBargain Another great prize you can get for free from http://t.co/BGjEShrh http://t.co/7egYaBId joviphan
fd88e8bbf5039fed7ffc7da33d1c1dd0,Canise H,@Swagbucks I just won 22 Swag Bucks by Searching the web at http://t.co/BGjEShrh.  http://t.co/R4YLr96K joviphan
fd88e8bbf5039fed7ffc7da33d1c1dd0,Canise H,@Swagbucks I just won 8 Swag Bucks by Searching the web at http://t.co/BGjEShrh.3rd  http://t.co/R4YLr96K joviphan
fd88e8bbf5039fed7ffc7da33d1c2c1d,Canise H,@Swagbucks #BraggableBargain Another great prize you can get for free from http://t.co/BGjEShrh http://t.co/WOmhWRm8 joviphan
fd88e8bbf5039fed7ffc7da33d1c2c1d,Canise H,@Swagbucks I just won 10 Swag Bucks by Searching the web at http://t.co/BGjEShrh.  http://t.co/R4YLr96K joviphan
fd88e8bbf5039fed7ffc7da33d1c2c1d,Canise H,@Swagbucks I just won 8 Swag Bucks by Searching the web at http://t.co/BGjEShrh.  http://t.co/R4YLr96K joviphan
fd88e8bbf5039fed7ffc7da33d1c1dd0,Carla Zens,@Swagbucks If I were a rock star..."Anita Swagbuck" : ) #SBRockStar
fd88e8bbf5039fed7ffc7da33d1c1dd0,Carly Dunavant,@Swagbucks cleverzeke #sbgames http://t.co/GzYS17Le
fd88e8bbf5039fed7ffc7da33d1c1dd0,Carly Dunavant,@Swagbucks cleverzeke #sbgames http://t.co/Oo6GXDTU
fd88e8bbf5039fed7ffc7da33d1c1dd0,Carly Dunavant,@Swagbucks cleverzeke #sbgames http://t.co/Z7Hi5kD8
fd88e8bbf5039fed7ffc7da33d1c2c1d,Caroline Kingsepp,I just won 50 birthday Swag Bucks at http://t.co/r8I3tPEG http://t.co/D6cvhxpc via @swagbucks
fd88e8bbf5039fed7ffc7da33d1c2c1d,Cecilia Fura,@Swagbucks #Bragglebargain
fd88e8bbf5039fed7ffc7da33d1c2773,Chase,@Swagbucks #sbgames oScript http://t.co/4u4PQyWo
fd88e8bbf5039fed7ffc7da33d1c1442,Chi Youn Park,@Swagbucks Man! I keep missing these twitter codes!! I need to check more often!!! Lol!!! ;p
fd88e8bbf5039fed7ffc7da33d1c2c1d,Chi Youn Park,@Swagbucks Cross between Baby Ruth and Butterfingers? Baby fingers! :) #TTPTP
fd88e8bbf5039fed7ffc7da33d1c2c1d,Chi Youn Park,@Swagbucks Have you ever seen bees cutting down trees? #TTPTP
fd88e8bbf5039fed7ffc7da33d1c1442,Choon-kit Ng,@Swagbucks According to Wiki the Chicago Bears won the Superbowl in 1986 and the Giants won in 1987 http://t.co/tzNzvz43
fd88e8bbf5039fed7ffc7da33d1c1442,Choon-kit Ng,'@Swagbucks Knowledge and Religion, Richard Nixon, Whittier College'
fd88e8bbf5039fed7ffc7da33d1c1442,Choon-kit Ng,'@Swagbucks PHOTOBOMB, 280,000'
fd88e8bbf5039fed7ffc7da33d1c1442,Choon-kit Ng,@Swagbucks They advanced to their 1st Superbowl in 1986 but they won their 1st Superbowl in 1987
fd88e8bbf5039fed7ffc7da33d1c1c4b,Choon-kit Ng,'@Swagbucks 1987, Charley Conerly, Clarksdale'
fd88e8bbf5039fed7ffc7da33d1c1c4b,Choon-kit Ng,'@Swagbucks RAdio City Music Hall, Adam Lamberg, Matthew'
fd88e8bbf5039fed7ffc7da33d1c2773,Chris,3rd gift card in 3 weeks. Love me some @swagbucks http://t.co/Pm2W2teN
fd88e8bbf5039fed7ffc7da33d1c2773,chris courtney,@swagbucks chris courtney #sbgames http://t.co/C1Y56Z3P
fd88e8bbf5039fed7ffc7da33d1c2773,Chris Nelson,'@Swagbucks That was harder than it looked, but I got it! #sbgames [cranlsn] http://t.co/yZIe4SQU'
fd88e8bbf5039fed7ffc7da33d1c1dd0,Chris Rodgers,@Swagbucks #sbgames an even better score for davros0110 just before closing http://t.co/LcY6dWV2
fd88e8bbf5039fed7ffc7da33d1c1dd0,Chris Rodgers,'@Swagbucks #sbgames saw this when I woke up, managed to knock out a reasonable score. Davros0110 will play again http://t.co/mqSL3VRl'
fd88e8bbf5039fed7ffc7da33d1c1c4b,Christie,'@Swagbucks 
Q1:
1) Radio city music hall, new york city, new york
2) adam lamberg
3) matthew
Swagname: rampec01'
fd88e8bbf5039fed7ffc7da33d1c1c4b,Christie,'@Swagbucks 
Q2:
1) 1956
2) Charley conerly
3) Clarksdale
Swagname: rampec01'
fd88e8bbf5039fed7ffc7da33d1c1442,Christine,'@Swagbucks 1981, Johnny Unitas, Pittsburgh'
fd88e8bbf5039fed7ffc7da33d1c1442,Christine,'@Swagbucks Knowledge and Religion, Nixon, Whittier College'
fd88e8bbf5039fed7ffc7da33d1c1442,Christine,'@Swagbucks PHOTOBOMB, over 280,000 Swag Bucks'
fd88e8bbf5039fed7ffc7da33d1c1442,Christine,'@Swagbucks The site said over 280,000 Swag Bucks. Where was the precise number located?'
fd88e8bbf5039fed7ffc7da33d1c2c1d,Christine Gullickson,'@Swagbucks 
   
 
 
 




 
#sbgames   Swagname: chisburg  High score GoldFishing 31,779!!!'
fd88e8bbf5039fed7ffc7da33d1c1dd0,Christy Gibbon,@Swagbucks Lookinforgc got a score of 31807 playing Gold Fishing #sbgames What fun! http://t.co/0WEreYFO
fd88e8bbf5039fed7ffc7da33d1c1442,Clint Easthood,waiting on another Amazon #BraggableBargain @Swagbucks @SwagStore
fd88e8bbf5039fed7ffc7da33d1c2773,Cougar Lady,'Legallypuffed RT @Swagbucks: If you were a rock star, what would your name be? #SBRockStar'
fd88e8bbf5039fed7ffc7da33d1c2773,Cyndi,Level 6 - yeah!  cyn8548 @Swagbucks #sbgames http://t.co/XbVOR4YX
fd88e8bbf5039fed7ffc7da33d1c2c1d,Cyndi,Leveled up cyn8548 #sbgames @Swagbucks  http://t.co/KhvSOysY
fd88e8bbf5039fed7ffc7da33d1c2c1d,CYNTHIA GOTTFREDSON,'RT @Swagbucks: I just hooked up spazfemme and bigDawgJP for beating the score in this weekend''s Game Challenge! #SBGames'
fd88e8bbf5039fed7ffc7da33d1c2c1d,Dan Francis,'@Swagbucks

My Challenge Beating Score!!!

 #SBGamesUK http://t.co/ttHzsH2x'
fd88e8bbf5039fed7ffc7da33d1c1c4b,Daniel,@Swagbucks 1984. Adam Lamberg. Matthew
fd88e8bbf5039fed7ffc7da33d1c1c4b,Daniel,'@Swagbucks 1990. Mel Hein. Redding, California.'
fd88e8bbf5039fed7ffc7da33d1c1442,Dannielle Spears,'@Swagbucks 1987, Charlie Conerly, 1921'
fd88e8bbf5039fed7ffc7da33d1c1442,Dannielle Spears,@Swagbucks 39670
fd88e8bbf5039fed7ffc7da33d1c1442,Dannielle Spears,'@Swagbucks Erudition and Religion, Richard Nixon, Whittier College'
fd88e8bbf5039fed7ffc7da33d1c1442,Dannielle Spears,@Swagbucks PHOTOBOMB 39670
fd88e8bbf5039fed7ffc7da33d1c1c4b,Danny ,RT @Swagbucks: Twitter Trivia is about to start! Remember to reply to @Swagbucks w/your COMPLETE answers! DO NOT Direct Message Swagbucks.
fd88e8bbf5039fed7ffc7da33d1c2c1d,Danylka Forzan,@Swagbucks Dforz001 reeling in the gold! #sbgames http://t.co/DGV2r61q
fd88e8bbf5039fed7ffc7da33d1c1442,David Vetan,@Swagbucks 1986 Lawrence Taylor   Williamsburg
fd88e8bbf5039fed7ffc7da33d1c1c4b,Dawn Arnold ,Introducing The Newest Dash To The Stash http://t.co/rBGcBnct via @swagbucks
fd88e8bbf5039fed7ffc7da33d1c2c1d,Dee,@Swagbucks #SBGamesCA http://t.co/1NdpoDRD
fd88e8bbf5039fed7ffc7da33d1c2c1d,Dee,http://t.co/1NdpoDRD - @Swagbucks #SBGamesCA Beat ya!
fd88e8bbf5039fed7ffc7da33d1c1dd0,Dee Cline,#BraggableBargain @Swagbucks today is Sephora!
fd88e8bbf5039fed7ffc7da33d1c2773,Derek Wiston,@Swagbucks schwagadelic #sbgames http://t.co/dGuUJ7d0
fd88e8bbf5039fed7ffc7da33d1c1dd0,Desiree,Epic score! @Swagbucks #sbgames [dayraydes] http://t.co/xE5fbDvI
fd88e8bbf5039fed7ffc7da33d1c1dd0,Desiree,Yay! Again! Hehe. @Swagbucks #sbgames [dayraydes] http://t.co/qAVKS6TR
fd88e8bbf5039fed7ffc7da33d1c1dd0,Desiree,Yay! This game is really fun! @Swagbucks #sbgames [dayraydes] http://t.co/RELOckET
fd88e8bbf5039fed7ffc7da33d1c1c4b,Diane Redcay,I just won 50 birthday Swag Bucks at http://t.co/hthTeOTG http://t.co/x5LjNfB8 via @swagbucks
fd88e8bbf5039fed7ffc7da33d1c1442,Diane wade,'@swagbucks Thanks for the 100 SB''s on the Wednesday game challenge.  utvolsfan09'
fd88e8bbf5039fed7ffc7da33d1c2c1d,Diane wade,'@Swagbucks   #sbgames

Took 4 games to win and got to level 5. http://t.co/n9mcHvoC'
fd88e8bbf5039fed7ffc7da33d1c2c1d,Diane wade,'@Swagbucks #sbgames   Took 4 games to beat your score and got to level 5.

utvolsfan22 http://t.co/VUxfGtIl'
fd88e8bbf5039fed7ffc7da33d1c1442,Donna Suico,@Swagbucks knowledge and religion
fd88e8bbf5039fed7ffc7da33d1c1442,Donna Suico,'@Swagbucks richard nixon, law'
fd88e8bbf5039fed7ffc7da33d1c1dd0,Dragonbreath,H722R beat your score @Swagbucks #sbgames http://t.co/tuGH4OHc
fd88e8bbf5039fed7ffc7da33d1c1dd0,DSG,@swagbucks "D-Loc"  sounds like "deeloke"  #SBRockStar
fd88e8bbf5039fed7ffc7da33d1c2c1d,Duckie,'@Swagbucks I don''t know how I beat your score! But woooow! Fun game!!! I have a new favorite! #sbgames #goaliemuse http://t.co/KXsSSg7I'
fd88e8bbf5039fed7ffc7da33d1c2c1d,Edel Byrne,@swagbucks ebgraphix score - 49807! #SBGamesUK #SBGamesIE http://t.co/NrtUxnL5
fd88e8bbf5039fed7ffc7da33d1c1442,Eileen Rankin,@swagbucks  emr1623 http://t.co/3BbxGr2B
fd88e8bbf5039fed7ffc7da33d1c2773,Eileen Rankin,@Swagbucks  #sbgames  emr1623 http://t.co/XBlF106h
fd88e8bbf5039fed7ffc7da33d1c2773,Elizabeth ,@Swagbucks MinnieLizzy #sbgames http://t.co/iOxAAauZ
fd88e8bbf5039fed7ffc7da33d1c2c1d,Elizabeth ,@Swagbucks MinnieLizzy #sbgames http://t.co/o7FUvshy
fd88e8bbf5039fed7ffc7da33d1c2c1d,Elizabeth ,@swagbucks  MinnieLizzy #sbgames http://t.co/csuhoCj3
fd88e8bbf5039fed7ffc7da33d1c1dd0,Elizabeth Hensley,@Swagbucks Beth0283  #sbgames http://t.co/BkWxBhZh
fd88e8bbf5039fed7ffc7da33d1c2c1d,Elizabeth Mercado,#sbgames @Swagbucks Fun Game!!! (LIZ417) http://t.co/KfdsRaG6
fd88e8bbf5039fed7ffc7da33d1c2773,Elizabeth Oshiro,'@swagbucks @eosh808 #sbgames
Gold Fishing Challenge  http://t.co/QLdO0aKi'
fd88e8bbf5039fed7ffc7da33d1c2773,Ellen,@Swagbucks Gold fishing score! #sbgames (elliesun) http://t.co/kdXd2SSn
fd88e8bbf5039fed7ffc7da33d1c2c1d,Emily Gillaspey,@Swagbucks Swagname: Leodwyn #sbgames http://t.co/7IrYS1pn
fd88e8bbf5039fed7ffc7da33d1c2c1d,Emily Wynn,Harry Potter Lego Years 5-7 has arrived! Yay! And it was free thanks to http://t.co/FJJLk2ql @Swagbucks
fd88e8bbf5039fed7ffc7da33d1c2c1d,Eric Li,@Swagbucks  ericli46 #sbgames http://t.co/BuYAAn0k
fd88e8bbf5039fed7ffc7da33d1c1442,Ericka Ray,@Swagbucks Knowledge and Religion.Richard Nixon University of Cincinnati Law School
fd88e8bbf5039fed7ffc7da33d1c2c1d,Erin Tveito,'@Swagbucks technical problem  Please try again later on.Referrence code: c8a12adf418c6162
Hedgehogett24'
fd88e8bbf5039fed7ffc7da33d1c2773,Evan Carslake,@Swagbucks Got this. brokenhope  #sbgames http://t.co/BtLQZyJp
fd88e8bbf5039fed7ffc7da33d1c1442,EvilScotsman1974,@Swagbucks a great win to get my goal today from searching the hourly random winner #MSBD http://t.co/KKg49X7j
fd88e8bbf5039fed7ffc7da33d1c2c1d,EvilScotsman1974,@Swagbucks finally managed to beat the score #sbgames EvilScotsman1974 http://t.co/ENs6B2hj
fd88e8bbf5039fed7ffc7da33d1c2c1d,EvilScotsman1974,@Swagbucks i made it to level 5 :) #sbgames EvilScotsman1974 http://t.co/yYjtfWxH
fd88e8bbf5039fed7ffc7da33d1c2c1d,Faith Kalmoe,'@Swagbucks bugz2007 beat the Wed. Game Challenge score for Gold Fishing. Fun game, great time killer. Level 6? http://t.co/WPTQxsIz #sbgames'
fd88e8bbf5039fed7ffc7da33d1c2c1d,Fifi,'@Swagbucks Blew away the goal today thanks to a 240 SB survey on PL. &lt;3 you guys, DrFifi'
fd88e8bbf5039fed7ffc7da33d1c2773,flavio gambini ,@Swagbucks !
fd88e8bbf5039fed7ffc7da33d1c2773,FollowMe_Tweet_tweet,@Swagbucks Swagmasterrrr #sbgames http://t.co/xc7ONqk7
fd88e8bbf5039fed7ffc7da33d1c2c1d,Gavin Lee,I got score of 23750 @Swagbucks #sbgames http://t.co/iJTPj6oY
fd88e8bbf5039fed7ffc7da33d1c2773,gene,@Swagbucks J3oo97 #sbgames level 6 whoohoo! http://t.co/t9hUs5T2
fd88e8bbf5039fed7ffc7da33d1c2773,gene,@Swagbucks J3oo97 #sbgames level 6 whoohoo!!! http://t.co/RBitpwXj
fd88e8bbf5039fed7ffc7da33d1c1dd0,Gillian Morgan,@Swagbucks #SBGamesCA gillianmorgan91 http://t.co/cBdbpBfJ
fd88e8bbf5039fed7ffc7da33d1c1c4b,GiveawayGator,RT @Swagbucks: Twitter Trivia starts in ONE HOUR! Enter "Tw1tterTrivia" in the "Gimme" box on the Swagbucks Homepage by 2:30pm PDT for 6 ...
fd88e8bbf5039fed7ffc7da33d1c1442,Glenn Jensen,'@Swagbucks HappyLaborDaySKJ4061, over 280,000'
fd88e8bbf5039fed7ffc7da33d1c1442,Glenn Jensen,'@Swagbucks knowledge and religion,nixon, whittier'
fd88e8bbf5039fed7ffc7da33d1c1c4b,Go Big,RT @Swagbucks: Twitter Trivia is about to start! Remember to reply to @Swagbucks w/your COMPLETE answers! DO NOT Direct Message Swagbucks.
fd88e8bbf5039fed7ffc7da33d1c1dd0,Gregory McKallip,@Swagbucks #sbgames Swagname; Cardb0ardHuman http://t.co/YTpuM3Nu
fd88e8bbf5039fed7ffc7da33d1c2773,Habitual Loser,'"@Swagbucks: If you were a rock star, what would your name be? #SBRockStar" SwagStar McGee :-)  #swagbucks'
fd88e8bbf5039fed7ffc7da33d1c2c1d,Hannah Williams,@Swagbucks ..swagname is williah89!! #sbgames http://t.co/RiS0a3ZR
fd88e8bbf5039fed7ffc7da33d1c2773,Heather,'@Swagbucks So far I, @hderby, have reached 11,965 on Gold Fishing! #sbgames
http://t.co/A1Mw7nGA'
fd88e8bbf5039fed7ffc7da33d1c2c1d,Heather,@Swagbucks #sbgames  Skyrael http://t.co/LHQeIByr
fd88e8bbf5039fed7ffc7da33d1c1442,Heidi,I just won 50 birthday Swag Bucks at http://t.co/BaSt0lIP http://t.co/FH7IHlAJ via @swagbucks
fd88e8bbf5039fed7ffc7da33d1c1442,Heidi ~*,@Swagbucks once AGAIN I MISS TWITTER TRIVIA! May I please have the times/ dates when this occurs? Thank you @swagbucks!
fd88e8bbf5039fed7ffc7da33d1c2773,HP,@Swagbucks harshp02  #sbgames http://t.co/VHqAPzgP
fd88e8bbf5039fed7ffc7da33d1c1442,Iain  McLaren,'@Swagbucks knowledge and religion, Richard Nixon, Whittier college'
fd88e8bbf5039fed7ffc7da33d1c1c4b,Iain  McLaren,'@Swagbucks New York City, Adam Lamberg - Matthew'
fd88e8bbf5039fed7ffc7da33d1c2c1d,Iain  McLaren,@Swagbucks jamaicafan http://t.co/PGcFSIZK
fd88e8bbf5039fed7ffc7da33d1c2c1d,IceCreamMan,@Swagbucks  imawesome22 #sbgames http://t.co/6zVYFKpZ
fd88e8bbf5039fed7ffc7da33d1c2c1d,Inugurl3,@Swagbucks think crust with half extra cheese and half pepoeroni with all onions
fd88e8bbf5039fed7ffc7da33d1c1dd0,Isabel Scott,@Swagbucks is there gunna be another code today?
fd88e8bbf5039fed7ffc7da33d1c1dd0,Isabella Cao,Swagger. @Swagbucks
fd88e8bbf5039fed7ffc7da33d1c2c1d,Izzy,@Swagbucks swag name= IZZY #sbgames http://t.co/qHEpI1HU
fd88e8bbf5039fed7ffc7da33d1c1dd0,jackie/jack,@swagbucks  #sbgames My high score JackieMayhem http://t.co/b7Soors3
fd88e8bbf5039fed7ffc7da33d1c2c1d,Jacob Segalla,@Swagbucks Rocked it! jacobsegalla #sbgames http://t.co/UlfyxSZT
fd88e8bbf5039fed7ffc7da33d1c1dd0,Jake Hyland,@Swagbucks jakejhyland #sbgames http://t.co/wT83Khmk
fd88e8bbf5039fed7ffc7da33d1c1dd0,James Boumgarden,@Swagbucks Jimbou1981 #sbgames http://t.co/cs0Tt30W
fd88e8bbf5039fed7ffc7da33d1c1442,James Harwood,@Swagbucks Dman107 #SBGamesAU http://t.co/l8nJ9M7C
fd88e8bbf5039fed7ffc7da33d1c2c1d,Janet Slater,@Swagbucks  JSlater11 just beat your score!  #sbgames http://t.co/oa6NiFOt
fd88e8bbf5039fed7ffc7da33d1c2773,January Bennett,@Swagbucks #sbgames I scored 22629!! (JannieBee) http://t.co/WHQnXYIC
fd88e8bbf5039fed7ffc7da33d1c1dd0,Jason L,'@Swagbucks #sbgames
My Swag name is jason60069 http://t.co/lwPkr6FF'
fd88e8bbf5039fed7ffc7da33d1c1dd0,Jason Perrigan,@Swagbucks BigDawgJP #sbgames http://t.co/BcHqjHdO
fd88e8bbf5039fed7ffc7da33d1c2773,Jason Perrigan,@Swagbucks Papa Skwatt.    BigDawgJp.   #SBRockStar
fd88e8bbf5039fed7ffc7da33d1c1442,Jason Sheps,@Swagbucks Knowledge and Religion. Richard Nixon.Whittier College.
fd88e8bbf5039fed7ffc7da33d1c1442,Jason Sheps,'@Swagbucks PHOTOBOMB. 280,010'
fd88e8bbf5039fed7ffc7da33d1c1c4b,Jason Sheps,'@Swagbucks 1986. Charlie Conerly.  Clarksdale, Mississippi.'
fd88e8bbf5039fed7ffc7da33d1c1c4b,Jason Sheps,@Swagbucks Radio City Music Hall. Adam Lamberg. Matthew.
fd88e8bbf5039fed7ffc7da33d1c2773,Jay Feather,@Swagbucks #sbgames jayfeather777 is a pretty fun yet addicting game and was able to get to lvl 9 http://t.co/vu1vfZUD
fd88e8bbf5039fed7ffc7da33d1c1442,JC,'@Swagbucks 1986, Charlie Conerly, Clarksdale'
fd88e8bbf5039fed7ffc7da33d1c1442,JC,'@Swagbucks Knowledge and Religion, Richard Nixon, Whittier College'
fd88e8bbf5039fed7ffc7da33d1c1442,JC,'@Swagbucks PHOTOBOMB, 280,010 SB'
fd88e8bbf5039fed7ffc7da33d1c1c4b,JC,'@Swagbucks New York City, Adam lamberg, Matthew'
fd88e8bbf5039fed7ffc7da33d1c2773,Jean Brantley,@Swagbucks My gold fishing score http://t.co/p7XaF1i3 #sbgames master2d
fd88e8bbf5039fed7ffc7da33d1c2c1d,jen morton,@Swagbucks #sbgames jenmorton http://t.co/1XLxbKHC
fd88e8bbf5039fed7ffc7da33d1c2c1d,Jen St. Pierre,@Swagbucks http://t.co/2GCPGP9j
fd88e8bbf5039fed7ffc7da33d1c2773,Jena B.,'@Swagbucks - if I were a rock star, my name would be Copper Lawless - SN - jena333  #SBRockStar'
fd88e8bbf5039fed7ffc7da33d1c2c1d,JeniFurtado,#TTPTP  @Swagbucks #thingsmymotherwouldsay wearing clean underwear during an accident will help from u getting serious injuries! jenipo1982
fd88e8bbf5039fed7ffc7da33d1c2773,Jenna,Swagbucks Goes Social http://t.co/wzaggVpl via @swagbucks
fd88e8bbf5039fed7ffc7da33d1c2c1d,Jennifer Duncan,@Swagbucks  Thank you for my 91 SB.
fd88e8bbf5039fed7ffc7da33d1c1c4b,Jennifer Eckert,RT @Swagbucks: Twitter Trivia starts in ONE HOUR! Enter "Tw1tterTrivia" in the "Gimme" box on the Swagbucks Homepage by 2:30pm PDT for 6 ...
fd88e8bbf5039fed7ffc7da33d1c1dd0,jennifer fox,'@Swagbucks I totally love that reel in the gold game. It''s fun and addictive. I got to level 7. My score was 32,768. Jennifer71112 #sbgames'
fd88e8bbf5039fed7ffc7da33d1c1dd0,jennifer fox,@Swagbucks I tried to upload my screenshot to my tweet but i keep getting an error message saying i did not select a picture when i did.
fd88e8bbf5039fed7ffc7da33d1c1dd0,Jennifer Harmon,@Swagbucks #sbgames jelyha http://t.co/5JD8xZVg
fd88e8bbf5039fed7ffc7da33d1c1442,Jennifer Wilson-Pund,Could these be the three smartest kids in the world? #NASAZeroRobotics  http://t.co/FqqFPsbm via @NASA @swagbucks
fd88e8bbf5039fed7ffc7da33d1c1dd0,Jesus,@Swagbucks  jgarciajr2124  #sbgames Gold Fishing http://t.co/tGww1JP1
fd88e8bbf5039fed7ffc7da33d1c2c1d,Jesus,@Swagbucks jgarciajr2124 #sbgames http://t.co/OOdrbe07
fd88e8bbf5039fed7ffc7da33d1c2773,Jill Herman,@swagbucks jherman #sbgames http://t.co/6SW25IMF
fd88e8bbf5039fed7ffc7da33d1c1c4b,Jillie,'@Swagbucks NYC Radio City Music Hall, Justin Timberlake, Randall'
fd88e8bbf5039fed7ffc7da33d1c1442,jimiwhitten,'@Swagbucks Thanks for posting two of this month''s AGCs.'
fd88e8bbf5039fed7ffc7da33d1c1c4b,jimiwhitten,@Swagbucks Thanks
fd88e8bbf5039fed7ffc7da33d1c1dd0,jimiwhitten,@SwagBucks Thanks for the code!
fd88e8bbf5039fed7ffc7da33d1c2773,jimiwhitten,@SwagBucks Thanks for the code.
fd88e8bbf5039fed7ffc7da33d1c2773,jimiwhitten,@Swagbucks Jimi
fd88e8bbf5039fed7ffc7da33d1c2773,jimiwhitten,@Swagbucks What do you mean "if I were?"
fd88e8bbf5039fed7ffc7da33d1c2c1d,Jin Wong,@Swagbucks Shadowjin #sbgames http://t.co/uKbRFqKn
fd88e8bbf5039fed7ffc7da33d1c1442,John,'@Swagbucks Photobomb, over 280,000'
fd88e8bbf5039fed7ffc7da33d1c1442,John,'@swagbucks Erudition and Religion, Nixon, Whittier College'
fd88e8bbf5039fed7ffc7da33d1c1c4b,John,'@Swagbucks 1990, Charles Albert Conerly, Clarksdale MS'
fd88e8bbf5039fed7ffc7da33d1c1c4b,John,'@swagbucks Radio City Music Hall, Adam Lamberg, Matthew'
fd88e8bbf5039fed7ffc7da33d1c2773,John,'@swagbucks #sbgames Wow, I so well in  this challenge. When are some tournaments for SB''s, I wanna use my skills lol http://t.co/odVPUWHk'
fd88e8bbf5039fed7ffc7da33d1c2773,John Haywood,@Swagbucks i got 39211 on Gold Fishing! I also posted a screenshot on my Twitter like it said to! #SBGames http://t.co/czWyD9BO
fd88e8bbf5039fed7ffc7da33d1c1442,john kimmp,@Swagbucks  Whittier College
fd88e8bbf5039fed7ffc7da33d1c2c1d,John Singer,@Swagbucks Sauceboss88 #sbgames http://t.co/WW3J9Cus
fd88e8bbf5039fed7ffc7da33d1c1dd0,Jordan Beck,@swagbucks just beat your high score #sbgames swag name jb04 http://t.co/tP6SsiHy
fd88e8bbf5039fed7ffc7da33d1c2773,Jordan Beck,@Swagbucks you are awesome thnk you for all the redemable prizes and stuff
fd88e8bbf5039fed7ffc7da33d1c2c1d,Joseph Cawley,@Swagbucks CaptainJoseph #sbgames http://t.co/lSaijKS5
fd88e8bbf5039fed7ffc7da33d1c2c1d,josh johnson,@Swagbucks kife76 #sbgames http://t.co/UBDzGzDD
fd88e8bbf5039fed7ffc7da33d1c1dd0,Josh Rankin,@Swagbucks the Vanilla Thrilla.... the whitest around!
fd88e8bbf5039fed7ffc7da33d1c1442,Joshua Johannesen,'@Swagbucks 1986, Johnny Unitas, Pittsburgh, PA'
fd88e8bbf5039fed7ffc7da33d1c1442,Joshua Johannesen,'@Swagbucks Erudition and Religion, Nixon, Whittier'
fd88e8bbf5039fed7ffc7da33d1c1c4b,Joshua Johannesen,'@Swagbucks Just a heads-up, because I suspect this is a typo. 2:30pm PDT was... 5 minutes ago. Maybe you meant 3:30 pm PDT?'
fd88e8bbf5039fed7ffc7da33d1c1c4b,Joshua Johannesen,'@Swagbucks Radio City Music Hall, Adam Lamberg, Matthew'
fd88e8bbf5039fed7ffc7da33d1c2773,Joshua Johannesen,http://t.co/wwSUz6me - @Swagbucks faronheights Second time around. Good game. #sbgames
fd88e8bbf5039fed7ffc7da33d1c2c1d,Joy Cant Remember S-,'@Swagbucks Haven''t played any "fishing" game since myspace was relevant. #sbgames joy2008 http://t.co/jaYlCDCv'
fd88e8bbf5039fed7ffc7da33d1c1dd0,joy morris,@Swagbucks  my swag name is joysangels05 #sbgames http://t.co/4oHzwVRl
fd88e8bbf5039fed7ffc7da33d1c1dd0,Judy Showers,@swagbucks fiddlerfrog #sbgames http://t.co/houdbaUq
fd88e8bbf5039fed7ffc7da33d1c1442,Judy Talley,@Swagbucks Trivia swaggers...Sooo fast!! Are they asking Siri??? hahahaha
fd88e8bbf5039fed7ffc7da33d1c1dd0,Judy Talley,'@Swagbucks Swaggi Lippstikk Moonstar stayin and playin the Swaggame all night long!! Ain''t nobody bad like me!!'
fd88e8bbf5039fed7ffc7da33d1c1dd0,Julie Hernandez,@Swagbucks in need of some swagbucks :D
fd88e8bbf5039fed7ffc7da33d1c2c1d,Julie S.,@Swagbucks username: wickedness FUN GAME!!! #sbgames http://t.co/Hrdu6yHl
fd88e8bbf5039fed7ffc7da33d1c2c1d,Julie S.,@js_useless @Swagbucks Oh I got to level 4 I think!
fd88e8bbf5039fed7ffc7da33d1c2773,Justin,@swagbucks hrjustinptc #sbgames http://t.co/ma22851H
fd88e8bbf5039fed7ffc7da33d1c2c1d,Justin Smith,@Swagbucks  hit 30562 on "Reel in the gold"  #SBGamesUK http://t.co/7v1yDXiQ
fd88e8bbf5039fed7ffc7da33d1c1dd0,K. Millie,@swagbucks #sbgames and my name is kaitwalk923. i love this game. i used to play it all the time on another website! http://t.co/ySZrej43
fd88e8bbf5039fed7ffc7da33d1c1c4b,kate gramlich,'@Swagbucks - Just earned 22 SB for researching my own business project page! That''s freaking awesome :D'
fd88e8bbf5039fed7ffc7da33d1c2c1d,kathi blount,'@Swagbucks Level 9! Loving this game, Gold Fishing! Squatchlover #sbgames http://t.co/Puvq8dC4'
fd88e8bbf5039fed7ffc7da33d1c1c4b,Kathy Nguyen,'@Swagbucks  New York City''s Radio City Music Hall. Justin Timberlake, Randall - ililkay'
fd88e8bbf5039fed7ffc7da33d1c1dd0,Kedric M. Scherle,@Swagbucks raptorked #sbgames http://t.co/lsLG8O7w
fd88e8bbf5039fed7ffc7da33d1c1dd0,keith,@Swagbucks #sbgames yodaa2005 http://t.co/t1HG2ue2
fd88e8bbf5039fed7ffc7da33d1c2773,Kelly,'Hey @Swagbucks -- I beat you, but not by much! User name = Lumo. #sbgames  http://t.co/MiCH1ci4'
fd88e8bbf5039fed7ffc7da33d1c1dd0,Kelly McNeese,@Swagbucks  Dtoutie21 #SBGames http://t.co/Iv1AJ6AJ
fd88e8bbf5039fed7ffc7da33d1c1442,kelster,'@Swagbucks Knowledge and Religion, Richard nixon, Whittier College'
fd88e8bbf5039fed7ffc7da33d1c1c4b,kelster,'@Swagbucks 1986, Charlie Conerly, Clarksdale'
fd88e8bbf5039fed7ffc7da33d1c1c4b,kelster,'@Swagbucks psst It''s already after 2:30PDT'
fd88e8bbf5039fed7ffc7da33d1c1c4b,kelster,@swagbucks Wow! I won 59SB on a search. Stunned and happy! - PsychoTwin http://t.co/imYr7lCs
fd88e8bbf5039fed7ffc7da33d1c2773,Ken Dobbs,@Swagbucks I would be Silky Leatherpants #SBRockStar kgd1974
fd88e8bbf5039fed7ffc7da33d1c2c1d,Kendall Rummell,@Swagbucks lancer4life #sbgames http://t.co/3cCtF4TK
fd88e8bbf5039fed7ffc7da33d1c1c4b,Kevin,'@Swagbucks  played the new game yesterday, beat the score and got hooked up with 100 SB..Thanks so much. is a great game'
fd88e8bbf5039fed7ffc7da33d1c2773,Kevin,@Swagbucks Just beat the score. Great game. Really fun! RocketDog75 #SBGames http://t.co/SsYj9inV
fd88e8bbf5039fed7ffc7da33d1c2c1d,Kevin,'@Swagbucks Just beat the score. Great game. Really fun! 
RocketDog75 #sbgames http://t.co/SsYj9inV'
fd88e8bbf5039fed7ffc7da33d1c2c1d,Kevin,@Swagbucks MachinerRotarz #SBGamesUK http://t.co/qNfmbT1C
fd88e8bbf5039fed7ffc7da33d1c2773,Kevin Verzosa,@Swagbucks #SBGames High schore http://t.co/PShgFkVc
fd88e8bbf5039fed7ffc7da33d1c1c4b,Kimberly,@Swagbucks Whohoo! 40 SBs for searching! My 11 year is gonna have a great Christmas thanks to you guys! #Swagbucks
fd88e8bbf5039fed7ffc7da33d1c2c1d,Kimberly Sheen,'@Swagbucks the new game is surprisingly fun! I can''t believe I beat your score! (ksheen) #sbgames http://t.co/Un3CAZbD'
fd88e8bbf5039fed7ffc7da33d1c1c4b,Kinfolkz,RT @Swagbucks: Twitter Trivia starts in ONE HOUR! Enter "Tw1tterTrivia" in the "Gimme" box on the Swagbucks Homepage by 2:30pm PDT for 6 ...
fd88e8bbf5039fed7ffc7da33d1c2773,Kinfolkz,@Swagbucks I scored 41081 #sbgames swagname: kinfolkz361 http://t.co/aA2f9XZ2
fd88e8bbf5039fed7ffc7da33d1c1c4b,Kishan Patel,@Swagbucks Beat you! ;-) http://t.co/UtBs25OE
fd88e8bbf5039fed7ffc7da33d1c1c4b,Krista Wiech,@Swagbucks a little too late to be posting that :(
fd88e8bbf5039fed7ffc7da33d1c1dd0,KVB,'@Swagbucks #SBRockStar byrdrocks!
Kbyrd132'
fd88e8bbf5039fed7ffc7da33d1c2773,L Lykowski,@Swagbucks My awesome Gone Gold Fishing Score by momski2two. #sbgames http://t.co/HQUzfhCc
fd88e8bbf5039fed7ffc7da33d1c1442,laks,'@Swagbucks 1987, johnny unitas'
fd88e8bbf5039fed7ffc7da33d1c1c4b,laks,'@Swagbucks Velodrome, Abuja in Nigeria. Actor : Jamie Lee Curtis. Middle name is Lee #Laksu'
fd88e8bbf5039fed7ffc7da33d1c1dd0,Latka Dreamari,Totally smashed the @Swagbucks high score &amp; hit level 5! ^_^ User: latkadreamari #sbgames http://t.co/kzN5gLRT
fd88e8bbf5039fed7ffc7da33d1c1c4b,lauren,'@Swagbucks 1987, Charley Conerly, Clarksdale (woodcomb)'
fd88e8bbf5039fed7ffc7da33d1c1c4b,lauren,'if my @swagbucks surveys are gonna error can they at least do it in the beginning and not when i''m clsoe to being done????/'
fd88e8bbf5039fed7ffc7da33d1c1dd0,Lexi Clark,@LexiClark6 @Swagbucks  I am PhishPhry on Swagbucks :)
fd88e8bbf5039fed7ffc7da33d1c1dd0,Lexi Clark,'@Swagbucks #sbgames I beat your score of 11,583 :) http://t.co/l8dlsAFg'
fd88e8bbf5039fed7ffc7da33d1c2c1d,Libbi Zinger,@Swagbucks awesome game!  libbiann7 #sbgames http://t.co/atdulvJG
fd88e8bbf5039fed7ffc7da33d1c1442,Lily Ivey,I just won 10 @SwagBucks by Searching the web at http://t.co/cCbfw8tF.  http://t.co/FZ0WBLhs
fd88e8bbf5039fed7ffc7da33d1c2c1d,LinaKellyJellyNagra,@Swagbucks swag name:lin177 #SBGamesUK http://t.co/Jpa5lFpv
fd88e8bbf5039fed7ffc7da33d1c1442,Linda Davison,I just won 10 @SwagBucks by Searching the web at #Swagbucks  http://t.co/7TQAGfue
fd88e8bbf5039fed7ffc7da33d1c2773,Linda Davison,I just won 9 @SwagBucks by Searching the web at #Swagbucks http://t.co/7TQAGfue
fd88e8bbf5039fed7ffc7da33d1c2c1d,Linda Davison,I just won 14 @SwagBucks by Searching the web at #Swagbucks.com.  http://t.co/7TQAGfue
fd88e8bbf5039fed7ffc7da33d1c1dd0,Lisa Colbert,'LOVIN'' @swagbucks! I just won 47 Swag Bucks by Searching the web at   http://t.co/OHyDtc3s'
fd88e8bbf5039fed7ffc7da33d1c1c4b,Lisa L.,'@Swagbucks 1986, Charlie Conerly, Clarksdale, MS'
fd88e8bbf5039fed7ffc7da33d1c1dd0,Lisa Loughney,@RyeBreadJB16 @Swagbucks So did you make friends?
fd88e8bbf5039fed7ffc7da33d1c1c4b,Liz ,RT @Swagbucks: Twitter Trivia starts in ONE HOUR! Enter "Tw1tterTrivia" in the "Gimme" box on the Swagbucks Homepage by 2:30pm PDT for 6 ...
fd88e8bbf5039fed7ffc7da33d1c1dd0,Liz Lee,@Swagbucks Elizabeth Lee #sbgames L1218 http://t.co/3FbrGyZU
fd88e8bbf5039fed7ffc7da33d1c2773,lizzkev67,@Swagbucks I just beat your score at gold fishin - lizzkev67
fd88e8bbf5039fed7ffc7da33d1c1dd0,lora,'Had an awesome day on @Swagbucks !!! Most I have made in a day in a long time! 306 sb''s earned http://t.co/ZE0KCY56'
fd88e8bbf5039fed7ffc7da33d1c2c1d,lori bower,loribwr2002 @Swagbucks What a fun game #sbgames http://t.co/HyzFa3OQ
fd88e8bbf5039fed7ffc7da33d1c1442,Lucas Laranjeiro ,@Swagbucks follow me :) pleaseee
fd88e8bbf5039fed7ffc7da33d1c1442,Lucas Laranjeiro ,'@Swagbucks photobomb, and 280,000 swagbucks Fatal1998'
fd88e8bbf5039fed7ffc7da33d1c1c4b,Lucas Laranjeiro ,@Swagbucks Fatal1998 #sbgames http://t.co/rI5uW78s
fd88e8bbf5039fed7ffc7da33d1c1c4b,Lucas Laranjeiro ,RT @Swagbucks: Twitter Trivia starts in ONE HOUR! Enter "Tw1tterTrivia" in the "Gimme" box on the Swagbucks Homepage by 2:30pm PDT for 6 ...
fd88e8bbf5039fed7ffc7da33d1c1c4b,Luke Barber,@Swagbucks Please can i have a RT because it is my birthday tommorow or some swagbucks
fd88e8bbf5039fed7ffc7da33d1c2c1d,Lydia,@Swagbucks #sbgames swagname: MrsJones67 :) http://t.co/Q8uIdqz0
fd88e8bbf5039fed7ffc7da33d1c2c1d,Lydia,'In the last two months I''ve earned $50 in http://t.co/zztI6aO0 gift cards! Thank you @Swagbucks !!!'
fd88e8bbf5039fed7ffc7da33d1c2c1d,MacKenzie Bryan,'@Swagbucks -kenzie22ak
Gold Mining Game Challenge http://t.co/mii9XXVz via @TwitPic'
fd88e8bbf5039fed7ffc7da33d1c2773,mandy,@swagbucks here is my score- swagname westsyde1 #sbgames http://t.co/lr8exDMU
fd88e8bbf5039fed7ffc7da33d1c1dd0,MargaritaBarbie,'@Swagbucks #sbgames Swagname 990701 took a few but finally beat the score with 12,718 http://t.co/Mcv7MpLE'
fd88e8bbf5039fed7ffc7da33d1c1dd0,Marie Pitts,@Swagbucks #sbgames Gold Fishing score for user carpediem5790 (arlene marie pitts) photo attached http://t.co/KOQSdoba
fd88e8bbf5039fed7ffc7da33d1c1c4b,Marion Weston,@Swagbucks how could you post this only 5mins ago when est time was up?  :(
fd88e8bbf5039fed7ffc7da33d1c2773,Marissa Skonie,@Swagbucks Username: mskonie #sbgames http://t.co/YL8UZqWD
fd88e8bbf5039fed7ffc7da33d1c1c4b,Market Health,@Swagbucks Thanks for the info. I am there. =)
fd88e8bbf5039fed7ffc7da33d1c1c4b,Market Health,RT @Swagbucks: Twitter Trivia starts in ONE HOUR! Enter "Tw1tterTrivia" in the "Gimme" box on the Swagbucks Homepage by 2:30pm PDT for 6 ...
fd88e8bbf5039fed7ffc7da33d1c1442,Mary Schroeder,RT @Swagbucks: The first Question is worth 50 Swag Bucks to the first 4 correct responders.
fd88e8bbf5039fed7ffc7da33d1c2c1d,Mary Sheldon Kreft,@Swagbucks #sbgames Swag name marebear467. Did my best! http://t.co/EfHRCDX5
fd88e8bbf5039fed7ffc7da33d1c1dd0,Matthew Childs,I just won 50 birthday Swag Bucks at http://t.co/BMH6jSvW http://t.co/mkki1iwj via @swagbucks
fd88e8bbf5039fed7ffc7da33d1c1442,Matthew Miner,'@Swagbucks Knowledge and Religion, Nixon, Whittier College'
fd88e8bbf5039fed7ffc7da33d1c1c4b,Matthew Miner,'@Swagbucks 1986, Charlie Conerly,  Clarksdale, Mississippi'
fd88e8bbf5039fed7ffc7da33d1c2773,Matthew Miner,'@Swagbucks I just got 23949 on my first try. :P I think it was level 7. I''m Ullallulloo on SwagBucks too. #sbgames http://t.co/G0tkZ1Ux'
fd88e8bbf5039fed7ffc7da33d1c1442,mdavilavossmer,Woot! @Swagbucks http://t.co/V5qEZMWP
fd88e8bbf5039fed7ffc7da33d1c2773,Megan:D,@Swagbucks #sbgames 1DMegan1D http://t.co/PLU7SfDE
fd88e8bbf5039fed7ffc7da33d1c2c1d,Melanie Emile,@Swagbucks Swag name:Kixxen Gold fishing! #SBGamesCA http://t.co/DYmPBZJV
fd88e8bbf5039fed7ffc7da33d1c2773,Melissa  C.,@Swagbucks yay! beat your gold fishing score! #sbgames - moxymomma http://t.co/kQlMl3Mc
fd88e8bbf5039fed7ffc7da33d1c2773,Melissa Payne,@Swagbucks Swag Name: Payne5 #sbgames Gold Fishing High Score for me! http://t.co/Rs4xRfj7
fd88e8bbf5039fed7ffc7da33d1c1442,Melissa S.,I just won 50 birthday Swag Bucks at http://t.co/oOPOgauD http://t.co/amAVXqWu via @swagbucks
fd88e8bbf5039fed7ffc7da33d1c2c1d,Melissa Wallace,'@Swagbucks mlwallace22
#sbgames http://t.co/0andDDRm'
fd88e8bbf5039fed7ffc7da33d1c1442,Meredith,'@Swagbucks PHOTOBOMB, 280,000'
fd88e8bbf5039fed7ffc7da33d1c1c4b,Meredith,'@Swagbucks  Radio City Music Hall in New York City, Adam Lamberg, Matthew'
fd88e8bbf5039fed7ffc7da33d1c1c4b,Meredith,'@Swagbucks 1986, Charlie Conerly, Clarksdale, Mississippi'
fd88e8bbf5039fed7ffc7da33d1c2773,Michael folan,@swagbucks Rustful #sbgames  http://t.co/KnaBLy5C
fd88e8bbf5039fed7ffc7da33d1c1442,Michelle Armas,'@Swagbucks PHOTOBOMB, 280,000'
fd88e8bbf5039fed7ffc7da33d1c1c4b,Michelle Armas,@Swagbucks #BraggableBargain (michellearmas)
fd88e8bbf5039fed7ffc7da33d1c1c4b,Michelle Armas,'@Swagbucks NYC, Adam Lamberg, Matthew'
fd88e8bbf5039fed7ffc7da33d1c1dd0,Michelle dunajcik,'@Swagbucks , sweet swagger sister is my rockd start name!  #SBRockStar'
fd88e8bbf5039fed7ffc7da33d1c2c1d,Michelle dunajcik,whoo hoo made the score to beat.  Michelle #sbgames @swagbucks http://t.co/tK47plox
fd88e8bbf5039fed7ffc7da33d1c2773,Michelle Hackl,@Swagbucks ggandcgsmommy  #sbgames http://t.co/4O49B76c
fd88e8bbf5039fed7ffc7da33d1c2773,Mika Villas,@SwagBucks Mika Villas #sbgames http://t.co/HJAYdhEk
fd88e8bbf5039fed7ffc7da33d1c2773,Mike Evans,'@Swagbucks Mike, because like Slash, having one name is cool :)'
fd88e8bbf5039fed7ffc7da33d1c1c4b,Mindy,@Swagbucks radio city music hall newyork
fd88e8bbf5039fed7ffc7da33d1c2773,Mindy Striplin,@Swagbucks Swagalicious Swag Dogg would be my #RockStar name! mindystriplin
fd88e8bbf5039fed7ffc7da33d1c2773,MistySunrise,'@Swagbucks my swag name is mistysunrise and I got 21,361 #sbgames http://t.co/cmkuUuyg'
fd88e8bbf5039fed7ffc7da33d1c1dd0,mitchell eastman,@swagbucks #sbgames user name: meast001 http://t.co/pKrBNFuV
fd88e8bbf5039fed7ffc7da33d1c1dd0,montyp,@Swagbucks Hooray for some mega swag bucks! http://t.co/BwSPVFeE
fd88e8bbf5039fed7ffc7da33d1c1442,mtaclof,@Swagbucks Knowledge and Religion. Richard Nixon. Whittier College.
fd88e8bbf5039fed7ffc7da33d1c1c4b,mtaclof,'@Swagbucks 1986. Charlie Conerly. Born Clarksdale, Mississippi.'
fd88e8bbf5039fed7ffc7da33d1c1c4b,mtaclof,@Swagbucks Radio City Music Hall in New York City. Justin Timberlake was the actor. Middle name Randall.
fd88e8bbf5039fed7ffc7da33d1c1dd0,MTalley,@swagbucks Mardi Gras is my rockstar would be name
fd88e8bbf5039fed7ffc7da33d1c2773,Muhammad Belmokhtar,@Swagbucks guyguy2- went Gold fishing  #sbgames http://t.co/OELjivSP
fd88e8bbf5039fed7ffc7da33d1c2773,nabil jaffer,@Swagbucks swagname: nabilj #SBGamesCa http://t.co/37iwu2pU
fd88e8bbf5039fed7ffc7da33d1c1442,Nathan Cho,@Swagbucks It was actually 1987...
fd88e8bbf5039fed7ffc7da33d1c1442,Nathan Cho,'@Swagbucks PHOTOBOMB 280,010'
fd88e8bbf5039fed7ffc7da33d1c1c4b,Nathan Cho,@Swagbucks 1987; Charley Conerly; Clarksdale
fd88e8bbf5039fed7ffc7da33d1c1c4b,Nathan Cho,'@Swagbucks Radio City Music Hall, Adam Lamberg, Matthew'
fd88e8bbf5039fed7ffc7da33d1c1dd0,Nicholas David Moon,@Swagbucks Am I allowed to take a pic with my iPod and upload it for #sbgames?
fd88e8bbf5039fed7ffc7da33d1c1dd0,Nicholas David Moon,'@Swagbucks Here''s my screenshot. My swag name is Nick624 #sbgames http://t.co/HMLg0fME'
fd88e8bbf5039fed7ffc7da33d1c1442,Nicole,I just won 50 birthday Swag Bucks at http://t.co/0N8bc5M6 http://t.co/bpVvjpis via @swagbucks
fd88e8bbf5039fed7ffc7da33d1c2773,Nicole Williams,@Swagbucks stardustbl57 #sbgames http://t.co/IjmCSCuB
fd88e8bbf5039fed7ffc7da33d1c1c4b,Pamela Taylor,@Swagbucks TY FOR THE 2 CODES TODAY1 =)
fd88e8bbf5039fed7ffc7da33d1c1c4b,Pamela Taylor,RT @whatzwild7: @Swagbucks thx for the code
fd88e8bbf5039fed7ffc7da33d1c2773,Pamela Taylor,RT @jimiwhitten: @SwagBucks Thanks for the code.
fd88e8bbf5039fed7ffc7da33d1c2773,Parker LaBoiteaux,@Swagbucks PikeParker24 #sbgames http://t.co/Kv2LPexn
fd88e8bbf5039fed7ffc7da33d1c2773,Parker LaBoiteaux,@Swagbucks PikeParker24 #sbgames http://t.co/gyNqdkkI
fd88e8bbf5039fed7ffc7da33d1c1dd0,Pascal,'@Swagbucks from prong333 
hashtag #sbgames http://t.co/PGP2HnP7'
fd88e8bbf5039fed7ffc7da33d1c1dd0,pat holstein,@Swagbucks pat012345 #sbgames http://t.co/Iq61Vfeq
fd88e8bbf5039fed7ffc7da33d1c2773,Patricia W,@Swagbucks celtmaidn #sbgames http://t.co/S6iVZQMh
fd88e8bbf5039fed7ffc7da33d1c1442,Peannut,@Swagbucks Knowledge and Religion Richard Nixon Whittier College
fd88e8bbf5039fed7ffc7da33d1c1442,Peannut,@Swagbucks PHOTOBOMB  280000
fd88e8bbf5039fed7ffc7da33d1c1c4b,Peannut,'@Swagbucks 1986
 Charlie Conerly
Clarksdale'
fd88e8bbf5039fed7ffc7da33d1c1c4b,Peannut,'@Swagbucks New York City''s Radio City Music Hall.    	
Adam Lamberg
Matthew'
fd88e8bbf5039fed7ffc7da33d1c1dd0,PODYGIN,@Swagbucks    GillanLavery   #sbgames http://t.co/HhHNPHJL
fd88e8bbf5039fed7ffc7da33d1c1dd0,Rachel ,'@Swagbucks bought the ##BraggableBargain Starbucks gift certificate for only 535 SBs today. I can''t wait to use it!'
fd88e8bbf5039fed7ffc7da33d1c2c1d,Rachel B,@Swagbucks swagname: weeping4you #sbgames http://t.co/CJqWrBMC
fd88e8bbf5039fed7ffc7da33d1c2c1d,Rae,@Swagbucks you ever seen a grouse painting his house while dancing with a mouse?  #TTPTP  #thingsmymotherwouldsay
fd88e8bbf5039fed7ffc7da33d1c1c4b,Randy Classen,'@Swagbucks 1986, Johnny Unitas, Pittsburgh, PA'
fd88e8bbf5039fed7ffc7da33d1c1442,Raonaid Luckwell,I just won 50 birthday Swag Bucks at http://t.co/jdJTFXPr http://t.co/R99hvFBv via @swagbucks
fd88e8bbf5039fed7ffc7da33d1c1dd0,Rebecca ,@Swagbucks MichaelEstep #sbgames http://t.co/VZ7nfA9g
fd88e8bbf5039fed7ffc7da33d1c1dd0,Rebecca ,http://t.co/nuO46IE1 - @Swagbucks MichaelEstep
fd88e8bbf5039fed7ffc7da33d1c1442,Renae Chiovaro,I just won 50 birthday Swag Bucks at http://t.co/CPAwoTYp http://t.co/54SlNwg0 via @swagbucks
fd88e8bbf5039fed7ffc7da33d1c2c1d,Rhonda Reno,@Swagbucks got to level 9 http://t.co/WbrW1dAU
fd88e8bbf5039fed7ffc7da33d1c1dd0,Richard,'@Swagbucks 

Swaganator1111  - Swagbucks name

HA! I BeAT YOUR GUYS SCORE :) 
Fun time trying. http://t.co/0sWHBki7'
fd88e8bbf5039fed7ffc7da33d1c1dd0,Richard,'@Swagbucks 

Thanks for everything guys !!!! You are the best. In the wild wild west
From - Swaganator1111'
fd88e8bbf5039fed7ffc7da33d1c1dd0,Richardson Mah,'@Swagbucks Today''s #SBGamesCA challenge was tougher than usual, but just as fun! Swagname: YukFai http://t.co/erjAEVsj'
fd88e8bbf5039fed7ffc7da33d1c1442,Robbin Bowser,@Swagbucks
fd88e8bbf5039fed7ffc7da33d1c2773,Roseann Dixon,@Swagbucks with MrsDixon87#sbgames http://t.co/apDulRyH
fd88e8bbf5039fed7ffc7da33d1c2c1d,Roseann Dixon,@Swagbucks with MrsDixon87 hashtag #sbgames http://t.co/1AV8p7MM
fd88e8bbf5039fed7ffc7da33d1c1dd0,Rosemary Zagar,@Swagbucks Here is my high score for #sbgames screen name derbyqueen http://t.co/QtIE3euM
fd88e8bbf5039fed7ffc7da33d1c2773,Rosie Wilson,@Swagbucks #SBGames I beat the score!  sunyrose http://t.co/b6x7G56X
fd88e8bbf5039fed7ffc7da33d1c1dd0,Ryan Whitcomb,@Swagbucks sickness1088 #sbgames http://t.co/B0LzHr51
fd88e8bbf5039fed7ffc7da33d1c2773,Ryan Yu,@Swagbucks #sbgames Yusuke61 http://t.co/DnczmDyd
fd88e8bbf5039fed7ffc7da33d1c1dd0,sam fausel,@Swagbucks #sbgame Alana http://t.co/HlQzVqFE
fd88e8bbf5039fed7ffc7da33d1c2c1d,Sarah Hroszowy,http://t.co/EfneAi6I - @swagbucks #sbgames woot woot swag name (wickeder) fun game!
fd88e8bbf5039fed7ffc7da33d1c1dd0,Savannah Berniquez,@Swagbucks #sbgames Swagname is TalkityC http://t.co/yaDEkYBP
fd88e8bbf5039fed7ffc7da33d1c2773,scott konieczny,'@Swagbucks 
swagname: scottkon
#sbgames http://t.co/LyF4DEOq'
fd88e8bbf5039fed7ffc7da33d1c1442,scott38829,'@Swagbucks 1990,Johnny Unitas,Pittsburgh, Pennsylvania'
fd88e8bbf5039fed7ffc7da33d1c1c4b,scott38829,'@Swagbucks Adam Matthew Lamberg , Radio City Music Hall in New York City'
fd88e8bbf5039fed7ffc7da33d1c2773,Shannon Bradley,@Swagbucks If I were a rock star my name would be -on (dashon) #SBRockStar
fd88e8bbf5039fed7ffc7da33d1c2773,Shannon Bradley,@Swagbucks Thank you!
fd88e8bbf5039fed7ffc7da33d1c2773,Shannon Fowler,@Swagbucks Cwducky07 #sbgames http://t.co/SKLbxRoh
fd88e8bbf5039fed7ffc7da33d1c1442,Shelby Albright,'@Swagbucks knowledge and religion, Nixon, Whittier college'
fd88e8bbf5039fed7ffc7da33d1c2773,Shell Holland,@Swagbucks I beat your score in #sbgames  I used to be addicted to a similar game! -shelilah http://t.co/SbbiLSUZ
fd88e8bbf5039fed7ffc7da33d1c1442,Sonia Black,@Swagbucks Knowledge and Religion - Richard Nixon -- Brigham Young University
fd88e8bbf5039fed7ffc7da33d1c1c4b,Sonia Black,@Swagbucks 1986 - Willie Mays - Westfield
fd88e8bbf5039fed7ffc7da33d1c1c4b,Sonia Black,@Swagbucks Radio City Music Hall - Adam Lamberg - Matthew
fd88e8bbf5039fed7ffc7da33d1c2c1d,stephanie,@swagbucks I just beat the score.#sbgames  SN: poet1959 http://t.co/JvUohCNT
fd88e8bbf5039fed7ffc7da33d1c2c1d,Stephanie,@Swagbucks That was a fun game!  Got to level 6 and beat the score!  #SBGames (mrsactuarial) http://t.co/Vb8cB0L7
fd88e8bbf5039fed7ffc7da33d1c1442,Stephanie Abrahams,@Swagbucks Knowledge and Religion; Richard Nixon; Whittier
fd88e8bbf5039fed7ffc7da33d1c1442,Stephanie Abrahams,@Swagbucks No fair. Wikipedia says 1986. poop.
fd88e8bbf5039fed7ffc7da33d1c1442,Stephanie Abrahams,'@Swagbucks PHOTOBOMB; 280,010 SB'
fd88e8bbf5039fed7ffc7da33d1c1c4b,Stephanie Abrahams,'@Swagbucks 1986; Charlie Conerly; Clarksdale, Mississippi'
fd88e8bbf5039fed7ffc7da33d1c1c4b,Stephanie Abrahams,@Swagbucks Radio City Music Hall; Adam lamberg; Matthew
fd88e8bbf5039fed7ffc7da33d1c1c4b,Stephanie Abrahams,@Swagbucks You posted this at 2:31pm PDT... just sayin
fd88e8bbf5039fed7ffc7da33d1c2c1d,Stephanie Abrahams,@Swagbucks #SBGames Awesome game! Got my score on level 5! [sla819] http://t.co/v9JqPhUi
fd88e8bbf5039fed7ffc7da33d1c2c1d,Stephen Wu,'@Swagbucks Reel In The Gold, Score 16829.   #sbgames #Swagbucks.  Swag Name:  Stephen808 http://t.co/WaKkuklj'
fd88e8bbf5039fed7ffc7da33d1c2c1d,Stephen Wu,'@Swagbucks Reel In The Gold, Score 58649, in ten tries. Beat that! #sbgames #Swagbucks. Swag Name: Stephen808 http://t.co/0dUkVTLv'
fd88e8bbf5039fed7ffc7da33d1c1c4b,Suzanne Kilmer,@Swagbucks #sbgames skilmer So Cool! High Score! http://t.co/BcpxFDV1
fd88e8bbf5039fed7ffc7da33d1c1c4b,Suzanne Kilmer,@Swagbucks #sbgames skilmer So Cool! High Score! http://t.co/W6sgQyU0
fd88e8bbf5039fed7ffc7da33d1c1c4b,Suzanne Kilmer,@Swagbucks #sbgames skilmer So Cool! High Score! http://t.co/WRcydxbC
fd88e8bbf5039fed7ffc7da33d1c1c4b,Suzanne Kilmer,@Swagbucks #sbgames skilmer So Cool! http://t.co/VxaWxil3
fd88e8bbf5039fed7ffc7da33d1c1c4b,Suzanne Kilmer,@Swagbucks #sbgames skilmer So Cool! http://t.co/WaE78i4a
fd88e8bbf5039fed7ffc7da33d1c1c4b,Suzanne Kilmer,@Swagbucks #sbgames skilmer So Cool! http://t.co/iAe3Zy40
fd88e8bbf5039fed7ffc7da33d1c1c4b,Suzanne Kilmer,@Swagbucks #sbgames skilmer So Cool! http://t.co/oKOJY8cE
fd88e8bbf5039fed7ffc7da33d1c1dd0,Suzanne Kilmer,@Swagbucks #sbgames skilmer  So Cool! http://t.co/LiPDKYZq
fd88e8bbf5039fed7ffc7da33d1c1dd0,Suzanne Kilmer,@Swagbucks #sbgames skilmer  So much fun!  Getting better! http://t.co/XojkVGcw
fd88e8bbf5039fed7ffc7da33d1c1dd0,Suzanne Kilmer,@Swagbucks #sbgames skilmer  So much fun! http://t.co/NnLDJHbk
fd88e8bbf5039fed7ffc7da33d1c1dd0,Suzanne Kilmer,@Swagbucks #sbgames skilmer  So much fun! http://t.co/NnLDJHbk via @TwitPic
fd88e8bbf5039fed7ffc7da33d1c2773,Suzi Livingston,JeramyE #sbgames @Swagbucks http://t.co/fk4xKubK
fd88e8bbf5039fed7ffc7da33d1c1c4b,Swagbucks.com,Twitter Trivia is about to start! Remember to reply to @Swagbucks w/your COMPLETE answers! DO NOT Direct Message Swagbucks.
fd88e8bbf5039fed7ffc7da33d1c2773,Swagbucks.com,RT @jordanbeck4: @Swagbucks you are awesome thnk you for all the redemable prizes and stuff
fd88e8bbf5039fed7ffc7da33d1c2773,Swagbucks.com,RT @mindymstriplin: @Swagbucks Swagalicious Swag Dogg would be my #RockStar name! mindystriplin
fd88e8bbf5039fed7ffc7da33d1c1dd0,T,@Swagbucks xtreme4jc level 11 #sbgames http://t.co/yl8CMute
fd88e8bbf5039fed7ffc7da33d1c2773,T,@Swagbucks xtreme4jc got to level 4 #sbgames http://t.co/rd9c07cO
fd88e8bbf5039fed7ffc7da33d1c2773,T,@Swagbucks xtreme4jc got to level 9 in Gold Fishing #sbgames http://t.co/qFbUuA3V
fd88e8bbf5039fed7ffc7da33d1c2c1d,Tabatha Reagin,@Swagbucks I have a better one that I would like to use instead! #sbgames my swag bucks name is tabathar http://t.co/dh71viDu
fd88e8bbf5039fed7ffc7da33d1c1442,Tanis Sergeew,Thanks to @Swagbucks I can get $300 for @Amazon &amp; $300 in @PayPalCA for free &amp; easy! Check it out: http://t.co/03yuCqWM  #win
fd88e8bbf5039fed7ffc7da33d1c1dd0,Tanis Sergeew,Thanks to @Swagbucks I can get $300 for @Amazon &amp; $300 in @PayPalCA for free &amp; easy! Check it out: http://t.co/03yuCqWM  #win
fd88e8bbf5039fed7ffc7da33d1c2c1d,Tanis Sergeew,Thanks to @Swagbucks I can get $300 for @Amazon &amp; $300 in @PayPalCA for free &amp; easy! Check it out: http://t.co/03yuCqWM  #win
fd88e8bbf5039fed7ffc7da33d1c2773,tanya covington,@Swagbucks my #SBRickStar name would be Mama Bawkxz (mamabawkxz)
fd88e8bbf5039fed7ffc7da33d1c2773,tanya covington,@Swagbucks my #SBRockStar name would be Mama Bawkxz (mamabawkxz)
fd88e8bbf5039fed7ffc7da33d1c2773,tc,@Swagbucks  swag name: moneysavingmort   #sbgames http://t.co/GnE6ffVW
fd88e8bbf5039fed7ffc7da33d1c1442,Terry Hadden,'@Swagbucks I just won 9 Swag Bucks by Searching the web. Close of another day #swagbucks. Thanks &amp; good night, granny64'
fd88e8bbf5039fed7ffc7da33d1c1442,Terry Hadden,@Swagbucks Re-posting search win from this morning. I forgot to put #MSBD Thanks [granny64]  http://t.co/cWeNC9FQ
fd88e8bbf5039fed7ffc7da33d1c1442,Terry Hadden,'@Swagbucks Thanks for the 28 search win, I need it this morning. #swagbucks [granny64] http://t.co/1mldB4mZ'
fd88e8bbf5039fed7ffc7da33d1c1c4b,Terry Hadden,@Swagbucks I just won 10 Swag Bucks by Searching the web. WOW! thanks for search win for #swagbucks. granny64
fd88e8bbf5039fed7ffc7da33d1c1dd0,Terry Hadden,'@Swagbucks I just won 10 Swag Bucks by Searching the web. Thanks for the search win, good night #swagbucks. granny64'
fd88e8bbf5039fed7ffc7da33d1c1dd0,Terry Hadden,@Swagbucks I just won 9 Swag Bucks by Searching the web. 3 hours sleep #swagbucks. granny64
fd88e8bbf5039fed7ffc7da33d1c2773,Terry Hadden,@Swagbucks I just won 8 Swag Bucks by Searching the web. Research blue-ray players #swagbucks. Thanks granny64
fd88e8bbf5039fed7ffc7da33d1c2c1d,Terry Hadden,@Swagbucks I just won 8 Swag Bucks by Searching the web.1st search win after 3 hours on #swagbucks. Have a good morning. granny64
fd88e8bbf5039fed7ffc7da33d1c1442,Tha Penh,'#ff @BrokenYolkCafe @TDAmeritrade @UTContests @UnderArmour @wizards_magic @Swagbucks @SwagBucksTricks happy Friday y''all.!'
fd88e8bbf5039fed7ffc7da33d1c2c1d,TheCoolGuy,@Swagbucks Awesome I got it on my first try! #sbgames my name is supercoolguy68 http://t.co/Sk6FvhU2
fd88e8bbf5039fed7ffc7da33d1c2773,Thomas,@swagbucks @sbgames Finally did it. Swag Name: Stones25 http://t.co/MQg4TvLt
fd88e8bbf5039fed7ffc7da33d1c1dd0,Thomas Andrews,@Swagbucks http://t.co/rWEYOBSw Swag Name: Fallior #sbgames
fd88e8bbf5039fed7ffc7da33d1c1dd0,thomas legg,@swagbucks leggydude #sbgames http://t.co/tFtil4mf
fd88e8bbf5039fed7ffc7da33d1c1442,Tina D,'@Swagbucks Knowledge and Religion, Richard Nixon, Whittier College'
fd88e8bbf5039fed7ffc7da33d1c1442,Tina D,'@Swagbucks PHOTOBOMB,  over280,000'
fd88e8bbf5039fed7ffc7da33d1c1442,Tina D,'@Swagbucks PHOTOBOMB, 280,010'
fd88e8bbf5039fed7ffc7da33d1c1442,Tina D,'@Swagbucks Were the winners contacted already? According to the searches on Twitter, I think I got the first two questions'
fd88e8bbf5039fed7ffc7da33d1c1c4b,Tina D,'@Swagbucks 1987, Charley Conerly, Clarksdale'
fd88e8bbf5039fed7ffc7da33d1c1c4b,Tina D,'@Swagbucks Radio City Music Hall, Adam Lamberg, Matthew'
fd88e8bbf5039fed7ffc7da33d1c2773,Tiziana Messina,@Swagbucks I think I have a good score #SBGames http://t.co/siQyLFYF
fd88e8bbf5039fed7ffc7da33d1c1442,TJ Edgar,'@Swagbucks 

1986,Charlie Conerly, Clarksdale, Mississippi'
fd88e8bbf5039fed7ffc7da33d1c1442,TJ Edgar,'@Swagbucks 
 Knowledge and Religion, Richard Nixon.,  Whittier College'
fd88e8bbf5039fed7ffc7da33d1c1c4b,TJ Edgar,'@Swagbucks 
1. September 14, 1984
2. Adam Lamberg
3. Matthew'
fd88e8bbf5039fed7ffc7da33d1c2c1d,tonia,'@Swagbucks 
http://t.co/lExEPmXo http://t.co/AYTw5iun'
fd88e8bbf5039fed7ffc7da33d1c2c1d,Tracey McScotch,@Swagbucks #sbgames  http://t.co/B36smaIo
fd88e8bbf5039fed7ffc7da33d1c1dd0,Trevor Smith,'@Swagbucks, tismith83 scored 22367. #sbgames http://t.co/v1sZH2pT'
fd88e8bbf5039fed7ffc7da33d1c1c4b,Trinitie Kedrowski,@Swagbucks thanks for the code
fd88e8bbf5039fed7ffc7da33d1c1dd0,Troll Jack,'@Swagbucks I cashed the score by a lot, I definitely went above level 5! rookierookie #sbgames http://t.co/J472xR5J'
fd88e8bbf5039fed7ffc7da33d1c1442,U-T Contests,'RT @ThaPenh: #ff @BrokenYolkCafe @TDAmeritrade @UTContests @UnderArmour @wizards_magic @Swagbucks @SwagBucksTricks happy Friday y''all.!'
fd88e8bbf5039fed7ffc7da33d1c1c4b,Vebinista,@Swagbucks I think you mean 3:30pm PDT
fd88e8bbf5039fed7ffc7da33d1c1c4b,Vickie Kulp,RT @Swagbucks: Twitter Trivia starts in ONE HOUR! Enter "Tw1tterTrivia" in the "Gimme" box on the Swagbucks Homepage by 2:30pm PDT for 6 ...
fd88e8bbf5039fed7ffc7da33d1c1c4b,Victoria Hancock,'@Swagbucks ANy way I can get more SWB? I haven''t got any in a loooong time.'
fd88e8bbf5039fed7ffc7da33d1c2c1d,Victoria Hynson,@iloilomom76 @Swagbucks
fd88e8bbf5039fed7ffc7da33d1c1442,Vijay Mehta,@Swagbucks 1987; Charlie Conerly; Clarksdale (supervij)
fd88e8bbf5039fed7ffc7da33d1c1442,Vijay Mehta,@Swagbucks Knowledge and Religion; Richard Nixon; Whittier College (supervij)
fd88e8bbf5039fed7ffc7da33d1c1442,Vijay Mehta,'@Swagbucks PHOTOBOMB; 280,000 (supervij)'
fd88e8bbf5039fed7ffc7da33d1c1c4b,Vijay Mehta,@Swagbucks Radio Music Hall in New York City; Adam Lamberg; Matthew. (supervij)
fd88e8bbf5039fed7ffc7da33d1c1dd0,Vijay Mehta,@Swagbucks My rock star name would be Maximumus Swag #SBRockStar (supervij)
fd88e8bbf5039fed7ffc7da33d1c1442,Vincent ,'@Swagbucks  Knowledge and Religion,Richard Nixon, Whittier College'
fd88e8bbf5039fed7ffc7da33d1c1dd0,Vlad,@Swagbucks So i beat the score my swag name is TrulyLegit #sbgames http://t.co/mBTBEvZb
fd88e8bbf5039fed7ffc7da33d1c2c1d,wakeel bhaukaurally,'@Swagbucks 
Swag name :wakeel3312 http://t.co/SeTBIrWe'
fd88e8bbf5039fed7ffc7da33d1c2773,Wastedkitten,@Swagbucks #SBGamesCA Screenname: wastedkitten http://t.co/l3dn2Wpa
fd88e8bbf5039fed7ffc7da33d1c1c4b,whatzwild7,@Swagbucks thx for the code
fd88e8bbf5039fed7ffc7da33d1c2c1d,whatzwild7,@Swagbucks http://t.co/ZcCAs78i  whatzwild7
fd88e8bbf5039fed7ffc7da33d1c2773,Yen,'@Swagbucks I''m liking these giftcard #BraggableBargain on #swagbucks!  lttlbaby'
fd88e8bbf5039fed7ffc7da33d1c2c1d,yuko,I just won 50 birthday Swag Bucks at http://t.co/NadZdIto http://t.co/cHhsDl43 via @swagbucks
fd88e8bbf5039fed7ffc7da33d1c1dd0,Yusianawati Santoso,@Swagbucks #SBRockStar the disasters ;)
fd88e8bbf5039fed7ffc7da33d1c2773,Zatch Ty,@Swagbucks http://t.co/gQmeCh1u Username: Kelranox #sbgames
