fd88e8bbf5039fed7ffc7da33d1d35e2, AdemirTiticoAdemir,RT @SemiramisToskA: "@cyntialawikis: @sounieprod @milufriedmann @apostleair01 @japatomasi @johannymejia6 @telovations @twitterdads Monda ...
fd88e8bbf5039fed7ffc7da33d1d35e2, AdemirTiticoAdemir,RT @SemiramisToskA: @MiluFriedmann @apostleair01 japatomasi @johannymejia6 @Telovations @twitterdads (cont) http://t.co/zT5rc26D
fd88e8bbf5039fed7ffc7da33d1d35e2, AdemirTiticoAdemir,RT @UntitledGd_A7x: @apostleair01 @SemiramisToskA @japatom @johannymejia6 @Telovations @twitterdads (cont) http://t.co/KorQz6C9
fd88e8bbf5039fed7ffc7da33d1d35e2, AdemirTiticoAdemir,RT @UntitledGd_A7x: @apostleair01 @SemiramisToskA @japatomasi @johannymejia6 @Telovations @twitterdads @sounieprod @cyntialawikis #Follo ...
fd88e8bbf5039fed7ffc7da33d1d35e2, AdemirTiticoAdemir,RT @cyntialawikis: @UntitledGd_A7x @apostleair01 @SemiramisToskA @japatomasi @johannymejia6 @Telovations @twitterdads @sounieprod #FollowMe
fd88e8bbf5039fed7ffc7da33d1d35e2, AdemirTiticoAdemir,RT @sounieprod: @MiluFriedmann @apostleair01 @semiramistoska @japatomasi @johannymejia6 @telovations @twitterdads @cyntialawikis http:// ...
fd88e8bbf5039fed7ffc7da33d1d35e2, AdemirTiticoAdemir,RT @sounieprod: @SemiramisToskA @milufriedmann @apostleair01 @japatomasi @johannymejia6 @telovations @twitterdads @cyntialawikis http:// ...
fd88e8bbf5039fed7ffc7da33d1d35e2, AdemirTiticoAdemir,RT @sounieprod: @twitterdads @milufriedmann @apostleair01 @japatomasi @johannymejia6 @telovations @cyntiala http://t.co/h69dSV3l
fd88e8bbf5039fed7ffc7da33d1d35e2, AdemirTiticoAdemir,'RT @twitterdads: [echo''d] @MiluFriedmann @apostleair01 @japatomasi @johannymejia6 @Telovations @twitterdads (cont) http://t.co/sPNP8ysW'
fd88e8bbf5039fed7ffc7da33d1d35e2,Apostle Air ,RT @SemiramisToskA: @MiluFriedmann @apostleair01 @japatomasi @johannymejia6 @Telovations @twitterdads @sounieprod @cyntialawikis Feliz I ...
fd88e8bbf5039fed7ffc7da33d1d35e2,Apostle Air ,RT @japatomasi: RT @SemiramisToskA: @MiluFriedmann @apostleair01 japatomasi @johannymejia6 @Telovations @twitterdads (cont) http://t.co/ ...
fd88e8bbf5039fed7ffc7da33d1d35e2,Apostle Air ,RT @sounieprod: @SemiramisToskA @milufriedmann @apostleair01 @japatomasi @johannymejia6 @telovations @twitterdads @cyntialawikis http:// ...
fd88e8bbf5039fed7ffc7da33d1d35e2,Apostle Air ,'RT @twitterdads: [echo''d] @MiluFriedmann @apostleair01 @japatomasi @johannymejia6 @Telovations @twitterdads @sounieprod @cyntiala... htt ...'
fd88e8bbf5039fed7ffc7da33d1d35e2,Apostle Air ,'RT @twitterdads: [echo''d] RT @twitterdads: [echo''d] @MiluFriedmann @apostleair01 @japatomasi @johannymejia6 @Telovations @twitter... htt ...'
fd88e8bbf5039fed7ffc7da33d1d35e2,Channel Pacific,'RT @Telovations: Zooka''s sound bar will crank up your gadget''s sound - plus it looks pretty cool - http://t.co/wOdbTUH2'
fd88e8bbf5039fed7ffc7da33d1d35e2,CONSTRUTOR,RT @japatomasi: RT @SemiramisToskA: @MiluFriedmann @apostleair01 japatomasi @johannymejia6 @Telovations @twitterdads (cont) http://t.co/ ...
fd88e8bbf5039fed7ffc7da33d1d35e2,Denny Cordle (Wolfx),RT @sounieprod: @SemiramisToskA @milufriedmann @apostleair01 @japatomasi @johannymejia6 @telovations @twitterdads @cyntialawikis http:// ...
fd88e8bbf5039fed7ffc7da33d1d35e2,GrowFL,RT @Telovations: GrowFL recognizes Telovations in Florida Companies to Watch Honors - http://t.co/9Fs57cJY
fd88e8bbf5039fed7ffc7da33d1d35e2,ispoutages,RT @Telovations: Bitcoin exchange Bitfloor shut down after virtual heist - http://t.co/sYxDPU9O @cnet
fd88e8bbf5039fed7ffc7da33d1d35e2,ispoutages,RT @Telovations: FileSonic has gone dark and quiet - http://t.co/guzlmFhV
fd88e8bbf5039fed7ffc7da33d1d35e2,Jason Martin,'RT @Telovations: Zooka''s sound bar will crank up your gadget''s sound - plus it looks pretty cool - http://t.co/Ad2eHk27'
fd88e8bbf5039fed7ffc7da33d1d35e2,Jay Nichols,RT @Telovations: 5 types of apps that will become essential for work - http://t.co/rITAFqWR
fd88e8bbf5039fed7ffc7da33d1d35e2,Jay Nichols,RT @Telovations: Attend our webinar on improving your pipeline - its FREE!  http://t.co/1L8vgRkd
fd88e8bbf5039fed7ffc7da33d1d35e2,Jay Nichols,RT @Telovations: Coming soon to a church basement near you - Internet Anonymous.  Research shows internet addiction is real - http://t.c ...
fd88e8bbf5039fed7ffc7da33d1d35e2,Jay Nichols,RT @Telovations: I can predict when your business will experience high call volume - http://t.co/Ezxuckyw
fd88e8bbf5039fed7ffc7da33d1d35e2,Jay Nichols,RT @Telovations: Innovative business communications solutions that grow with your company - http://t.co/hsmbH5gw
fd88e8bbf5039fed7ffc7da33d1d35e2,Jay Nichols,RT @Telovations: New blog post:  Why your Pipeline is Wrong - http://t.co/BhPhBCOO
fd88e8bbf5039fed7ffc7da33d1d35e2,Jay Nichols,RT @Telovations: Stayed tuned:  Amazon expected to announce new products today at 1:30 - http://t.co/n9xfYeXS
fd88e8bbf5039fed7ffc7da33d1d35e2,Jay Nichols,RT @Telovations: The 7 best gadgets and gizmos coming out this fall - http://t.co/XmyNnc5l @cnnmoney
fd88e8bbf5039fed7ffc7da33d1d35e2,KnowledgeM,@DaydreamsReaper @Telovations Thanks for the RT Tracy!
fd88e8bbf5039fed7ffc7da33d1d35e2,KnowledgeM,@Telovations thanks for the RT...have a great holiday weekend!
fd88e8bbf5039fed7ffc7da33d1d35e2,KnowledgeM,@Telovations thanks for the mention!
fd88e8bbf5039fed7ffc7da33d1d35e2,KnowledgeM,RT @Telovations: 94% of Americans find their computers cause them undue stress - http://t.co/opYrYp09
fd88e8bbf5039fed7ffc7da33d1d35e2,Milu Friedmann,@apostleair01 T4SO @SemiramisToskA @japatomasi @johannymejia6 @Telovations @twitterdads @sounieprod @cyntialawikis @... http://t.co/Rc7iGKnQ
fd88e8bbf5039fed7ffc7da33d1d35e2,ReliaQuest,RT @Telovations: Congratulations @reliaquest 2012 class of Florida Companies to Watch!
fd88e8bbf5039fed7ffc7da33d1d35e2,Tracy,'@Knowledge_M1 @Telovations HAHA! It wouldn''t cause any stress if they worked 94% of the time :P'
fd88e8bbf5039fed7ffc7da33d1d35e2,'Twit''er Dads','[echo''d] @MiluFriedmann @apostleair01 @japatomasi @johannymejia6 @Telovations @twitterdads @sounieprod @cyntiala... http://t.co/99md5FD7'
fd88e8bbf5039fed7ffc7da33d1d35e2,'Twit''er Dads','[echo''d] RT @UntitledGd_A7x: @apostleair01 @SemiramisToskA @japatomasi @johannymejia6 @Telovations @twitterdads ... http://t.co/aIZFg5ki'
fd88e8bbf5039fed7ffc7da33d1d35e2,'Twit''er Dads','[echo''d] RT @twitterdads: [echo''d] @MiluFriedmann @apostleair01 @japatomasi @johannymejia6 @Telovations @twitter... http://t.co/79bpSZ2z'
