fd88e8bbf5039fed7ffc7da33d1e4554,AIMIA National,RT @tigerspike: Interested how #mobile is enhancing &amp; complementing #media? 27 Sept Sydney #ChrisWatt talking learnings @AIMIANation ...
fd88e8bbf5039fed7ffc7da33d1e4554,Aisha Hillary,RT @tigerspike: Join @OliverPalmer tonight #MobileMonday #Singapore Share your ideas! http://t.co/1C6nxTPo
fd88e8bbf5039fed7ffc7da33d1e4554,CK,RT @ormiga: for a #bier will vouch @oliverpalmer beat 3min for @tigerspike was 2:59:58
fd88e8bbf5039fed7ffc7da33d1e4554,Deloitte TechFast 50,Prev #TechFast50 winners incl @tigerspike @iselect @energymattersau @C3Business @ippayments @iiNet @ozforex Nominate http://t.co/o06bGdY3
fd88e8bbf5039fed7ffc7da33d1e4554,James Stewart,@Tigerspike my weekly smartphone and tablet news summary... http://t.co/SoKR02VI #Amazon #IFA2012 #NFC #Apple #Android #Microsoft
fd88e8bbf5039fed7ffc7da33d1e4554,James Swinbanks,I just learned that I have two guys from BlueTongue Ent working with us here @tigerspike. Learn something everyday!
fd88e8bbf5039fed7ffc7da33d1e4554,James Swinbanks,RT @tigerspike: Interested how #mobile is enhancing &amp; complementing #media? 27 Sept Sydney #ChrisWatt talking learnings @AIMIANation ...
fd88e8bbf5039fed7ffc7da33d1e4554,James Swinbanks,Selected @tigerspike office audience seems to approve one of the demo tracks. This is a good thing.
fd88e8bbf5039fed7ffc7da33d1e4554,Jennifer Marshall,'@oliverpalmer @tigerspike I''m sure you an tell the 3 minute version. Hope it''s going well Singaside!'
fd88e8bbf5039fed7ffc7da33d1e4554,Oliver Palmer,'Good turn out for #mobilemondays Singapore, (#momosing perhaps) looking forward to telling the @tigerspike story in under 3 mins!'
fd88e8bbf5039fed7ffc7da33d1e4554,Oliver Palmer,Great stuff from @google about the mutliscreen world we live in- http://t.co/0CQAMz1b here @tigerspike we call it personal media...
fd88e8bbf5039fed7ffc7da33d1e4554,Oliver Palmer,RT @ormiga: for a #bier will vouch @oliverpalmer beat 3min for @tigerspike was 2:59:58
fd88e8bbf5039fed7ffc7da33d1e4554,Oliver Palmer,RT @tigerspike: Open mic night tonight #MobileMonday #Singapore! @oliverpalmer sharing some ideas! http://t.co/u01VM8kE
fd88e8bbf5039fed7ffc7da33d1e4554,ormiga,for a #bier will vouch @oliverpalmer beat 3min for @tigerspike was 2:59:58
fd88e8bbf5039fed7ffc7da33d1e4554,'Smile, Mobile Monday',RT @tigerspike: Join @OliverPalmer tonight #MobileMonday #Singapore Share your ideas! http://t.co/1C6nxTPo
fd88e8bbf5039fed7ffc7da33d1e4554,Tigerspike,RT @TechFast50au: Prev #TechFast50 winners incl @tigerspike @iselect @energymattersau @C3Business @ippayments @iiNet @ozforex Nominate h ...
fd88e8bbf5039fed7ffc7da33d1e4554,Tigerspike,'RT @oliverpalmer: Good turn out for #mobilemondays Singapore, (#momosing perhaps) looking forward to telling the @tigerspike story in un ...'
fd88e8bbf5039fed7ffc7da33d1e4554,Tigerspike,RT @oliverpalmer: Great stuff from @google about the mutliscreen world we live in- http://t.co/0CQAMz1b here @tigerspike we call it pers ...
