fd88e8bbf5039fed7ffc7da33d1ecb3f,Adam Justin Shalit,Open a @TradeKing account and we both get $50!** Check out my unique link to get started. https://t.co/ApXS9iOc
fd88e8bbf5039fed7ffc7da33d1ecb3f,'Alan Brochstein, CFA','RT @TradeKing: #TradeKing All-Star, Alan Brochstein @InvestByModel helps us "Try to Avoid Dividend Disappointment" in his latest. http:/ ...'
fd88e8bbf5039fed7ffc7da33d1ecb3f,Brian Maddox,RT @TradeKing: Will he start up the money printing machine again? #Bernanke to speak in Jackson Hole. http://t.co/LfpjOMHV
fd88e8bbf5039fed7ffc7da33d1ecb3f,Donato A. Montanaro ,'MT @us_parth #Entrepreneurs chance to win @1Mby1M premium membership @TradeKing Pitch-Fest #competition, check it out: http://t.co/NMqRC5jX'
fd88e8bbf5039fed7ffc7da33d1ecb3f,Garrett Wilkin,'@TradeKing I like what you''re doing with @1Mby1M and @Sramana and I just drafted it for @ProgrammableWeb'
fd88e8bbf5039fed7ffc7da33d1ecb3f,Irina Patterson,1Mby1M: @TradeKing and @1Mby1M want your ideas to be heard: #Entepreneur Pitch-Fest #Competition. Apply here: - ... http://t.co/4Ub8UuvS
fd88e8bbf5039fed7ffc7da33d1ecb3f,Mike McKillican ,@TradeKing The market has embraced high hopes that AUO will become the second panel maker after Samsung Electronics Co to churn Amoled
fd88e8bbf5039fed7ffc7da33d1ecb3f,Parth Shah,1Mby1M: #Entrepreneurs @TradeKing and @1Mby1M #PitchFest Competition; do you have what it takes? Apply here and find out: - http://t....
fd88e8bbf5039fed7ffc7da33d1ecb3f,Parth Shah,1Mby1M: #Entrepreneurs @TradeKing and @1Mby1M #PitchFest Competition; do you have what it takes? Apply here and find out: - http://t....
fd88e8bbf5039fed7ffc7da33d1ecb3f,Parth Shah,'1Mby1M: #Entrepreneurs chance to win @1Mby1M premium membership @TradeKing Pitch-Fest #competition, check it out: - http://t.co/rbeVAyHb'
fd88e8bbf5039fed7ffc7da33d1ecb3f,Parth Shah,'1Mby1M: #Entrepreneurs:win a scholarship 2 @1Mby1M with #financial app competition! @Tradeking''s #Pitchfest! Reg by Sept 10 - http://...'
fd88e8bbf5039fed7ffc7da33d1ecb3f,Parth Shah,'1Mby1M: #Entrepreneurs:win a scholarship to @1Mby1M w/ #financial app competition! @Tradeking''s #Pitchfest! Reg by Sept 10 - http://t...'
fd88e8bbf5039fed7ffc7da33d1ecb3f,Parth Shah,1Mby1M: #Entreprenuers here is your pitching opportunity @TradeKing @1Mby1M check it out: - http://t.co/MfwbyLlN
fd88e8bbf5039fed7ffc7da33d1ecb3f,Parth Shah,1Mby1M: #Finance brains &amp; #Entrprneurs pitch Ur bright ideas @ #pitchfest. Brought 2 U by @1Mby1M &amp; @TradeKing APPLY HERE: - http://t...
fd88e8bbf5039fed7ffc7da33d1ecb3f,Parth Shah,1Mby1M: #Finance brains &amp; #Entrprneurs pitch Ur bright ideas at #pitchfest. Brought 2 U by @1Mby1M &amp; @TradeKing APPLY HERE: - http://...
fd88e8bbf5039fed7ffc7da33d1ecb3f,Parth Shah,'1Mby1M: #Financial #App #Devlopers,got a good idea?@TradeKing &amp; @1Mby1M #PitchFest Comptition;WIN a scholarship! Apply here - http://...'
fd88e8bbf5039fed7ffc7da33d1ecb3f,Parth Shah,'1Mby1M: #Financial #App #Devlopers,got a good idea?@TradeKing &amp; @1Mby1M #PitchFest Comptition;WIN a scholarship! Apply here - http://...'
fd88e8bbf5039fed7ffc7da33d1ecb3f,Parth Shah,1Mby1M: #Financial #Entrepreneurs Pitch to win @TradeKing @1Mby1M Pitchfest Reg by Sept 10 - http://t.co/1JVLtWZK
fd88e8bbf5039fed7ffc7da33d1ecb3f,Parth Shah,'1Mby1M: 12 Tech-Savvy entrepreneurs get a chance to ride the Bulls/Bears with 1M/1M and Trade King - @1Mby1M, @TradeKing - http://t.c...'
fd88e8bbf5039fed7ffc7da33d1ecb3f,Parth Shah,'1Mby1M: @TradeKing #Financial Entrepreneur Pitch-Fest #Competition, Enter and Win (FREE) @1Mby1M membership - http://t.co/mVTS175i'
fd88e8bbf5039fed7ffc7da33d1ecb3f,Parth Shah,'1Mby1M: @TradeKing #Financial Entrepreneur Pitch-Fest #Competition, Enter and Win (FREE) @1Mby1M membership - http://t.co/onJyxFbe'
fd88e8bbf5039fed7ffc7da33d1ecb3f,Parth Shah,'1Mby1M: @TradeKing , @1Mby1M - Financial #Entrepreneur Pitch-Fest #Competition. Apply here - - http://t.co/ZdZIZV68'
fd88e8bbf5039fed7ffc7da33d1ecb3f,Parth Shah,1Mby1M: @TradeKing and @1Mby1M join together to offer #Entrepreneur scholarships. APPLY HERE: - http://t.co/jWrWLx6m
fd88e8bbf5039fed7ffc7da33d1ecb3f,Parth Shah,1Mby1M: @TradeKing and @1Mby1M want your ideas to be heard: #Entepreneur Pitch-Fest #Competition. Apply here: - http://t.co/Vlqw3PAk
fd88e8bbf5039fed7ffc7da33d1ecb3f,Parth Shah,1Mby1M: @TradeKing and @1Mby1M want your ideas to be heard: #Entepreneur Pitch-Fest #Competition. Apply here: - http://t.co/yk1Bqtgb
fd88e8bbf5039fed7ffc7da33d1ecb3f,Parth Shah,'1Mby1M: @TradeKing announces 12 @1Mby1M Scholarships for Financial Startups. Register here to compete on Oct 4th, Oct 12th: - http://...'
fd88e8bbf5039fed7ffc7da33d1ecb3f,Parth Shah,'1Mby1M: @TradeKing announces 12 @1Mby1M Scholarships for Financial Startups. Register here to compete on Oct 4th,Oct 12th: - http://t...'
fd88e8bbf5039fed7ffc7da33d1ecb3f,Parth Shah,'1Mby1M: @TradeKing, @1Mby1M collaborate to bring you #Entrepreneur Pitch-Fest #Competition, Register here: - http://t.co/6Hy1Gxa1'
fd88e8bbf5039fed7ffc7da33d1ecb3f,Parth Shah,'1Mby1M: A Finance Pro? Have a strong business idea? Test your mettle and win a @1Mby1M, @TradeKing Scholarship. Apply here: - http://...'
fd88e8bbf5039fed7ffc7da33d1ecb3f,Parth Shah,'1Mby1M: A Finance Pro? Have a strong business idea? Test your mettle and win a @1Mby1M,@TradeKing Scholarship. Apply here : - http://...'
fd88e8bbf5039fed7ffc7da33d1ecb3f,Parth Shah,'1Mby1M: Are you building #Financial Software Platforms / Apps? Apply to the @TradeKing , @1Mby1M Pitch Fest here : - http://t.co/SBAe6V3t'
fd88e8bbf5039fed7ffc7da33d1ecb3f,Parth Shah,'1Mby1M: Bring your #Financial App idea to @Tradeking and @1Mby1M #Pitchfest. To win scholarships, register here - http://t.co/QOmbIV8s'
fd88e8bbf5039fed7ffc7da33d1ecb3f,Parth Shah,'1Mby1M: Bring your #Financial App idea to @Tradeking and @1Mby1M #Pitchfest. To win scholarships, register here - http://t.co/e5a1CuPJ'
fd88e8bbf5039fed7ffc7da33d1ecb3f,Parth Shah,1Mby1M: Develop Apps using @TradeKing APIs? Register here to win FREE @1Mby1M Scholarship : - http://t.co/8Zb4iJxR
fd88e8bbf5039fed7ffc7da33d1ecb3f,Parth Shah,'1Mby1M: Do you have the greatest #Financial App?  @TradeKing , @1Mby1M and win a Scholarship. Apply here - - http://t.co/KZqfJXhO'
fd88e8bbf5039fed7ffc7da33d1ecb3f,Parth Shah,1Mby1M: Entrepreneurs pitch your #financial App biz to @1Mby1M and win scholarship @Tradeking #Pitchfest. Apply here - http://t.co/1d0NA3Wy
fd88e8bbf5039fed7ffc7da33d1ecb3f,Parth Shah,1Mby1M: Entrepreneurs pitch your #financial App biz to @1Mby1M and win scholarship @Tradeking #Pitchfest. Apply here - http://t.co/5pdE9783
fd88e8bbf5039fed7ffc7da33d1ecb3f,Parth Shah,1Mby1M: Financial App #startups looking for a boost? Join @1Mby1M and @tradeking and check this out! - http://t.co/cvNK28gH
fd88e8bbf5039fed7ffc7da33d1ecb3f,Parth Shah,'1Mby1M: Global reach, Free Scholarships |Your financial business idea gets it all, enter our competition.@1M/1M, @TradeKing - http://...'
fd88e8bbf5039fed7ffc7da33d1ecb3f,Parth Shah,1Mby1M: Hot contest for cool #Financial Apps. Win @1Mby1M scholarships at @TradeKing #Pitchfest. Apply here - http://t.co/JDDJGCxa
fd88e8bbf5039fed7ffc7da33d1ecb3f,Parth Shah,1Mby1M: Hot contest for cool #Financial Apps. Win @1Mby1M scholarships at @TradeKing #Pitchfest. Apply here - http://t.co/glI7abry
fd88e8bbf5039fed7ffc7da33d1ecb3f,Parth Shah,1Mby1M: In it to win it? Pitch your #Financial app here @1Mby1M @Tradeking and win. APPLY HERE: - http://t.co/GaHNNRTp
fd88e8bbf5039fed7ffc7da33d1ecb3f,Parth Shah,1Mby1M: Innovative Financial App @TradeKing @1Mby1M Pitchfest. Apply now: - http://t.co/46JZ28Q0
fd88e8bbf5039fed7ffc7da33d1ecb3f,Parth Shah,1Mby1M: Innovative Financial App @TradeKing @1Mby1M Pitchfest. Apply now: - http://t.co/LmRqRsOw
fd88e8bbf5039fed7ffc7da33d1ecb3f,Parth Shah,1Mby1M: Pitch your #Financial Biz. @TradeKing #Entrepreneur Pitchfest #Competition! Register @1Mby1M here by Sept 10: - http://t.co/npNvdI0b
fd88e8bbf5039fed7ffc7da33d1ecb3f,Parth Shah,1Mby1M: Pitch your #financial app 2 the experts at @TradeKing &amp; @1Mby1M 2 win a PREMIUM scholarship to #1Mby1M. APPLY HERE: - http://...
fd88e8bbf5039fed7ffc7da33d1ecb3f,Parth Shah,1Mby1M: Pitch your Financial App idea to WIN a premium scholarship from @1Mby1M and @tradeking. APPLY HERE: - http://t.co/yAARwrD3
fd88e8bbf5039fed7ffc7da33d1ecb3f,Parth Shah,1Mby1M: Test the mettle of Ur #Financial App at #Pitchfest by @Tradeking @1Mby1M &amp; win scholarships to boost it. Apply here - http://...
fd88e8bbf5039fed7ffc7da33d1ecb3f,Parth Shah,1Mby1M: Test the mettle of Ur #Financial App at #Pitchfest by @Tradeking @1Mby1M &amp; win scholarships to boost it. Apply here - http://...
fd88e8bbf5039fed7ffc7da33d1ecb3f,Parth Shah,'1Mby1M: What is the Value Prop of your #Financial App? Tell @TradeKing , @1Mby1M and win a Scholarship. Apply here - - http://t.co/johsA4yJ'
fd88e8bbf5039fed7ffc7da33d1ecb3f,Parth Shah,1Mby1M: Will your app change the #financial experience world? Pitch to win @TradeKing @1Mby1M #Pitchfest! Reg by Sept 10 - http://t.c...
fd88e8bbf5039fed7ffc7da33d1ecb3f,Parth Shah,1Mby1M: Willing to make a difference to the #financial world? Pitch @Tradeking @1Mby1M. APPLY HERE: - http://t.co/w42waUDz
fd88e8bbf5039fed7ffc7da33d1ecb3f,Pitch140x,'RT @us_parth: 1Mby1M: Bring your #Financial App idea to @Tradeking and @1Mby1M #Pitchfest. To win scholarships, register here - http://t ...'
fd88e8bbf5039fed7ffc7da33d1ecb3f,Pitch140x,RT @us_parth: 1Mby1M: Pitch your Financial App idea to WIN a premium scholarship from @1Mby1M and @tradeking. APPLY HERE: - http://t.co/ ...
fd88e8bbf5039fed7ffc7da33d1ecb3f,socialyzeMe,Online Brokers: @TradeKing incr. +0.01% (+2) followers http://t.co/VdD34slf
fd88e8bbf5039fed7ffc7da33d1ecb3f,TradeKing,RT @jhernanper 1Mby1M: Hot contest for cool #Financial Apps. Win @1Mby1M scholarships at @TradeKing #Pitchfest. Apply: http://t.co/45PiXG6b
fd88e8bbf5039fed7ffc7da33d1ecb3f,TradeKing TradeNotes,'El Bone Bought 6000 shares of $BAC at $7.97 on @TradeKing. http://t.co/hs2YAjBI - why, you ask? Find out &amp; discuss.'
fd88e8bbf5039fed7ffc7da33d1ecb3f,TradeKing TradeNotes,'Jackrabbit Sold 50 shares of $NBR at $14.66 on @TradeKing. http://t.co/Bfvj5HAG - why, you ask? Find out &amp; discuss.'
fd88e8bbf5039fed7ffc7da33d1ecb3f,TradeKing TradeNotes,'humanist investor Sold 225 shares of $SIRI at $2.54 on @TradeKing. http://t.co/UlRNeVNy - why, you ask? Find out &amp; discuss.'
fd88e8bbf5039fed7ffc7da33d1ecb3f,ZombieJoN,'@TradeKing System is down again. WE cannot execute trades, please post an update on the forum.'
