6872c315b62290955ac8c8cad36626cf, (NYX) NYSE Euronext,RT @themotleyfool: Tom and David Gardner doing an interview for @AOL on the floor of the @NYSEEuronext. #investbetterday http://t.co/8pgfBhgg
6872c315b62290955ac8c8cad36626cf,~*FlaLadyDeb*~,Couple Tie the Knot on Jetpacks #aolon http://t.co/dCTdt1Gs via @AOL
6872c315b62290955ac8c8cad36626cf,A Wedding Palooza,Couple Tie the Knot on Jetpacks #aolon http://t.co/gytWMbAQ via @AOL
6872c315b62290955ac8c8cad3663214,A.J.,'RT @WomenforWomen: Thank you!!!!! RT @azitaghanizada: You''ve Got Azita Ghanizada #aolon http://t.co/BXd0O5QB via @AOL cc: @WomenforWomen #womensrights #charity'
6872c315b62290955ac8c8cad3663c38,Aaron J Perez,@RubinReport let me install @AOL.
6872c315b62290955ac8c8cad3663c38,Abigail Rodriguez,'Mind Fields: War''s Cost -   Brain Injuries Must Be A Priority For DOD #aolon http://t.co/Z9ysyroJ via @AOL'
6872c315b62290955ac8c8cad3663279,Advertising.com,Congrats to @AOL on earning two nominations in @PRNews Digital Awards http://t.co/rvePGhH3
6872c315b62290955ac8c8cad3663279,Ahmedina,LMFAOOOO my moms going on her facebook and she put @aoldacom when its @aol.com #dyinggggg @BosnianProblems
6872c315b62290955ac8c8cad3661f29,AK2= A.KarriemA.K,@claytyclay WOW @AOL kill #Going.com its the place conversion goes b burried after it #Dies @Patch =Media=DEAD APTname  http://t.co/43KWiBku
6872c315b62290955ac8c8cad3663279,Alex Suskind,'RT @joe_satran: For the past few weeks, @AOL has been announcing its Happy Hours with bells over the PA system, invariably provoking chuckles.'
6872c315b62290955ac8c8cad36626cf,Alexandre Le Clainch,Takun Williams Bathes Comic Book Icons in Neon Fire [Art] http://t.co/pNbHBFqV via @AOL
6872c315b62290955ac8c8cad3663279,Alexandria,@xMari_Fex simplysheere @AOL.com
6872c315b62290955ac8c8cad3663c38,Alias Anonymous,'Scientology You''ve Got Astra Woodcraft #aolon http://t.co/lByU9xZT via @AOL'
6872c315b62290955ac8c8cad3663c38,Alvina Betsy,RT @AOL: #Glee releases a shocking new PSA (VIDEO) http://t.co/78arijYt via @aolon
6872c315b62290955ac8c8cad3663279,Amanda Fayer,Seance or offsite? Hard to tell. @aol  http://t.co/2jHTuyUx
6872c315b62290955ac8c8cad3663214,amanda rowland,Reese Witherspoon Is Okay After Hospital Scare #aolon http://t.co/9vng6QI1 via @AOL
6872c315b62290955ac8c8cad3663214,American Dark Age,'Parting Shot: How \''The Dark Knight Rises\'' Should Have Ended [Video] http://t.co/lu2TVBOL via @AOL'
6872c315b62290955ac8c8cad3663214,American Dark Age,'\''How It Should Have Ended\'' Examines \''The Avengers\'' Movie [Video] http://t.co/m3ghlssr via @AOL'
6872c315b62290955ac8c8cad3663214,Amy,'People are gullible RT @AOL: Fake celebrity tricks Times Square tourists into believing he''s famous http://t.co/hRteGvrN via @huffpostny'
6872c315b62290955ac8c8cad36626cf,Anderson Lattimore,Eva Mendes to Propose to Ryan Gosling? #aolon http://t.co/6CzNKqfO via @AOL:  Did anyone know that they were dating?
6872c315b62290955ac8c8cad36626cf,Aniket Nikumb,@utsavmitra "@suhelseth: Check out: Youth Conference 2012 at SRCC http://t.co/XrhYKPQR via @AOL"
6872c315b62290955ac8c8cad3663279,Annabella,Check out: AOL%20iPhone%20Mobile%20Applications. http://t.co/8gJwFrHf via @AOL
6872c315b62290955ac8c8cad3663214,Annie Moore,'@AOL this is so sick. Poor Lance, too sad. Glad he had enough of this, hope he can move on from these last 2 yrs &amp; now this! :-( #Armstrong'
6872c315b62290955ac8c8cad3663214,Annie Moore,@AOL very very sad to hear it still goes on &amp; on!!! Have a life now #Lance. You can do no more.
6872c315b62290955ac8c8cad3663214,Annie Moore,RT @AOL: BREAKING: Tour de France winner Lance Armstrong says he will not fight USADA doping charges http://t.co/eEG6mu2A via @huffpostsports
6872c315b62290955ac8c8cad36626cf,AOL Advertising,@AOL Earns Two Nominations on in @PRNews Digital Awards http://t.co/BBk7DNdY
6872c315b62290955ac8c8cad3663279,Aphonso,Reese Witherspoon Is Okay After Hospital Scare #aolon http://t.co/mXfx4VOU via @AOL
6872c315b62290955ac8c8cad36626cf,ariana delawari,@AzitaGhanizada @AOL @WomenforWomen awesome love ! keep shinin xo
6872c315b62290955ac8c8cad36626cf,ariana delawari,'RT @AzitaGhanizada: You''ve Got Azita Ghanizada #aolon http://t.co/5x4UISlW via @AOL cc: @WomenforWomen #womensrights #charity'
6872c315b62290955ac8c8cad3661f29,armando ramirez,'"@AOL: Jennifer Lopez''s TV show about a lesbian couple gets the green light from ABC Family http://t.co/eTVk58YF via @aolmusic" @Gummies87'
6872c315b62290955ac8c8cad3663214,Astrid Silva,'"@AOL: USADA issues statement saying they will strip Lance Armstrong of 7 Tour de France titles, ban him for life: http://t.co/hQO63io2"damn'
6872c315b62290955ac8c8cad36626cf,atanasia meina,'RT @AOL: Jerry Seinfeld opens up about ''Comedians In Cars Getting Coffee," his hilarious new web series http://t.co/BVwzkjxX via @huffposttv'
6872c315b62290955ac8c8cad3663c38,Author Jeff Kinley,'Geez!  You''ve Got Astra Woodcraft #aolon http://t.co/W92N4Rhr via @AOL'
6872c315b62290955ac8c8cad3663c38,AWNY,'The @MAKERSwomen stories developed by, #AWNY100 sponsor, @AOL are compelling check them out for inspiration. http://t.co/fegMI8eJ'
6872c315b62290955ac8c8cad3663214,Azita Ghanizada ,'You''ve Got Azita Ghanizada #aolon http://t.co/5x4UISlW via @AOL cc: @WomenforWomen #womensrights #charity'
6872c315b62290955ac8c8cad3663279,B Johnson ,'Accused Wife Killer Shouts "I''m Guilty" #aolon http://t.co/dhFMk1b1 via @AOL'
6872c315b62290955ac8c8cad3663279,B3-B3_SO_SW33T,JetBlue Employee Steals From 11-Year-Old #aolvideo http://t.co/jZDF62KO via @AOL
6872c315b62290955ac8c8cad3661f29,Barbara Nugent,'What''s In A Food Label? - Is Branding Food With "GMO" The Kiss Of Death? #aolon http://t.co/A4EyyJ7h via @AOL'
6872c315b62290955ac8c8cad36626cf,Barbara T  Gomez,RT @AOL: BREAKING: Shooting outside the Empire State Building http://t.co/k7XddAJ4 via @huffpostny
6872c315b62290955ac8c8cad3663279,Barron Reynolds,Justin Timberlake Finally Puts His Bachelor Pad Up For Sale #aolon http://t.co/d0Y6htNc via @AOL
6872c315b62290955ac8c8cad3663214,Basil,Check out: Save and Spray Mold Away -- Savings Experiment http://t.co/iJG5LN9O via @AOL
6872c315b62290955ac8c8cad3663214,Basil,JetBlue Employee Steals From 11-Year-Old #aolon http://t.co/jTpOzoqG via @AOL
6872c315b62290955ac8c8cad3663279,Belieber Forever,'RT @PencilsOfPromis: We''re honored to be featured on the homepage of @AOL as the @AOLImpact cause of the day! http://t.co/JHKpfnnC #Impossible'
6872c315b62290955ac8c8cad3663c38,bettyann amaral,'RT @AOL: AWWW -&gt; Dog carries puppies out of burning house, brings them to fire truck (PHOTO) http://t.co/V1B4ckCS via @hpgoodnews'
6872c315b62290955ac8c8cad3663c38,Bevin Middleton,'RT @AOL: Don''t miss a new day of @huffpostlive about to start now: http://t.co/3pvPcJzH'
6872c315b62290955ac8c8cad3663279,Bia Lopes,@PencilsOfPromis @AOL @AOLImpact Congrats!
6872c315b62290955ac8c8cad3663279,Bia Lopes,'RT @PencilsOfPromis: We''re honored to be featured on the homepage of @AOL as the @AOLImpact cause of the day! http://t.co/JHKpfnnC #Impossible'
6872c315b62290955ac8c8cad3663279,BoogieBoogs Sis,Reese Witherspoon Is Okay After Hospital Scare #aolon http://t.co/u3ePAFHS via @AOL
6872c315b62290955ac8c8cad3661f29,Bowie Patch,'I''ll never be "rich" either way, but neat app. RT @aol: Would you be richer if Obama or Romney won? http://t.co/SsR1Snao via @daily_finance'
6872c315b62290955ac8c8cad3663279,Brad Haugen,'RT @PencilsOfPromis: We''re honored to be featured on the homepage of @AOL as the @AOLImpact cause of the day! http://t.co/JHKpfnnC #Impossible'
6872c315b62290955ac8c8cad3663214,Brady Steele,'Parting Shot: How \''The Dark Knight Rises\'' Should Have Ended [Video] http://t.co/5SP99oc1 via @AOL'
6872c315b62290955ac8c8cad3663279,Brandon Navedo,RT @_ahmedinaa: LMFAOOOO my moms going on her facebook and she put @aoldacom when its @aol.com #dyinggggg @BosnianProblems
6872c315b62290955ac8c8cad3663c38,Brent Hankins,'RT @AOL: AWWW -&gt; Dog carries puppies out of burning house, brings them to fire truck (PHOTO) http://t.co/V1B4ckCS via @hpgoodnews'
6872c315b62290955ac8c8cad3663279,Brianna S,JetBlue Employee Steals From 11-Year-Old #aolon http://t.co/fHbeuQbM via @AOL DAMN SHAME
6872c315b62290955ac8c8cad3661f29,Brittany Bonesteel,Camel Survives Car Crash in India #aolon http://t.co/KQW952Oj via @AOL
6872c315b62290955ac8c8cad36626cf,Bronxbomber,'RT @AOL: Jennifer Lopez''s TV show about a lesbian couple gets the green light from ABC Family http://t.co/JOBY3YND via @aolmusic'
6872c315b62290955ac8c8cad3663c38,Bruce Boillotat,'Check out: The Do''s and Don''ts of Drinking Cocktails http://t.co/G9g3aHIq via @AOL (the table spoon of corn/or/olive oil works)'
6872c315b62290955ac8c8cad3661f29,CaliforniaPTA,@NationalPTA will be featured as the @AOL "Cause of the Day" tomorrow. Check it out - http://t.co/7P4Yk7lR #nonprofit #pta
6872c315b62290955ac8c8cad3663c38,Carly Steet,'I seriously hate that every story I want to READ on @aol is a video. I don''t want to wait to watch the vid, I want to read the damn article.'
6872c315b62290955ac8c8cad36626cf,Carmen M. Tamacas,RT @AOL: Is Tony Danza running for NYC Mayor? http://t.co/tgGTnLTh via @huffpostny
6872c315b62290955ac8c8cad36626cf,carol natoli,Loss of Bridge Leaves Missouri Couple Stranded at Home #aolon http://t.co/Aq6GuH7z via @AOL
6872c315b62290955ac8c8cad36626cf,carol natoli,Pay What You Feel - Can We Be Trusted To Pay Up Without Price Tags? #aolon http://t.co/5cC1dHDL via @AOL
6872c315b62290955ac8c8cad3663c38,Cassandra Japtha,'RT @AOL: AWWW -&gt; Dog carries puppies out of burning house, brings them to fire truck (PHOTO) http://t.co/V1B4ckCS via @hpgoodnews'
6872c315b62290955ac8c8cad3663279,cathy,'''Who The (Bleep)'': Woman''s Husband Lights Her On Fire #aolon http://t.co/ZZX2fsMn via @AOL'
6872c315b62290955ac8c8cad3663c38,cathy,Scientology Healing Techniques #aolon http://t.co/0FMX7ehC via @AOL
6872c315b62290955ac8c8cad3663c38,cathy,'You''ve Got Astra Woodcraft #aolon http://t.co/KnV2xY2L via @AOL'
6872c315b62290955ac8c8cad3661f29,Chandra M Sharan,'Check out: If women can''t walk out and be safe, why pay taxes?: Gul Panag http://t.co/eXBIW87I via @AOL'
6872c315b62290955ac8c8cad36626cf,chelleC ,RT @AOL: BREAKING: Shooting outside the Empire State Building http://t.co/k7XddAJ4 via @huffpostny
6872c315b62290955ac8c8cad36626cf,chris perguidi,'Rob Liefeld Quits DC On Twitter, Names Names And Points Fingers http://t.co/tfbUP0HS via @AOL'
6872c315b62290955ac8c8cad3663279,Ciecieee cullen,'RT @AOL: Police want to install gun safes, store rifles in high schools http://t.co/blDtZ0sJ via @plainfieldpatch'
6872c315b62290955ac8c8cad3663214,cinnamonshelper,'RT @dudeman718: Parting Shot: How \''The Dark Knight Rises\'' Should Have Ended [Video] http://t.co/gnQWW6zV via @AOL'
6872c315b62290955ac8c8cad36626cf,Cliff Ferby,Two Women Killed Trying To Save Crash Victim #aolon http://t.co/bUgVsO8B via @AOL
6872c315b62290955ac8c8cad36626cf,Cocoa Popps,'RT @AOL: Jennifer Lopez''s TV show about a lesbian couple gets the green light from ABC Family http://t.co/JOBY3YND via @aolmusic'
6872c315b62290955ac8c8cad3663279,Cody Scott Hayes,'codyhayes2 @aol.com Add me, anyone. #bringinitback'
6872c315b62290955ac8c8cad3663c38,Colleen Hawkins,@AOL @huffpostceleb
6872c315b62290955ac8c8cad3663c38,ComiCCloseup,'Rob Liefeld Quits DC on Twitter, Names Names and Points Fingers http://t.co/AjTwrUB0 via @AOL'
6872c315b62290955ac8c8cad36626cf,Concierge Auctions,Chateau in Studio City Mixes Flapper Glam and Modern Luxury (@aol House of the Day) http://t.co/Xm1JyxZi #realestate
6872c315b62290955ac8c8cad3663214,Conserving Coco,Check out: Saving on Bathroom Essentials -- Savings Experiment http://t.co/rGY6NaqQ via @AOL
6872c315b62290955ac8c8cad3663214,Courtney Leiva,RT @Yagolicious: #YagoChat with @CourtneyLeiva &amp; @SuperGlamNews with @AOL on-air makeup artist @NaomiandJean 8-9PM EST tonight!
6872c315b62290955ac8c8cad3663214,Courtney Leiva,RT @Yagolicious: Tweet-in in with @CourtneyLeiva &amp; @SuperGlamNews with @AOL on air makeup artist and Allure Beauty Expert @NaomiandJean #YagoChat
6872c315b62290955ac8c8cad3663214,Courtney Leiva,RT @Yagolicious: Tweetin in with @CourtneyLeiva &amp; @SuperGlamNews with @AOL on air makeup artist and Allure Beauty Expert @NaomiandJean #YagoChat
6872c315b62290955ac8c8cad3663c38,Courtney Leiva,RT @Yagolicious: Join #YagoChat tonight host @CourtneyLeiva &amp; @SuperGlamNews with guest host @Aol on air makeup artist @NaomiandJean to talk makeup #YagoChat
6872c315b62290955ac8c8cad3663214,Coy Falco,'RT @cinnamonshelper: RT @dudeman718: Parting Shot: How \''The Dark Knight Rises\'' Should Have Ended [Video] http://t.co/gnQWW6zV via @AOL'
6872c315b62290955ac8c8cad3663c38,Craig Rodkin,'Penguin Steals a Girl''s Camera at the Berlin Zoo #aolon http://t.co/qzVw8Rfn via @AOL'
6872c315b62290955ac8c8cad3663214,Crystal Parra,Apocalypse-Themed Pin-Up Girl Calendar Offers An Alluring Take On Doomsday http://t.co/pf53W4DY via @AOL Want this bad!
6872c315b62290955ac8c8cad3663c38,cynthia parker,Check out: Save and Spray Mold Away -- Savings Experiment http://t.co/wYTh1DAd via @AOL
6872c315b62290955ac8c8cad36626cf,CynthiadelaMerced,'Penguin Steals a Girl''s Camera at the Berlin Zoo #aolon http://t.co/0KOS4TXI via @AOL'
6872c315b62290955ac8c8cad36626cf,Damien Moss,RT @AOL: BREAKING: Shooting outside the Empire State Building http://t.co/k7XddAJ4 via @huffpostny
6872c315b62290955ac8c8cad3663c38,Dana Kennedy,'Scientology video tell-all: You''ve Got Astra Woodcraft #aolon http://t.co/X5Hm8mxJ via @AOL'
6872c315b62290955ac8c8cad3663279,Dane Capital,@AOL @skyeonaol &gt; #FoodForTaught The Republicans just planed to have a event in Fla now were preparing the hole state for disaster  #woooow
6872c315b62290955ac8c8cad3663279,Dane Capital,America On__Line @AOL chek you might as well make the U.S. flag your default pic &amp; lets get this cake
6872c315b62290955ac8c8cad3663279,Daniel Rodriguez,'Check out: The Do\''s and Don\''ts of Drinking Cocktails http://t.co/bJ5p2my3 via @AOL'
6872c315b62290955ac8c8cad3661f29,Danielle ,RT @AOL: Empire State Building shootings: Another case of worker rage? http://t.co/2Kr6QssP via @aoljobs
6872c315b62290955ac8c8cad3663279,Danny Williams,'The Attitude Era Returns To Video Games In \''WWE 13\'' http://t.co/BWYHmRhs via @AOL'
6872c315b62290955ac8c8cad3663279,David Sheldon,@jamesosul yes mate manudave1966 @aol.com
6872c315b62290955ac8c8cad3663c38,Dennis  Williams,Check out: Save and Spray Mold Away -- Savings Experiment http://t.co/uPpPpbMm via @AOL
6872c315b62290955ac8c8cad36626cf,diwakar da just,(NICE WAY TO GET MARRIED) Couple Tie the Knot on Jetpacks #aolon http://t.co/KUAaJrSt via @AOL
6872c315b62290955ac8c8cad36626cf,diwakar da just,Camel Survives Car Crash in India #aolon http://t.co/wi41XSBO via @AOL
6872c315b62290955ac8c8cad36626cf,diwakar da just,Two Women Killed Trying To Save Crash Victim #aolon http://t.co/YwI3QTcA via @AOL
6872c315b62290955ac8c8cad3663c38,DJ Sartin,'RT @AOL: Police want to install gun safes, store rifles in high schools http://t.co/blDtZ0sJ via @plainfieldpatch'
6872c315b62290955ac8c8cad3663214,Doctor Loveless,JetBlue Employee Steals From 11-Year-Old #aolon http://t.co/IpyTQa41 via @AOL
6872c315b62290955ac8c8cad3661f29,Don Morgan,RT @AOL: Empire State Building shootings: Another case of worker rage? http://t.co/2Kr6QssP via @aoljobs
6872c315b62290955ac8c8cad3663214,donna s. scott,RT @WonderWomanDoc: Superhero Body Diversity: Female Artists Offer Their Take http://t.co/EL24k74a via @AOL http://t.co/ugVIbJzy
6872c315b62290955ac8c8cad3661f29,Dr. Cynthia Cole,Loss of Bridge Leaves Missouri Couple Stranded at Home #aolon http://t.co/uS4Bx5QL via @AOL
6872c315b62290955ac8c8cad3661f29,Dr. Cynthia Cole,Morning Rush Viral 8/21/12 #aolon http://t.co/5JeYKVMn via @AOL
6872c315b62290955ac8c8cad3663214,Dr. Cynthia Cole,JetBlue Employee Steals From 11-Year-Old #aolon http://t.co/HWZP1uLH via @AOL
6872c315b62290955ac8c8cad3663c38,Dr. Cynthia Cole,'''Who The (Bleep)'': Woman''s Husband Lights Her On Fire #aolon http://t.co/AT34ZijZ via @AOL'
6872c315b62290955ac8c8cad3663c38,Dr. Cynthia Cole,Mother Denied Right To Pump Breast Milk At Work #aolon http://t.co/JOyinjOp via @AOL
6872c315b62290955ac8c8cad3663c38,Dr. Cynthia Cole,Pet Prompts Gitmo Debate - Does It Take a Cat To Get Gitmo In The News? #aolon http://t.co/zFTcNMb0 via @AOL
6872c315b62290955ac8c8cad3661f29,Dr. Elizabeth Tanzi,Dr Tanzi on @aol re: How To Repair Summer Skin Damage http://t.co/28dP9lN7
6872c315b62290955ac8c8cad3661f29,Dr. Tina Alster,Dr Tanzi on @aol re: How To Repair Summer Skin Damage http://t.co/8o0iIW8x
6872c315b62290955ac8c8cad3661f29,Dr. Tina Alster,Dr Tanzi on @aol re: How To Repair Summer Skin Damage http://t.co/nZUOISPH
6872c315b62290955ac8c8cad3661f29,dzyn4wine,RT @Skinlaser: Dr Tanzi on @aol re: How To Repair Summer Skin Damage http://t.co/nZUOISPH
6872c315b62290955ac8c8cad3663214,E_Joyce,'@AOL @huffpostsports because it''s a waste of money.'
6872c315b62290955ac8c8cad36626cf,E.M.M. ,JetBlue Employee Steals From 11-Year-Old #aolon http://t.co/N9IEriib via @AOL
6872c315b62290955ac8c8cad3663c38,Elizabeth Govea,'Check out: Virgo Horoscopes: Daily, Love &amp; Monthly Forecast - MyDaily http://t.co/Eu52y8VZ via @AOL'
6872c315b62290955ac8c8cad3663279,Elizabeth Roy,Soaking in massive knowledge from @shingy @AOL
6872c315b62290955ac8c8cad3663214,elleternal,'Shark Attack: A Survivor''s Story #aolon http://t.co/LZ6gW08E via @AOL'
6872c315b62290955ac8c8cad3663c38,Ellie Ohebshalom,Check out: Save and Spray Mold Away -- Savings Experiment http://t.co/zLfAFNfx via @AOL
6872c315b62290955ac8c8cad3663279,Elzbieta D Jaworska,'Bill Clinton Stars In New Obama Ad: ''This Is A Clear Choice'' #aolvideo http://t.co/iYpY053b via @AOL'
6872c315b62290955ac8c8cad3663c38,Emma Holt,Bit fed up of @aol not allowing me to send emails to hotmail accounts #hassle
6872c315b62290955ac8c8cad3663c38,ERP,'Check out: The Do\''s and Don\''ts of Drinking Cocktails http://t.co/HJ4SbwPU via @AOL'
6872c315b62290955ac8c8cad3663214,Etain,'You''ve Got Astra Woodcraft #aolon http://t.co/l27xwliU via @AOL Watch this ex-Sci talk about her painful experience.'
6872c315b62290955ac8c8cad3663214,Evie,'Haha, I''ll bet!! RT @AOL Ryan Lochte is "kinda happy" he wasn''t invited to Prince Harry''s naked billiards party http://t.co/cLNem0k'
6872c315b62290955ac8c8cad3661f29,Exclusive Artists ,'RT @jjhanousek: Check out this interview with @AzitaGhanizada. You''ve Got Azita Ghanizada #aolon http://t.co/B9P6d2hD via @AOL @WomenforWomen'
6872c315b62290955ac8c8cad36626cf,Faslu Rahman,'RT @AOL: Don''t miss a new day of @huffpostlive about to start now: http://t.co/3pvPcJzH'
6872c315b62290955ac8c8cad36626cf,felice mohead,'Daughter Begins ''Hoarding'' Like Her Mother #aolon http://t.co/RzLZX8pd via @AOL'
6872c315b62290955ac8c8cad36626cf,felice mohead,'You''ve Got Azita Ghanizada #aolon http://t.co/DJQxGni9 via @AOL'
6872c315b62290955ac8c8cad3663214,flavio rucci,Watch Moebius Draw In Some Of The Final Footage Of The Artist At Work [Video] http://t.co/Y6c8PqQu via @AOL
6872c315b62290955ac8c8cad36626cf,Fletcher Jones,'You''ve Got Azita Ghanizada #aolon http://t.co/0hy5D6JZ via @AOL'
6872c315b62290955ac8c8cad36626cf,Flynn Jones,Azita Ghanizada told her job was shameful #aolon http://t.co/Ds2U02Qg via @AOL
6872c315b62290955ac8c8cad3661f29,Francisco V Canete,RT @AOL: No degree? No problem. Check out these top jobs for high school dropouts: http://t.co/QBHgr2Ne via @aoljobs
6872c315b62290955ac8c8cad3663c38,Frank Reed,'RT @StephLauren: So far, I''ve seen @AOL, @Reuters and @Mashable with new Google+ vanity URLs today. Anyone else? ( thx@steveplunkett )'
6872c315b62290955ac8c8cad3663214,Fryda Wolff,RT @MahmudAsrar: Apocalypse-Themed Pin-Up Girl Calendar Offers An Alluring Take On Doomsday http://t.co/DwZOsDMX via @AOL
6872c315b62290955ac8c8cad3663279,G Investor,'Worst Superhero Movie Pants EVER! #SDCC "Hot Toys Reveals \''X-Men: The Last Stand\'' Wolverine Figure http://t.co/jp0Strhz via @AOL"'
6872c315b62290955ac8c8cad3663279,G.,@KyleZombies GeenaMarie92 @aol.com
6872c315b62290955ac8c8cad3663214,Gail Williams,Check out: Save and Spray Mold Away -- Savings Experiment http://t.co/xEHDIsiv via @AOL
6872c315b62290955ac8c8cad3663214,Garry Boldwater,'RT @Robin_Leach: How dare US org do this to Euro org that cleared heroic Lance RT@AOL:USADA strips Armstrong of 7 France titles,life ban http://t.co/WkJA1trp'
6872c315b62290955ac8c8cad3663279,Gary Newsom,'Accused Wife Killer Shouts "I''m Guilty" #aolon http://t.co/ofL8blso via @AOL then his lawyers plead ''not guilty'' for him'
6872c315b62290955ac8c8cad3663279,Gary Newsom,JetBlue Employee Steals From 11-Year-Old #aolon http://t.co/TKFTWoUB via @AOL
6872c315b62290955ac8c8cad3663279,Gary Newsom,More Than 3 Million Bees Confiscated From Home #aolon http://t.co/bDziQ5Nl via @AOL
6872c315b62290955ac8c8cad3663c38,gemma,First Shots of Katie Holmes After Divorce Finalized #aolon http://t.co/J61JKs8y via @AOL
6872c315b62290955ac8c8cad3663214,Gheaffelay,Check out: Share on Twitter http://t.co/QqL4woYa via @AOL
6872c315b62290955ac8c8cad3661f29,GiveForward,Very moving trailer of The Waiting Room.  http://t.co/JQOMANCM via @AOL What was your ER experience? Where?
6872c315b62290955ac8c8cad36626cf,Global Sports Blog,'What''s In A Food Label? - Is Branding Food With "GMO" The Kiss Of Death? #aolon http://t.co/neMsAmCA via @AOL'
6872c315b62290955ac8c8cad3663279,Gotta Love BDavis,'RT @PencilsOfPromis: We''re honored to be featured on the homepage of @AOL as the @AOLImpact cause of the day! http://t.co/JHKpfnnC #Impossible'
6872c315b62290955ac8c8cad36626cf,Graham Donnelly,RT @MahmudAsrar: Apocalypse-Themed Pin-Up Girl Calendar Offers An Alluring Take On Doomsday http://t.co/DwZOsDMX via @AOL
6872c315b62290955ac8c8cad3663c38,Greg Nisall,'@AOL is email down or something? Can''t check from computer or mobile!'
6872c315b62290955ac8c8cad3663279,Greg Shaffer,@chrisRgreene Had no idea @Aol still existed.
6872c315b62290955ac8c8cad3663214,Habiba.,'RT @PencilsOfPromis: We''re honored to be featured on the homepage of @AOL as the @AOLImpact cause of the day! http://t.co/JHKpfnnC #Impossible'
6872c315b62290955ac8c8cad36626cf,hazel lightfoot,Camel Survives Car Crash in India http://t.co/axgS9ZEx via @AOL
6872c315b62290955ac8c8cad3661f29,HEBER  PORTILLO ,@AOL heberportillo
6872c315b62290955ac8c8cad36626cf,Hedgefund.net,RT @AOL: BREAKING: Shooting outside the Empire State Building http://t.co/k7XddAJ4 via @huffpostny
6872c315b62290955ac8c8cad3661f29,HoseStaxx,Kim Kardashian Does the Diana Ross Hair Do #aolon http://t.co/ha1D43gj via @AOL
6872c315b62290955ac8c8cad3663c38,I Am Your Leader,I NEVER LIKED YOU ANYWAYS @AOL #TeamGoogle
6872c315b62290955ac8c8cad36626cf,IM Ninjas,'Controlling Google''s largest search partner, @AOL Search http://t.co/Co21eVZZ #SEO'
6872c315b62290955ac8c8cad36626cf,'IndividualOnOne''sOwn',RT @themotleyfool: Tom and David Gardner doing an interview for @AOL on the floor of the @NYSEEuronext. #investbetterday http://t.co/8pgfBhgg
6872c315b62290955ac8c8cad3663c38,Internet Summit,'Curtis Brown, CTO for @AOL leads speakers for @internet_summit 2012 Tech Track http://t.co/ebFiKnWt #ISum12 #Tech #IT #Digital #RDU #RTP'
6872c315b62290955ac8c8cad36626cf,Isabel Celeste,'You''ve Got Fran Drescher on Cancer Prevention #aolon http://t.co/N6OUXXf1 via @AOL...cancer...schmancer'
6872c315b62290955ac8c8cad3663c38,James L. Robinson,'''Late Night'': Tyra Banks Measures Jimmy Fallon''s Forehead #aolon http://t.co/72D3e0XF via @AOL'
6872c315b62290955ac8c8cad3663279,James Young,Check out: Save and Spray Mold Away -- Savings Experiment http://t.co/hKYl8NUF via @AOL
6872c315b62290955ac8c8cad3663214,Jamie :),'RT @AOL: Ryan Lochte is "kinda happy" he wasn''t invited to Prince Harry''s naked billiards party http://t.co/cLNem0ki via @huffposttv'
6872c315b62290955ac8c8cad36626cf,Jamil Flores,RT @jmus8804: Alcohol and Tobacco Are More Harmful Than Many Illegal Drugs http://t.co/NlvsGcDG via @AOL #Legalise #T11A @EmmaRose2344
6872c315b62290955ac8c8cad3663279,Jan,JetBlue Employee Steals From 11-Year-Old #aolon http://t.co/cnqOxUYE via @AOL
6872c315b62290955ac8c8cad3661f29,Jan Fisher,'Here''s one you don''t see every day... -   Camel Survives Car Crash in India #aolon http://t.co/GAPZWTyS via @AOL'
6872c315b62290955ac8c8cad3663214,JanelleM,Alcohol and Tobacco Are More Harmful Than Many Illegal Drugs http://t.co/NlvsGcDG via @AOL #Legalise #T11A @EmmaRose2344
6872c315b62290955ac8c8cad3661f29,Jaylon Lee Breaux,Morning Rush Viral 8/21/12 #aolon http://t.co/0Io6UFve via @AOL
6872c315b62290955ac8c8cad3661f29,Jc2009USA,Alex Rodriguez Voted Phoniest MLB Player By Peers #aolon http://t.co/6hmaYvv5 via @AOL
6872c315b62290955ac8c8cad3661f29,Jc2009USA,Camel Survives Car Crash in India #aolon http://t.co/m1nxfG4S via @AOL
6872c315b62290955ac8c8cad3661f29,Jc2009USA,'Imprisoning Our Economy - David Cowan''s Story #aolon http://t.co/COUFQmEJ via @AOL'
6872c315b62290955ac8c8cad3661f29,Jc2009USA,'Kim Kardashian Buys Herself A $100,000 Self-Flushing Toilet #aolon http://t.co/iDZr79v1 via @AOL'
6872c315b62290955ac8c8cad3661f29,Jc2009USA,Woman Gets Pedal Stuck Driving 110 Mph #aolon http://t.co/muQ9vyAB via @AOL
6872c315b62290955ac8c8cad3663214,Jc2009USA,Eva Mendes to Propose to Ryan Gosling? #aolon http://t.co/0Kv4J2OV via @AOL MAYBE SHE WATCHED THE MOVIE "LEAP YEAR"?
6872c315b62290955ac8c8cad3663279,Jc2009USA,JetBlue Employee Steals From 11-Year-Old #aolon http://t.co/Z4RK14EI via @AOL
6872c315b62290955ac8c8cad3663c38,Jc2009USA,Check out: Save and Spray Mold Away -- Savings Experiment http://t.co/mhVEAFos via @AOL
6872c315b62290955ac8c8cad3663c38,Jc2009USA,Mother Denied Right To Pump Breast Milk At Work #aolon http://t.co/6EzT1fkr via @AOL
6872c315b62290955ac8c8cad3663c38,Jc2009USA,'You''ve Got Astra Woodcraft #aolon http://t.co/OmRXzANw via @AOL'
6872c315b62290955ac8c8cad36626cf,Jenn ,#FF Great Tweeps @richard_solo @DVF @RiedelUSA @MiaDonnaCompany @bamboosoap @PriceGrabber @webucator @amymingllc @GoWarn @meliebianco @AOL
6872c315b62290955ac8c8cad36626cf,Jennifer ,'10 Things You Don''t Know About My Life As a Dominatrix http://t.co/t60j5mft via @AOL'
6872c315b62290955ac8c8cad3663c38,Jim Horvath,'You''ve Got Astra Woodcraft #aolon http://t.co/UvUK6fl3 via @AOL'
6872c315b62290955ac8c8cad3661f29,JoAnn H Kelly,@ReillyRick tried to send u email today @aol acct and it got kicked back??
6872c315b62290955ac8c8cad3663279,joe satran,'For the past few weeks, @AOL has been announcing its Happy Hours with bells over the PA system, invariably provoking chuckles.'
6872c315b62290955ac8c8cad3663279,Joey Blumenfeld,'RT @PencilsOfPromis: We''re honored to be featured on the homepage of @AOL as the @AOLImpact cause of the day! http://t.co/JHKpfnnC #Impossible'
6872c315b62290955ac8c8cad3663c38,Joey Healy,RT @RocktheLook: @TVDivaGal gets the celebrity brow treatment from Joey healy @joeyhealybrows @beautylish @BeautyBlitz @AP_Fashion @aol http://t.co/11FJ5a1b
6872c315b62290955ac8c8cad3663c38,Joey Healy,Such an amazing time this morning with the girls from Diva Gals Daily!!!! @RocktheLook @tvdivagal @beautylish @beautyblitz @ap_fashion @aol
6872c315b62290955ac8c8cad3663c38,john a clipper,Mother Denied Right To Pump Breast Milk At Work #aolon http://t.co/ir6NK9M5 via @AOL the boss is a bully
6872c315b62290955ac8c8cad3663214,John Burrill,JetBlue Employee Steals From 11-Year-Old #aolon http://t.co/0p26k95g via @AOL
6872c315b62290955ac8c8cad3663c38,John Celock,'RT @AOL: Lobster rolls vs. clam chowder. Vote now in @kitchendaily''s final round of the New England Deathmatch! http://t.co/oos47dYf'
6872c315b62290955ac8c8cad3663c38,John Webb,New Interactive DC Comics Logos Deployed in March http://t.co/wQD3xVgx via @AOL #branding #identity #mixedfeelings #creative
6872c315b62290955ac8c8cad3661f29,Jonathan J Hanousek,'Check out this interview with @AzitaGhanizada. You''ve Got Azita Ghanizada #aolon http://t.co/B9P6d2hD via @AOL @WomenforWomen'
6872c315b62290955ac8c8cad3661f29,Jonathan Smith,.@AOL See? http://t.co/Jj8dU2Lg
6872c315b62290955ac8c8cad3661f29,Jonathan Smith,'You wanna tell me what the fuck this is about, @AOL? I was in the middle of a conversation about glazed balls. http://t.co/MDtMXi97'
6872c315b62290955ac8c8cad3663279,Jose Torres,'RT @KurtChristenson: \''The Invisibles\'' Omnibus Collects The Essence Of Grant Morrison In 1500 Pages http://t.co/xz3mBlD7 via @AOL This series is my bible.'
6872c315b62290955ac8c8cad3663214,Joseph Cannizzaro,'Parting Shot: How \''The Dark Knight Rises\'' Should Have Ended [Video] http://t.co/ExrnA4Rj via @AOL'
6872c315b62290955ac8c8cad3663279,Josh Tabon,Superhero Body Diversity: Female Artists Offer Their Take http://t.co/nO088h4N via @AOL
6872c315b62290955ac8c8cad3663279,Joyce McFadden,Advice on sex ed for girls featured on AOL and Huffington Post http://t.co/FCIYt56W @AOL @The_Stir @parenting @KidsHealth @MotheringMag
6872c315b62290955ac8c8cad3661f29,jude,Three Die in Chinese Bridge Collapse #aolon &amp; China is building what bridge in America? http://t.co/qnPq95LB via @AOL
6872c315b62290955ac8c8cad3663279,Jules ,Mother Denied Right To Pump Breast Milk At Work #aolon http://t.co/B5xdE1mx via @AOL // Hope the manager gets fired.
6872c315b62290955ac8c8cad3663279,Julie De Jesus ,JetBlue Employee Steals From 11-Year-Old #aolon http://t.co/ZG8sqntH via @AOL
6872c315b62290955ac8c8cad3663214,Julie_Kanon,'You''ve Got Astra Woodcraft: Founder of http://t.co/c7cbng4a Why I left #Scientology http://t.co/FG7lxHSA via #aolon   @AOL #StopChildAbuse'
6872c315b62290955ac8c8cad3663279,Julien Konczak,'This wolrd is going crazy... good luck ROB! RT Rob Liefeld Quits DC On Twitter, Names Names And Points Fingers http://t.co/zbGy4FXF via @AOL'
6872c315b62290955ac8c8cad3663279,justjack47,Mother Denied Right To Pump Breast Milk At Work #aolon http://t.co/7a7s5cu9 via @AOL
6872c315b62290955ac8c8cad3663279,Kalle Ints,'Accused Wife Killer Shouts "I''m Guilty" #aolon http://t.co/HyGOnyKT via @AOL'
6872c315b62290955ac8c8cad3663279,kardashiandoll,Hippo Stuck in South African Swimming Pool #aolon http://t.co/taP2nzCc via @AOL
6872c315b62290955ac8c8cad3663c38,Kat Rocha,Man Allegedly Attacks Roommate And Mother With Fake Wolverine Claws http://t.co/CFlUYU38 via @AOL
6872c315b62290955ac8c8cad3663279,Kathryn,'I love this take on She-Hulk &gt; First Look: Mike Allred\''s Variant Cover For \''FF\'' #5 Spotlights She-Hulk http://t.co/sJ4hTEZJ via @AOL'
6872c315b62290955ac8c8cad3663214,kathymfish,"Lincoln" Poster Shows Daniel Day-Lewis Bearing Striking Resemblance to Abraham Lincoln #aolon http://t.co/Y8sUBJRp via @AOL
6872c315b62290955ac8c8cad3663214,Kendro Kleen,Woman Installs Hidden Butt Cam To Catch Gawkers #aolon http://t.co/iQHKEg1z via @AOL EYESS UPP!! ahaha
6872c315b62290955ac8c8cad3663214,Kevin B Snyder,'RT @Robin_Leach: How dare US org do this to Euro org that cleared heroic Lance RT@AOL:USADA strips Armstrong of 7 France titles,life ban http://t.co/WkJA1trp'
6872c315b62290955ac8c8cad36626cf,kewlfocus,RT @AOL: BREAKING: Shooting outside the Empire State Building http://t.co/k7XddAJ4 via @huffpostny
6872c315b62290955ac8c8cad3663c38,Kimberly Madewell,Check out: Save and Spray Mold Away -- Savings Experiment http://t.co/rurtdoKa via @AOL
6872c315b62290955ac8c8cad3663214,Kimberly Phipps,Mother Denied Right To Pump Breast Milk At Work #aolon http://t.co/iXSxoKBT via @AOL
6872c315b62290955ac8c8cad36626cf,KimMoldofsky,'RT @superdumb: RT @AOL: BREAKING: Shooting outside the Empire State Building http://t.co/IDhw9QsC via @HuffPostNY &lt;---WTF, people?'
6872c315b62290955ac8c8cad3661f29,kneel downe,'Genius. RT @RenZelen: \''The Invisibles\'' Omnibus Collects The Essence Of Grant Morrison In 1500 Pages http://t.co/QIUorCVA via @AOL'
6872c315b62290955ac8c8cad3663214,KRIS BEIL,RT @Yagolicious: #YagoChat with @CourtneyLeiva &amp; @SuperGlamNews with @AOL on-air makeup artist @NaomiandJean 8-9PM EST tonight!
6872c315b62290955ac8c8cad3663214,Kristy G. Flanagan,Superhero Body Diversity: Female Artists Offer Their Take http://t.co/EL24k74a via @AOL http://t.co/ugVIbJzy
6872c315b62290955ac8c8cad3663279,Kurt Christenson,'\''The Invisibles\'' Omnibus Collects The Essence Of Grant Morrison In 1500 Pages http://t.co/xz3mBlD7 via @AOL This series is my bible.'
6872c315b62290955ac8c8cad36626cf,LA 411 Magazine,'Imprisoning Our Economy - David Cowan''s Story #aolon http://t.co/tvFAd4Ed via @AOL'
6872c315b62290955ac8c8cad3663214,LA 411 Magazine,'Beyond Scared Straight: It''s Not My Bag #aolon http://t.co/TkVUVl4A via @AOL'
6872c315b62290955ac8c8cad3663279,lady dorway,LL Cool J Nabs Home Intruder #aolon http://t.co/YTi3MfSd via @AOL
6872c315b62290955ac8c8cad3661f29,Lance Wolder,'[VIDEO] What''s In A Food Label? - Is Branding Food With "GMO" The Kiss Of Death? #heath http://t.co/9DMNusGd via @AOL @HuffPostLive'
6872c315b62290955ac8c8cad3663279,Laura Sampson,Check out: Save and Spray Mold Away -- Savings Experiment http://t.co/y0Inla5s via @AOL
6872c315b62290955ac8c8cad3663279,Lauren Bloch,Check out awesome new AD Ops &amp; Pub Services Internships at http://t.co/G5kvHIOg today! @aol @AOLAdvertising @InternQueen @internships
6872c315b62290955ac8c8cad3663279,laurieeee,'RT @PencilsOfPromis: We''re honored to be featured on the homepage of @AOL as the @AOLImpact cause of the day! http://t.co/JHKpfnnC #Impossible'
6872c315b62290955ac8c8cad3663c38,Lawlor Media Group,RT @RocktheLook: @TVDivaGal gets the celebrity brow treatment from Joey healy @joeyhealybrows @beautylish @BeautyBlitz @AP_Fashion @aol http://t.co/11FJ5a1b
6872c315b62290955ac8c8cad3663214,Liliana Komorowska,'RT @Robin_Leach: How dare US org do this to Euro org that cleared heroic Lance RT@AOL:USADA strips Armstrong of 7 France titles,life ban http://t.co/WkJA1trp'
6872c315b62290955ac8c8cad3663214,Linda ErwinGallagher,'''Who The (Bleep)'': Woman''s Husband Lights Her On Fire #aolon http://t.co/HG0xTi6s via @AOL'
6872c315b62290955ac8c8cad3661f29,Lisa C,#FF have a great weekend!  @UbiChamps @AOL @BubbleTalkGame @gameinterface @2KGames @Reviewanygame @RazerStore @EdgeShaveZone @RyanSeacrest
6872c315b62290955ac8c8cad36626cf,Lisa Hafey,'You''ve Got Azita Ghanizada #aolon http://t.co/LZBWwNOv via @AOL'
6872c315b62290955ac8c8cad3663279,Lisa Marie Aquilone,'Check out: The Do\''s and Don\''ts of Drinking Cocktails http://t.co/8VtEQxpr via @AOL'
6872c315b62290955ac8c8cad36626cf,Lisa O Brien,RT @AOL: BREAKING: Shooting outside the Empire State Building http://t.co/k7XddAJ4 via @huffpostny
6872c315b62290955ac8c8cad3663c38,Liz Hodsdon Kapaun,'What do you think of Scientology?  You''ve Got Astra Woodcraft #aolon http://t.co/l5TO2h6H via @AOL'
6872c315b62290955ac8c8cad3663279,LLOYD DONNELLY,'RT @PencilsOfPromis: We''re honored to be featured on the homepage of @AOL as the @AOLImpact cause of the day! http://t.co/JHKpfnnC #Impossible'
6872c315b62290955ac8c8cad3663c38,Lora F.,'''Who The (Bleep)'': Woman''s Husband Lights Her On Fire #aolon http://t.co/9p3rTQEI via @AOL'
6872c315b62290955ac8c8cad3663c38,Lora F.,'Beyond Scared Straight: It''s Not My Bag #aolon http://t.co/rSgX1g75 via @AOL'
6872c315b62290955ac8c8cad3663c38,Lora F.,Mother Denied Right To Pump Breast Milk At Work #aolon http://t.co/1q09al2c via @AOL
6872c315b62290955ac8c8cad3663214,Lorrie Thomson,'RT @AmyRBromberg: People are gullible RT @AOL: Fake celebrity tricks Times Square tourists into believing he''s famous http://t.co/hRteGvrN via @huffpostny'
6872c315b62290955ac8c8cad36626cf,Lynnae,RT @themotleyfool: Tom and David Gardner doing an interview for @AOL on the floor of the @NYSEEuronext. #investbetterday http://t.co/8pgfBhgg
6872c315b62290955ac8c8cad3663c38,Lynne Plaisance,'@Chelsey314 You just can''t trust anyone these days :-) Penguin Steals a Girl''s Camera at the Berlin Zoo #aolon http://t.co/wPx7HI2c via @AOL'
6872c315b62290955ac8c8cad3663279,M J,RT @southgadiva: JetBlue Employee Steals From 11-Year-Old #aolon http://t.co/cnqOxUYE via @AOL
6872c315b62290955ac8c8cad3663214,Madeleine Perkins,Team Edward Lovers Show Their Stance with Anti-Kristen Stewart Shirt #aolon http://t.co/iC7hIrBD via @AOL
6872c315b62290955ac8c8cad3663c38,Magicless Mike,'Just so everybody knows, @raidertank still has an @AOL.com email address.'
6872c315b62290955ac8c8cad3663214,Mahmud Asrar,Apocalypse-Themed Pin-Up Girl Calendar Offers An Alluring Take On Doomsday http://t.co/DwZOsDMX via @AOL
6872c315b62290955ac8c8cad3663c38,Mai,'And people say Scientology is NOT a CULT! HA! You''ve Got Astra Woodcraft #aolon http://t.co/pTzeh7Bo via @AOL'
6872c315b62290955ac8c8cad3663c38,MAKERS,'RT @_AWNY: The @MAKERSwomen stories developed by, #AWNY100 sponsor, @AOL are compelling check them out for inspiration. http://t.co/fegMI8eJ'
6872c315b62290955ac8c8cad3663214,Manga Books,Gibbons on Helium Sing Like Opera Stars #aolvideo http://t.co/qEDOsPUI via @AOL
6872c315b62290955ac8c8cad3663214,Marcus Pheonix ,Mother Denied Right To Pump Breast Milk At Work #aolon http://t.co/gNh4FF9T via @AOL
6872c315b62290955ac8c8cad3663279,Maria Bayas,'RT @PencilsOfPromis: We''re honored to be featured on the homepage of @AOL as the @AOLImpact cause of the day! http://t.co/JHKpfnnC #Impossible'
6872c315b62290955ac8c8cad3663c38,Marie Adame,'You''ve Got Astra Woodcraft #aolon http://t.co/p6ic0xrr via @AOL'
6872c315b62290955ac8c8cad3663c38,Marina Victoria,Man Proposes To Girlfriend In Handcuffs #aolon http://t.co/FN0FEnTS via @AOL
6872c315b62290955ac8c8cad3663279,Mark Granger,Check out: AOL%20Android%20Applications. http://t.co/83vFiXjx via @AOL
6872c315b62290955ac8c8cad3663c38,Mark Madans,#Mold issues in your #shower &amp; around your house? Here is a #thrifty #DIY way to get rid of it -  http://t.co/VzA5oYeL via @AOL #Eco
6872c315b62290955ac8c8cad3663c38,Mark Pesses,Penguin Escapes From Japan Zoo Three Times #aolon http://t.co/rMA9MOMy via @AOL
6872c315b62290955ac8c8cad36626cf,Marty Berry,'RT @AOL: Jennifer Lopez''s TV show about a lesbian couple gets the green light from ABC Family http://t.co/JOBY3YND via @aolmusic'
6872c315b62290955ac8c8cad3661f29,Meena Brar,RT @AOL: Is Prince Harry going to pose for Playgirl? http://t.co/e8oiufCg via @huffpostceleb
6872c315b62290955ac8c8cad3663279,Meena Brar,RT @AOL: Nearly 1 in 5 high schoolers are drunk or high during school http://t.co/RBa9vNzD via @huffpostedu
6872c315b62290955ac8c8cad3663c38,Melissa Flores,RT @Yagolicious: Join #YagoChat tonight host @CourtneyLeiva &amp; @SuperGlamNews with guest host @Aol on air makeup artist @NaomiandJean to talk makeup #YagoChat
6872c315b62290955ac8c8cad3663c38,Melissa Flores,'RT @Yagolicious: Talk Fall makeup (bright reds,royal purples,energizing oranges) &amp; ALL THINGS BEAUTY 8-9EST PM  w/ @AOL makeupartist @NaomiandJean #Yagochat'
6872c315b62290955ac8c8cad3661f29,Melissa Mayhue,Hey @aol - can you let me read even ONE news story this week w/o having to sit thru [same] political ad??? #sickANDtired
6872c315b62290955ac8c8cad3661f29,Michael Kelly,'Check out: The Do\''s and Don\''ts of Drinking Cocktails http://t.co/4tyaknsj via @AOL'
6872c315b62290955ac8c8cad3663279,Michael Latin,@kathygriffin It looks like @tiffanyrinehart appears on an @aol ad with her caramel boyfriend. :P #freaky #accurate http://t.co/GSheeeYE
6872c315b62290955ac8c8cad3663c38,Michael Sporea,'I bet you she gets the Big Mac meal and adds four McNuggets for 99c just like me! - Heidi''s Guilty Pleasures http://t.co/2o3YTbtN via @AOL'
6872c315b62290955ac8c8cad36626cf,Michaela Rosenberger,'I''ve haven''t officiated at one like this -- yet! &lt;3 Couple Tie the Knot on Jetpacks #aolon http://t.co/dU7OtIg1 via @AOL'
6872c315b62290955ac8c8cad3663c38,Michelle Matthews,RT @Tosfm: Pet Prompts Gitmo Debate - Does It Take a Cat To Get Gitmo In The News? #aolon http://t.co/hpnldCLk via @AOL ///MAKES AOL HEADLINE!
6872c315b62290955ac8c8cad3663214,Michelle Rosborough,#FF PR ppl @BaskinRobbins @bonappetit @SodaStreamUSA @FlawlessEffect @mfmagazine @AOL @my_daily @megafruit @SonyElectronics @KitchenAidUSA
6872c315b62290955ac8c8cad3661f29,michruby,'RT @AOL: Jerry Seinfeld opens up about ''Comedians In Cars Getting Coffee," his hilarious new web series http://t.co/BVwzkjxX via @huffposttv'
6872c315b62290955ac8c8cad36626cf,Mike Lewis,Gibbons on Helium Sing Like Opera Stars #aolvideo http://t.co/ck4Tbyqr via @AOL - Are these the new Bee Gees Tribute Act?
6872c315b62290955ac8c8cad3663214,Mohamed Nazmi,'David Bowie''s ''Space Oddity'' Recreated As Children''s Book [Read + Listen] http://t.co/YekHKRQh (via @AOL)'
6872c315b62290955ac8c8cad3663214,MomBelieberArmy,'RT @PencilsOfPromis: We''re honored to be featured on the homepage of @AOL as the @AOLImpact cause of the day! http://t.co/JHKpfnnC #Impossible'
6872c315b62290955ac8c8cad3663214,Mpho Merapelo Setabo,'Check out: Aquarius Horoscopes: Daily, Love &amp; Monthly Forecast - MyDaily http://t.co/XQzyXLmY via @AOL'
6872c315b62290955ac8c8cad3661f29,mtaliafe,Kim Kardashian Does the Diana Ross Hair Do #aolon http://t.co/bcDhxo0C via @AOL
6872c315b62290955ac8c8cad3661f29,MyLadyAlexis,'Imprisoning Our Economy - David Cowan''s Story #aolon http://t.co/VgCHq19l via @AOL'
6872c315b62290955ac8c8cad36626cf,Naked Chorizo,'@aol 395 Page Mill Rd., PA 
#watchahavin? 11:30-1:30p'
6872c315b62290955ac8c8cad3663c38,Nancy ,Pet Prompts Gitmo Debate - Does It Take a Cat To Get Gitmo In The News? #aolon http://t.co/UQC4Q1Ra via @AOL Why is Gitmo still operating?
6872c315b62290955ac8c8cad36626cf,Nancy Doris,Camel Survives Car Crash in India #aolon http://t.co/cpbc0hPQ via @AOL
6872c315b62290955ac8c8cad3663214,Naomi & Jean,RT @Yagolicious: #YagoChat with @CourtneyLeiva &amp; @SuperGlamNews with @AOL on-air makeup artist @NaomiandJean 8-9PM EST tonight!
6872c315b62290955ac8c8cad3663c38,Naomi & Jean,'RT @Yagolicious: Talk Fall makeup (bright reds,royal purples,energizing oranges) &amp; ALL THINGS BEAUTY 8-9EST PM  w/ @AOL makeupartist @NaomiandJean #Yagochat'
6872c315b62290955ac8c8cad36626cf,Naomi Shapiro,RT @AOL: BREAKING: Shooting outside the Empire State Building http://t.co/bPaMorPp via @huffpostny
6872c315b62290955ac8c8cad3663279,Neiraaa Kaj,RT @_ahmedinaa: LMFAOOOO my moms going on her facebook and she put @aoldacom when its @aol.com #dyinggggg @BosnianProblems
6872c315b62290955ac8c8cad3663214,NewCongoNews,'WomenforWomen: Thank you!!!!! RT @azitaghanizada: You''ve Got Azita Ghanizada #aolon http://t.co/X5sQxbj0 via @AOL... http://t.co/sHz18nbJ'
6872c315b62290955ac8c8cad3661f29,Nic Bartlett,@Curry_Franklin1 sportsmaster1396 @aol.com
6872c315b62290955ac8c8cad3661f29,Nicholas J. Oswald,'Check out: Libra Horoscopes: Daily, Love &amp; Monthly Forecast - MyDaily http://t.co/0hYCQivZ via @AOL'
6872c315b62290955ac8c8cad36626cf,Nick Dimichino,It was "Breaking" almost an hour ago. RT @AOL: BREAKING: Shooting outside the Empire State Building http://t.co/et9KQNlW via @huffpostny
6872c315b62290955ac8c8cad36626cf,Nicole Chamberlain,'You''ve Got Azita Ghanizada #aolon http://t.co/TbYmzjpP via @AOL'
6872c315b62290955ac8c8cad3663214,Nina,Mother Denied Right To Pump Breast Milk At Work #aolon http://t.co/LUKxR2hm via @AOL
6872c315b62290955ac8c8cad3663c38,Noe Marie,Lisa Ling on Swingers #aolon http://t.co/Rj3L73od via @AOL
6872c315b62290955ac8c8cad3663279,Olivia Guns,RT @alexgunsshow: (cont.) @British_Airways @Skittles @bullet_tv @AtlanticRecords @solidsoundfest @NYFA @metmuseum @nbcsnl @TBWA @AOL @makeFakeLove @CMJ
6872c315b62290955ac8c8cad36626cf,Olivia Witherow,Loss of Bridge Leaves Missouri Couple Stranded at Home #aolon http://t.co/VSTk1hrw via @AOL
6872c315b62290955ac8c8cad3663c38,Omni Exercise,'Check out: The Do\''s and Don\''ts of Drinking Cocktails http://t.co/qDUFa2p4 via @AOL #drinking #alcohol #hangover'
6872c315b62290955ac8c8cad3661f29,Palmetto Title,Absolute Title LLC http://t.co/mEZez7vm via @AOL
6872c315b62290955ac8c8cad3661f29,Palmetto Title,Abstract Service Inc http://t.co/hIxikJEI via @AOL
6872c315b62290955ac8c8cad3661f29,Palmetto Title,Carswell Abstrating Inc http://t.co/bOohJOB3 via @AOL
6872c315b62290955ac8c8cad3661f29,Palmetto Title,Chicago Title Company http://t.co/F4zG1Fib via @AOL
6872c315b62290955ac8c8cad3661f29,Palmetto Title,Esquire Title Company http://t.co/D55sUYbe via @AOL
6872c315b62290955ac8c8cad3661f29,Palmetto Title,Evans M Bunch III &amp; Associates Inc http://t.co/8kEqRgr6 via @AOL
6872c315b62290955ac8c8cad3661f29,Palmetto Title,Executive Title Agency Inc http://t.co/Q54D29LW via @AOL
6872c315b62290955ac8c8cad3661f29,Palmetto Title,F Thomas Abstract Inc http://t.co/S9E30Ade via @AOL
6872c315b62290955ac8c8cad3661f29,Palmetto Title,Fidelity National Title Insurance http://t.co/IHCLnFsS via @AOL
6872c315b62290955ac8c8cad3661f29,Palmetto Title,Indigo Title Corp http://t.co/71EWdj5o via @AOL
6872c315b62290955ac8c8cad3661f29,Palmetto Title,Lawyers Title http://t.co/b7MMuHW5 via @AOL
6872c315b62290955ac8c8cad3661f29,Palmetto Title,Lexington Title Corporation http://t.co/5IZh9S8s via @AOL
6872c315b62290955ac8c8cad3661f29,Palmetto Title,Old Republic National Title Insurance Company http://t.co/2VF9sqlF via @AOL
6872c315b62290955ac8c8cad3661f29,Palmetto Title,Palmetto State Title &amp; Escrow http://t.co/HdCMtyue via @AOL
6872c315b62290955ac8c8cad3661f29,Palmetto Title,Stewart Title Guaranty Co http://t.co/eHwcXbUV via @AOL
6872c315b62290955ac8c8cad3661f29,Palmetto Title,Superior Closing &amp; Title Services LLC http://t.co/SA23siw7 via @AOL
6872c315b62290955ac8c8cad3661f29,Palmetto Title,Wfg National Title Insurance Company http://t.co/bpmUJvLQ via @AOL
6872c315b62290955ac8c8cad3663214,Pam Langridge,'Just what I needed! Six Brilliant Things to Do While You''re on Hold or Waiting in Line http://t.co/IDxDaMBb via @AOL'
6872c315b62290955ac8c8cad3661f29,Panel Culture,'These are always funny - Parting Shot: How ''The Dark Knight Rises'' Should Have Ended [Video] http://t.co/96nWAHWp via @AOL'
6872c315b62290955ac8c8cad3663214,Patty,'RT @Robin_Leach: How dare US org do this to Euro org that cleared heroic Lance RT@AOL:USADA strips Armstrong of 7 France titles,life ban http://t.co/WkJA1trp'
6872c315b62290955ac8c8cad3661f29,paty chapoy fans usa,RT @AOL: Empire State Building shootings: Another case of worker rage? http://t.co/2Kr6QssP via @aoljobs
6872c315b62290955ac8c8cad36626cf,Paul Michel,Camel Survives Car Crash in India #aolon http://t.co/a5e1OoRZ via @AOL
6872c315b62290955ac8c8cad3663279,Pencils of Promise,'We''re honored to be featured on the homepage of @AOL as the @AOLImpact cause of the day! http://t.co/JHKpfnnC #Impossible'
6872c315b62290955ac8c8cad3663c38,Portsmouth Patch,'RT @AOL: Lobster rolls vs. clam chowder. Vote now in @kitchendaily''s final round of the New England Deathmatch! http://t.co/oos47dYf'
6872c315b62290955ac8c8cad3661f29,Potomac Patch,'RT @BowiePatch: I''ll never be "rich" either way, but neat app. RT @aol: Would you be richer if Obama or Romney won? http://t.co/SsR1Snao via @daily_finance'
6872c315b62290955ac8c8cad3663279,PrayingForAvalanna,'RT @PencilsOfPromis: We''re honored to be featured on the homepage of @AOL as the @AOLImpact cause of the day! http://t.co/JHKpfnnC #Impossible'
6872c315b62290955ac8c8cad36626cf,propowerrooters,Pro Power Rooter http://t.co/crrHXAD2 via @AOL
6872c315b62290955ac8c8cad3661f29,ProudGleek,The Duggars Want More Kids? #aolon http://t.co/LMbjSU2v via @AOL
6872c315b62290955ac8c8cad3663214,PT SHERM,MAKE YOUR OWN MOLD REMOVER. A Save and Spray Mold Away -- http://t.co/WzmivnXb via @AOL
6872c315b62290955ac8c8cad3663214,Rebecca Koepke,Eva Mendes to Propose to Ryan Gosling? #aolon http://t.co/C8Sj0g0L via @AOL @shakeitshannon
6872c315b62290955ac8c8cad3663279,Renee FAZIO,New Book Costs Over $4000 #aolon http://t.co/K1avHjq5 via @AOL
6872c315b62290955ac8c8cad3663c38,Renee FAZIO,Surviving Jonestown #aolon http://t.co/H14gfc3h via @AOL
6872c315b62290955ac8c8cad3661f29,RenZelen,'@kneeldowne @aol Yup, I have the series # Invisibles'
6872c315b62290955ac8c8cad3661f29,RenZelen,'\''The Invisibles\'' Omnibus Collects The Essence Of Grant Morrison In 1500 Pages http://t.co/luQ9Ggmd via @AOL'
6872c315b62290955ac8c8cad3663214,Richard Peterson,'RT @AOL: UPDATE: USADA issues statement saying they will strip Lance Armstrong of 7 Tour de France titles, ban him for life: http://t.co/rhQ7FP5X'
6872c315b62290955ac8c8cad3661f29,Rick Andornson,'RT @Jan_Fisher: Here''s one you don''t see every day... -   Camel Survives Car Crash in India #aolon http://t.co/GAPZWTyS via @AOL'
6872c315b62290955ac8c8cad3663279,Ricky Von Rikis,'Spokane''s Nuns on the Ski Run #aolon http://t.co/TsOCwrws via @AOL'
6872c315b62290955ac8c8cad3663214,Robert A. Carreras,'Get Your First Look Inside \''Bravest Warriors\'' #1 [Preview] http://t.co/TKaqFqcB via @AOL'
6872c315b62290955ac8c8cad3663c38,Robert Liu,'@AOL @huffposttravel Prince William saving lives. Prince Harry playing strip billiards in Vegas. I honestly don''t know who I''d rather be.'
6872c315b62290955ac8c8cad3663279,Robert Seco,JetBlue Employee Steals From 11-Year-Old #aolon http://t.co/BefO13iO via @AOL @vallartaescapes
6872c315b62290955ac8c8cad3663279,Robert W. Hardy,'RT @AOL: Ever been told you''re "overqualified" for the job? Here''s what they really mean http://t.co/P9qcmggr via @aoljobs'
6872c315b62290955ac8c8cad3663214,Robin Leach,'How dare US org do this to Euro org that cleared heroic Lance RT@AOL:USADA strips Armstrong of 7 France titles,life ban http://t.co/WkJA1trp'
6872c315b62290955ac8c8cad3663214,Rock The-Look,Salsa dancing in meatpacking district NYC @AmericanExpress @aol @thegrio @UrbanGlamSquad @HauteTravels #dancing http://t.co/pvqJWtEL
6872c315b62290955ac8c8cad3663c38,Rock The-Look,@TVDivaGal gets the celebrity brow treatment from Joey healy @joeyhealybrows @beautylish @BeautyBlitz @AP_Fashion @aol http://t.co/11FJ5a1b
6872c315b62290955ac8c8cad3663c38,Rocket Science,'RT @navarrotells: You''ve Got Astra Woodcraft #aolon http://t.co/kFu21oIt via @AOL'
6872c315b62290955ac8c8cad3663279,Ruben ,Check out: Save and Spray Mold Away -- Savings Experiment http://t.co/Uf0VJ8UL via @AOL
6872c315b62290955ac8c8cad3663c38,S.Waugh,'Check out: Scorpio Horoscopes: Daily, Love &amp; Monthly Forecast - MyDaily http://t.co/IMnp3xVF via @AOL  SO TRUE'
6872c315b62290955ac8c8cad3661f29,Sam Reiss ,'@Jonathan_Smth @AOL yo, not cool AOL'
6872c315b62290955ac8c8cad3663214,Samuel,'RT @AzitaGhanizada: You''ve Got Azita Ghanizada #aolon http://t.co/5x4UISlW via @AOL cc: @WomenforWomen #womensrights #charity'
6872c315b62290955ac8c8cad3663279,Sandy Jordan,Check out: Save and Spray Mold Away -- Savings Experiment http://t.co/Wx8yn93s via @AOL
6872c315b62290955ac8c8cad36626cf,Sarah Cooley,RT @AOL: BREAKING: Shooting outside the Empire State Building http://t.co/k7XddAJ4 via @huffpostny
6872c315b62290955ac8c8cad3661f29,Sarah Rivera Scott,RT @AOL: Empire State Building shootings: Another case of worker rage? http://t.co/2Kr6QssP via @aoljobs
6872c315b62290955ac8c8cad3663279,satori cmaylo,'JetBlue Employee Steals From 11-Year-Old #aolon http://t.co/PkFoIF40 via @AOL
RU Kidding?'
6872c315b62290955ac8c8cad3663c38,Sci-Fi Genre,'Rob Liefeld Quits DC http://t.co/Yw53psAI via @AOL Who''s excited!?'
6872c315b62290955ac8c8cad36626cf,SEO Tweetz,'RT @NinjasMarketing: Controlling Google''s largest search partner, @AOL Search http://t.co/Co21eVZZ #SEO'
6872c315b62290955ac8c8cad3663c38,Sharon Thiel,Mother Denied Right To Pump Breast Milk At Work #aolon http://t.co/CuxjWbmJ via @AOL this manager needs to find another job!
6872c315b62290955ac8c8cad36626cf,Shelly b,Two Women Killed Trying To Save Crash Victim #aolon http://t.co/za7zARHp via @AOL
6872c315b62290955ac8c8cad3663214,sherrie miranda,Pet Prompts Gitmo Debate - Does It Take a Cat To Get Gitmo In The News? #aolon http://t.co/UwlMj0tI via @AOL
6872c315b62290955ac8c8cad3663279,Sherry Lucich,JetBlue Employee Steals From 11-Year-Old #aolon http://t.co/DRBultdu via @AOL
6872c315b62290955ac8c8cad3663279,sircogold,RT @AOL: Kim Kardashian &amp; Kanye West flaunt their relationship and luxury lifestyle http://t.co/rHYsn88r via @huffpostceleb
6872c315b62290955ac8c8cad3661f29,SKIN IS IN,RT @Skinlaser: Dr Tanzi on @aol re: How To Repair Summer Skin Damage http://t.co/nZUOISPH
6872c315b62290955ac8c8cad3661f29,sonia chenet,Morning Rush Viral 8/21/12 #aolon http://t.co/wKa6mSjC via @AOL
6872c315b62290955ac8c8cad3663279,sonia chenet,'@AOL @huffpostceleb You know what,  that is their businesses , not mine and I don''t care.'
6872c315b62290955ac8c8cad3663279,'Sophia''sLittleVoice','RT @PencilsOfPromis: We''re honored to be featured on the homepage of @AOL as the @AOLImpact cause of the day! http://t.co/JHKpfnnC #Impossible'
6872c315b62290955ac8c8cad3663c38,Stephanie Gilley ,'Shark Attack: A Survivor''s Story #aolon http://t.co/8M6MmaEP via @AOL #ocean #environment'
6872c315b62290955ac8c8cad3663c38,Stephanie Gilley ,'You''ve Got Astra Woodcraft #aolon http://t.co/YBID88c6 via @AOL #p2'
6872c315b62290955ac8c8cad3663c38,Stephanie Haberman,'So far, I''ve seen @AOL, @Reuters and @Mashable with new Google+ vanity URLs today. Anyone else?'
6872c315b62290955ac8c8cad3663214,steve lerch,'Introducing #LiveBetterAmerica, a healthy lifestyle brand from @AOL @GeneralMills and @EverydayHealth http://t.co/qiFAk6eZ'
6872c315b62290955ac8c8cad36626cf,steven martindale,JetBlue Employee Steals From 11-Year-Old #aolon http://t.co/QLSgy6nf via @AOL
6872c315b62290955ac8c8cad3663c38,steven martindale,Check out: Save and Spray Mold Away -- Savings Experiment http://t.co/Lq8LX4A7 via @AOL
6872c315b62290955ac8c8cad3663c38,steven martindale,'Check out: The Do\''s and Don\''ts of Drinking Cocktails http://t.co/TTepdLvh via @AOL'
6872c315b62290955ac8c8cad3663c38,steveplunkett,'RT @StephLauren: So far, I''ve seen @AOL, @Reuters and @Mashable with new Google+ vanity URLs today. Anyone else?'
6872c315b62290955ac8c8cad36626cf,Sttopppp,@AOL @huffpostny bucking shots at 9am yo case of the violent yolos
6872c315b62290955ac8c8cad36626cf,SUHEL SETH,Check out: Youth Conference 2012 at SRCC http://t.co/PDdu1Ogl via @AOL
6872c315b62290955ac8c8cad36626cf,Susan J. Rowland,This camel inspires me!  Camel Survives Car Crash in India #aolon http://t.co/ZFCnOwfY via @AOL
6872c315b62290955ac8c8cad3663c38,Sy Bonem,'You''ve Got Astra Woodcraft #aolon http://t.co/PgUat5hk via @AOL Scientology is something everyone should be aware of.'
6872c315b62290955ac8c8cad36626cf,TanTan3180,'Check out: Leo Horoscopes: Daily, Love &amp; Monthly Forecast - MyDaily http://t.co/0PsihL1D via @AOL'
6872c315b62290955ac8c8cad36626cf,Tasha Levy,Camel Survives Car Crash in India #aolon http://t.co/g3yG2rL2 via @AOL
6872c315b62290955ac8c8cad3663214,Tayla Andre,JetBlue Employee Steals From 11-Year-Old #aolon http://t.co/jFHMYXPg via @AOL
6872c315b62290955ac8c8cad3661f29,Tempe,RT @AOL: Would you be richer if Obama or Romney won? http://t.co/tkjGp4sB via @daily_finance
6872c315b62290955ac8c8cad36626cf,Terence Irvins,Apocalypse-Themed Pin-Up Girl Calendar Offers An Alluring Take On Doomsday http://t.co/IeaAU3e1 via @AOL
6872c315b62290955ac8c8cad3661f29,Teresa S,The Duggars Want More Kids? http://t.co/Pih7geKr via @AOL
6872c315b62290955ac8c8cad3663279,Teri Hausman,Morning Rush Viral 8/23/12 #aolon http://t.co/EjBQWELu via @AOL
6872c315b62290955ac8c8cad3663279,Teri Jeffreys,Morning Rush Viral 8/23/12 #aolon http://t.co/byMspKRA via @AOL
6872c315b62290955ac8c8cad3661f29,terrie wolford,@AOL @huffpostceleb His grand mother and father would kill him!
6872c315b62290955ac8c8cad3663279,terrie wolford,RT @AOL: Nearly 1 in 5 high schoolers are drunk or high during school http://t.co/RBa9vNzD via @huffpostedu
6872c315b62290955ac8c8cad3661f29,Thaddeus Howze,Olympians: Superhero Bodies and What Real Athletes Look Like http://t.co/rQ0LXP53 via @AOL [#art #psychology #comics #interesting]
6872c315b62290955ac8c8cad3663279,That GTMO Guard ,RT @Tosfm: Pet Prompts Gitmo Debate - Does It Take a Cat To Get Gitmo In The News? #aolon http://t.co/hpnldCLk via @AOL ///MAKES AOL HEADLINE!
6872c315b62290955ac8c8cad36626cf,The Motley Fool,Tom and David Gardner doing an interview for @AOL on the floor of the @NYSEEuronext. #investbetterday http://t.co/8pgfBhgg
6872c315b62290955ac8c8cad3663279,The Taylor Stauft,'I LOVE Grant Morrison''s work and I hope that more people read The invisibles http://t.co/0TSs9AHF via @AOL'
6872c315b62290955ac8c8cad3663c38,theiamcampaign,JetBlue Employee Steals From 11-Year-Old #aolon http://t.co/SlOz2SRd via @AOL
6872c315b62290955ac8c8cad3663c38,ThinkDifferentMobile,Is VoIP catching on? Check out: Drop the Cell Phone Contract? -- Savings Experiment http://t.co/u8cVyN6q via @AOL
6872c315b62290955ac8c8cad3663c38,Tim Ballisty,@StephLauren @AOL @Reuters @Mashable We just got ours... http://t.co/X91vw0xu
6872c315b62290955ac8c8cad3663279,Tom Flowers,Check out: Drop the Cell Phone Contract? -- Savings Experiment http://t.co/tl2eoaOP via @AOL
6872c315b62290955ac8c8cad3663279,TommyGShow.com,JetBlue Employee Steals From 11-Year-Old #aolon http://t.co/ZhH6nOU1 via @AOL
6872c315b62290955ac8c8cad3663279,TommyGShow.com,Morning Rush Viral 8/23/12 #aolon http://t.co/YnfiCPHr via @AOL
6872c315b62290955ac8c8cad3663c38,Tomorrow !,RT @AOL: Avril Lavigne shows off her HUGE engagement ring! (PHOTOS) http://t.co/AhiEvsuW via @huffpostcastyle
6872c315b62290955ac8c8cad3663c38,tosfm,Pet Prompts Gitmo Debate - Does It Take a Cat To Get Gitmo In The News? #aolon http://t.co/hpnldCLk via @AOL ///MAKES AOL HEADLINE!
6872c315b62290955ac8c8cad36626cf,Treebo Band,We decry this treatment of women w/ our song No Perfect World http://t.co/V4mCzrPq @azitaghanizada: @AOL cc: @WomenforWomen #womensrights
6872c315b62290955ac8c8cad3663c38,TruHome Solutions,Americans bought more homes in July than in June; more evidence of a slow &amp; steady comeback: http://t.co/9OON5r43 (via @AOL)
6872c315b62290955ac8c8cad3663214,TwiBetween,'RT @Robin_Leach: How dare US org do this to Euro org that cleared heroic Lance RT@AOL:USADA strips Armstrong of 7 France titles,life ban http://t.co/WkJA1trp'
6872c315b62290955ac8c8cad3663c38,U2 Junkie,'RT @AOL: AWWW -&gt; Dog carries puppies out of burning house, brings them to fire truck (PHOTO) http://t.co/V1B4ckCS via @hpgoodnews'
6872c315b62290955ac8c8cad36626cf,Utsav Mitra,RT @aniket_nikumb: @utsavmitra "@suhelseth: Check out: Youth Conference 2012 at SRCC http://t.co/XrhYKPQR via @AOL"
6872c315b62290955ac8c8cad36626cf,Utsav Mitra,RT @suhelseth: Check out: Youth Conference 2012 at SRCC http://t.co/PDdu1Ogl via @AOL
6872c315b62290955ac8c8cad3661f29,Valerie Manseau,Camel Survives Car Crash in India #aolon http://t.co/jZeeONFw via @AOL
6872c315b62290955ac8c8cad3661f29,veronica lladoc,'RT @AOL: Jennifer Lopez''s TV show about a lesbian couple gets the green light from ABC Family http://t.co/JOBY3YND via @aolmusic'
6872c315b62290955ac8c8cad3661f29,Verticallimit12,@AOL is there a twitter for aoluk ?
6872c315b62290955ac8c8cad3663279,Vicki ,Mother Denied Right To Pump Breast Milk At Work #aolon http://t.co/L7p7fNLW via @AOL
6872c315b62290955ac8c8cad3661f29,Vicki Banning Short,Morning Rush Viral 8/21/12 #aolon http://t.co/dfjx3HAw via @AOL
6872c315b62290955ac8c8cad3661f29,Victoria V. Reynoso,RT @AOL: Empire State Building shootings: Another case of worker rage? http://t.co/2Kr6QssP via @aoljobs
6872c315b62290955ac8c8cad3663214,Victoria V. Reynoso,'RT @AOL: UPDATE: USADA issues statement saying they will strip Lance Armstrong of 7 Tour de France titles, ban him for life: http://t.co/rhQ7FP5X'
6872c315b62290955ac8c8cad36626cf,vikas kumar,'@suhelseth no! i won''t @AOL'
6872c315b62290955ac8c8cad3663279,West Cobb Patch,RT @AOL: US bracing for strike by Isaac  http://t.co/ShtjBrFq via @skyeonaol
6872c315b62290955ac8c8cad3663214,Wilfrerdo Rosario,'Mysterious Superhero Kids\'' Book Cops Continue To Defy Dimensional Barriers http://t.co/XWyePlL0 via @AOL'
6872c315b62290955ac8c8cad3663279,Will Harris,'They call her MISS THANG eh THING! First Look: Mike Allred\''s Variant Cover For \''FF\'' #4 http://t.co/BKNziXoh via @AOL'
6872c315b62290955ac8c8cad3663214,william crowell,'Check out: The Do\''s and Don\''ts of Drinking Cocktails http://t.co/Z92UHCqV via @AOL'
6872c315b62290955ac8c8cad3663214,william crowell,More Than 3 Million Bees Confiscated From Home #aolon http://t.co/OeKxtvTs via @AOL
6872c315b62290955ac8c8cad3663214,Women for Women Intl,'Thank you!!!!! RT @azitaghanizada: You''ve Got Azita Ghanizada #aolon http://t.co/BXd0O5QB via @AOL cc: @WomenforWomen #womensrights #charity'
6872c315b62290955ac8c8cad3663214,Xander Good,'Hot Toys Reveals \''X-Men: The Last Stand\'' 1/6 Scale Wolverine Figure Images http://t.co/DqvQzSa3 via @AOL'
6872c315b62290955ac8c8cad3663214,Xander Good,'Link Ink: Scott Pilgrim Morphs, Potential \''Rocketeer\'' Reboot And More \''Witchdoctor\'' http://t.co/lZ3bpm3t via @AOL'
6872c315b62290955ac8c8cad3663214,Xander Good,'Parting Shot: How \''The Dark Knight Rises\'' Should Have Ended [Video] http://t.co/l43b6ade via @AOL'
6872c315b62290955ac8c8cad3663214,Xander Good,'Rob Liefeld Quits DC On Twitter, Names Names And Points Fingers http://t.co/1fpHDDp3 via @AOL'
6872c315b62290955ac8c8cad3663214,Xander Good,Superhero Body Diversity: Female Artists Offer Their Take http://t.co/JxJvIyZ2 via @AOL
6872c315b62290955ac8c8cad3663214,Xander Good,'\''The Invisibles\'' Omnibus Collects The Essence Of Grant Morrison In 1500 Pages http://t.co/DSG1TTQG via @AOL'
6872c315b62290955ac8c8cad3663214,Xander Good,'\''Thor: The Dark World\'' Gets Former \''Lost\'' Star Adewale Akinnuoye-Agbaje http://t.co/vYgrozsS via @AOL'
6872c315b62290955ac8c8cad3663214,Xavier Sellers-Mack,RT "@AOL: Netflix adds new movies to its streaming catalogue http://t.co/zAi5F8H7 via @huffposttech"&lt;-- Cool. Will be on it tonight!
6872c315b62290955ac8c8cad3663214,Yagolicious ,#YagoChat with @CourtneyLeiva &amp; @SuperGlamNews with @AOL on-air makeup artist @NaomiandJean 8-9PM EST tonight!
6872c315b62290955ac8c8cad3663214,Yagolicious ,'Talk Fall makeup (bright reds,royal purples,energizing oranges) &amp; ALL THINGS #BEAUTY 8-9EST PM  w/ @AOL makeupartist @NaomiandJean #Yagochat'
6872c315b62290955ac8c8cad3663214,Yagolicious ,Tweet-in in with @CourtneyLeiva &amp; @SuperGlamNews with @AOL on air makeup artist and Allure Beauty Expert @NaomiandJean #YagoChat
6872c315b62290955ac8c8cad3663214,Yagolicious ,Tweetin in with @CourtneyLeiva &amp; @SuperGlamNews with @AOL on air makeup artist and Allure Beauty Expert @NaomiandJean #YagoChat
6872c315b62290955ac8c8cad3663279,Yagolicious ,'Talk Fall makeup (bright reds,royal purples,energizing oranges) &amp; ALL THINGS BEAUTY 8-9EST PM  w/ @AOL makeupartist @NaomiandJean #Yagochat'
6872c315b62290955ac8c8cad3663c38,Yagolicious ,Join #YagoChat tonight host @CourtneyLeiva &amp; @SuperGlamNews with guest host @Aol on air makeup artist @NaomiandJean to talk makeup #YagoChat
6872c315b62290955ac8c8cad3663c38,Yagolicious ,'Talk Fall #makeup (bright reds,royal purples,energizing oranges) &amp;ALL THINGS BEAUTY 8-9EST PM w/ @AOL makeupartist @NaomiandJean #Yagochat'
6872c315b62290955ac8c8cad3663c38,Yagolicious ,'Talk Fall makeup (bright reds,royal purples,energizing oranges) &amp; ALL THINGS BEAUTY 8-9EST PM  w/ @AOL makeupartist @NaomiandJean #Yagochat'
6872c315b62290955ac8c8cad36626cf,YEC,How To Ask For A Raise And Get It http://t.co/uyc3a6iS via @AOL #entrepreneur
6872c315b62290955ac8c8cad36626cf,Yihpyng Kuan,'You''ve Got Azita Ghanizada #aolon http://t.co/SDSUcjWF via @AOL'
6872c315b62290955ac8c8cad36626cf,Yoshikazu Ono,RT @AOLAdvertising: @AOL Earns Two Nominations on in @PRNews Digital Awards http://t.co/BBk7DNdY
6872c315b62290955ac8c8cad36626cf,'You''ve Got','RT @fletchgoblue: You''ve Got Azita Ghanizada #aolon http://t.co/0hy5D6JZ via @AOL'
6872c315b62290955ac8c8cad3663c38,'You''ve Got','RT @Fabmaclen: Geez!  You''ve Got Astra Woodcraft #aolon http://t.co/W92N4Rhr via @AOL'
6872c315b62290955ac8c8cad3663c38,'You''ve Got','RT @capitalismlives: You''ve Got Astra Woodcraft #aolon http://t.co/PgUat5hk via @AOL Scientology is something everyone should be aware of.'
6872c315b62290955ac8c8cad3663c38,'You''ve Got','RT @navarrotells: You''ve Got Astra Woodcraft #aolon http://t.co/kFu21oIt via @AOL'
6872c315b62290955ac8c8cad3663279,Zach Johnson,...and DMX just barked in the @AOL lobby. Best job ever.
6872c315b62290955ac8c8cad3661f29,ZCM-Rock*,'RT @AOL: UPDATE: NBC reports shooter identified as Jeffrey Johnson, 53 years old http://t.co/pQAnTgU7 via @huffpostny'
6872c315b62290955ac8c8cad3663279,ZCM-Rock*,'RT @AOL: Police want to install gun safes, store rifles in high schools http://t.co/blDtZ0sJ via @plainfieldpatch'
