50782bfa33febaf232dd429ea002f0dc,AACN Critical Care,Honored to share the #AACN E-Learning success story at #TaleoWorld conference with @Taleo_Corp and @OracleHCM users.
50782bfa33febaf232dd429ea002f0dc,Aimee McManus,'At @Taleo_Corp''s #TaleoWorld? Don''t forget to stop by the @futurestep booth today for your professional social media head shot. Booth 404'
d1379191ca03e50e98c088d74a000372,Chef,'Thinking about using #Taleo in your business? Expect bugs but no support (and it''s been getting worse since @Oracle took over) @taleo_corp'
d1379191ca03e50e98c088d74a002b10,Chef,'Thinking about using #Taleo in your business? Expect bugs but no support (and it''s been getting worse since @Oracle took over) @taleo_corp'
50782bfa33febaf232dd429ea002f0dc,Chris Wilson,'RT @SteveBoese: RT @Taleo_Corp  Watch #TaleoWorld keynote w/ Mark Hurd, @GretchenA, @jason_blessing @chrismleone on 9/12 http://t.co/w1Y ...'
d1379191ca03e50e98c088d74a000372,Corporate Talent Res,10 min tutorial and ready to scope #talent w/ @taleo_Corp applicant tracking. A+ for efficiency.
d1379191ca03e50e98c088d74a002b10,Corporate Talent Res,10 min tutorial and ready to scope #talent w/ @taleo_Corp applicant tracking. A+ for efficiency.
d1379191ca03e50e98c088d74a000372,David Lawrence,@fieldglassinc @Taleo_Corp @ @Lumesse_UK The ATS (application tracking system) black hole for candidates http://t.co/MfZVvoGr
d1379191ca03e50e98c088d74a002b10,David Lawrence,@fieldglassinc @Taleo_Corp @ @Lumesse_UK The ATS (application tracking system) black hole for candidates http://t.co/MfZVvoGr
50782bfa33febaf232dd429ea002f0dc,davidkoehn,RT @AACNme: Honored to share the #AACN E-Learning success story at #TaleoWorld conference with @Taleo_Corp and @OracleHCM users.
d1379191ca03e50e98c088d74a000372,fellowweb,'@taleo_corp Hi there, with employers using Taleo I tend not to find an option to subscribe to alerts for saved searches. Where do I find it?'
d1379191ca03e50e98c088d74a002b10,fellowweb,'@taleo_corp Hi there, with employers using Taleo I tend not to find an option to subscribe to alerts for saved searches. Where do I find it?'
50782bfa33febaf232dd429ea002f0dc,HireVue ,'RT @Taleo_Corp  Watch #TaleoWorld keynote w/ Mark Hurd, @GretchenA, @jason_blessing @chrismleone on 9/12 http://t.co/w1Y'
d1379191ca03e50e98c088d74a000372,Jeremiah Cook,@Taleo_Corp Will there ever be an iphone app for TBE?
d1379191ca03e50e98c088d74a002b10,Jeremiah Cook,@Taleo_Corp Will there ever be an iphone app for TBE?
50782bfa33febaf232dd429ea002f0dc,JeremyHellwig,.@Taleo_Corp @TaleoResearch @TaleoBizEdition Is your job listing software always awful or does nobody know how to use it? #JobSearch
50782bfa33febaf232dd429ea002f0dc,Jobvite,'@Taleo_Corp customers! Make the Switch &amp; start using the industry''s leading social recruiting platform! http://t.co/NZS2Pher  #TaleoWorld'
50782bfa33febaf232dd429ea002f0dc,Marty McDonald,RT @TaleoWorld: Exciting!! RT @Taleo_Corp: #Taleo and @LinkedIn Harness the Power of Social Recruiting [press release] http://t.co/j1NA1 ...
50782bfa33febaf232dd429ea002f0dc,Melissa Langeman,@Taleo_Corp Your system is down :( I hope someone is around to take a look at this ...
d1379191ca03e50e98c088d74a000372,Phil Davis,'@Taleo_Corp Your service 2hiring companies primarily discourages peole  making everythingcomplicated as possible WHEN
I SEE TALEO, I LEAVE'
d1379191ca03e50e98c088d74a002b10,Phil Davis,'@Taleo_Corp Your service 2hiring companies primarily discourages peole  making everythingcomplicated as possible WHEN
I SEE TALEO, I LEAVE'
50782bfa33febaf232dd429ea002f0dc,RECSOLU,Big ups to @Taleo_Corp 4 having #TaleoWorld in #chicago so we could meet with so many great companies in our hometown! http://t.co/fC8tV3vm
50782bfa33febaf232dd429ea002f0dc,SPHRDude,#FF @socialworkplace @HRReporter @TimSackett @Taleo_Corp @HRConnector
50782bfa33febaf232dd429ea002f0dc,Steve Boese,'RT @Taleo_Corp  Watch #TaleoWorld keynote w/ Mark Hurd, @GretchenA, @jason_blessing @chrismleone on 9/12 http://t.co/w1YkXooO'
50782bfa33febaf232dd429ea002f0dc,Talegent,#GradRecruitment @Wendy_at_AAGE Tip #4 integration with @Taleo_Corp @PageUpPeople or @Kenexa Process Wise :-&gt;critical @aage @AAGEConference
50782bfa33febaf232dd429ea002f0dc,Talent Generation,@Taleo_Corp Thanks for the RT!  Looking forward to seeing you at #TaleoWorld!
50782bfa33febaf232dd429ea002f0dc,Yannis Marcou,@Taleo_Corp your online 30-day free trial form has no confirmation page? No confirmation email either? #fail
50782bfa33febaf232dd429ea002f0dc,Yvette Cameron,MT @Taleo_Corp: Latest #HCM Innovations? Watch #TaleoWorld keynote live on 9/12 http://t.co/8zIXqZkT #HRtech
