6872c315b62290955ac8c8cad35ebddf,'''Women''s Power'' Book',#hangout #Googleplus http://t.co/PIpBw8VV asks why Google+ is the best Read http://t.co/nOk3WSG8 watch http://t.co/4Jw4P4l0
6872c315b62290955ac8c8cad35ebddf,({PhenomenalRadio}),Connect w/ @PhenomRadio  via #GooglePlus {http://t.co/63Ww8gK1} #NetworkDistribution #StrategicMarketing #NewIndiePlatform #GlobalNetwork
6872c315b62290955ac8c8cad35eba4b,10th St. Marketing,How to verify your Google+ Business Page - #googleplus #seo http://t.co/laRacxVk via @BerriePelser -- Elza van Swieten (@confluencemedia)
6872c315b62290955ac8c8cad35eba4b,Adam Davies,'#GooglePlus Vanity URLS!, #Updates Notifications, Sharing and More | http://t.co/Hm5m5Zw7'
6872c315b62290955ac8c8cad35eba4b,ahmedjk,#timeline #workarounds: #facebook &amp; #googleplus via @osakasaul #sso by #ritetag http://t.co/OUVNXdfz
6872c315b62290955ac8c8cad35eb458,Aldo Martello Gtz,Posteando como se debe en #GooglePlus
6872c315b62290955ac8c8cad35eba4b,Alessandro Tassinari,#FF per il mio account su #GooglePlus. Mi sento particolarmente solo su quel social network.
6872c315b62290955ac8c8cad35ebddf,AlexaDigital,Follow Join Environment on Google Plus! | Join Environment http://t.co/Dq5Az9W7 #googleplus
6872c315b62290955ac8c8cad35ebddf,AlexaSocialMedia,Follow Join Environment on Google Plus! | Join Environment http://t.co/z11cV3MS #googleplus
6872c315b62290955ac8c8cad35eba4b,Algae Observer,DId you already connect to AlgaeObserver on #GooglePlus ? http://t.co/2wKa0egQ  Easily keep up to date with the #algae industry! #biofuels
6872c315b62290955ac8c8cad35eba4b,Amanda Blain,Hows your Saturday Google plus? http://t.co/wGTaMwkC #GooglePlus
6872c315b62290955ac8c8cad35eba4b,Amanda Blain,Round 2 Aftershocks! http://t.co/wm4ub967 #GooglePlus
6872c315b62290955ac8c8cad35ebddf,Amanda Blain,*Best Idea Ever.. PB and #Nutella* http://t.co/XBeD3vWd #food #googleplus #foodporn
6872c315b62290955ac8c8cad35eb98f,Amanda Phillips,'Interesting analogy by @poddelusion between #atheismplus and #googleplus, I like it :) http://t.co/iTqpa5lG'
6872c315b62290955ac8c8cad35eba4b,Andrew Hennigan,Seems like there is wave of spammy followers on G+ right now. Or is it just me? #googleplus
6872c315b62290955ac8c8cad35eb458,Andrew Stafford,Things to do this weekend via Foursquare. #googleplus https://t.co/XPeMeKre
6872c315b62290955ac8c8cad35eb5ea,Anna Woodward,#hangout #Googleplus http://t.co/pFxbYHo8 asks why Google+ is the best Read http://t.co/hvqOGsMS watch http://t.co/NhJ3zVxF
6872c315b62290955ac8c8cad35ebddf,Anthony Schneider,RT @ByOneSpirit: There is no such thing as #loving #God and not hating evil: http://t.co/VFpw1aaU on #GooglePlus
6872c315b62290955ac8c8cad35ebddf,Antonio Manriquez,@ajmanx @cinehead @golfstud @jcorippo @mistersill #googleplus #fail #badstart
6872c315b62290955ac8c8cad35eb5ea,Asela Ortiz de Murua,El potencial real de Google+ #GooglePlus #meintereso http://t.co/fuX4sCyM
6872c315b62290955ac8c8cad35eb5ea,Austin D. Jordan,'@AustinDJordan Also, come join me on Google+ at https://t.co/FqTJ3f6J #GooglePlus'
6872c315b62290955ac8c8cad35ebddf,Bailey Freestone,I love technology #Skype #GooglePlus
6872c315b62290955ac8c8cad35ebddf,Ben Kressel,Lance Armstrong... #daaaaaaaaaaymmmmm http://t.co/XxUEq3Yj via #GooglePlus
6872c315b62290955ac8c8cad35eb5ea,Bev,'How to React on Facebook, Twitter, #YouTube and #GooglePlus http://t.co/JUR25Jsq @radian6 #socialmedia #sm #facebook #twitter'
6872c315b62290955ac8c8cad35eb5ea,Bev,'How to React on Facebook, Twitter, #YouTube and #GooglePlus http://t.co/YDcj3Vx9 @radian6 #socialmedia #sm #facebook #twitter'
6872c315b62290955ac8c8cad35eb5ea,Bev,'How to React on Facebook, Twitter, #YouTube and #GooglePlus http://t.co/b1fJyI0U @radian6 #socialmedia #sm #facebook #twitter'
6872c315b62290955ac8c8cad35eba4b,brandingcreative,RT @titansfamily: For #Network #Marketing #Success circle us on #GooglePlus http://t.co/AwJLZjzC
6872c315b62290955ac8c8cad35ebddf,Brian M. Workman,'I''m getting really really pissed that #googleplus app STILL doesn''t have pages support. #whatthecrap can''t even use mobile web :('
6872c315b62290955ac8c8cad35eb5ea,By One Spirit,'If you''re spiteful about being spoken down to by someone, the #Bible has some advice for you: http://t.co/Wv4NRdmM on #GooglePlus'
6872c315b62290955ac8c8cad35eb98f,By One Spirit,Check out our #original #song "Where the Spirit of the Lord Is" http://t.co/KRXqlpZ6 on #GooglePlus
6872c315b62290955ac8c8cad35eb98f,By One Spirit,Hear Our #gospel cover #song "Washed In the Blood" http://t.co/qtdJ83yX on #GooglePlus
6872c315b62290955ac8c8cad35eb98f,By One Spirit,How #mankind reacts to the #reality of God: http://t.co/bgcWTBYO on #GooglePlus
6872c315b62290955ac8c8cad35eb98f,By One Spirit,One all-important miracle that the body of #Christ refuses to believe in: http://t.co/4cufQSNe on #GooglePlus
6872c315b62290955ac8c8cad35eb98f,By One Spirit,What the #holyGhost really is: http://t.co/O0iYwJvx on #GooglePlus
6872c315b62290955ac8c8cad35eba4b,By One Spirit,#Jesus made it clear that we would need this heavenly witness: http://t.co/6RR8u7ra on #GooglePlus
6872c315b62290955ac8c8cad35eba4b,By One Spirit,'''Let Sin Go'' http://t.co/kOKrkof4 on #GooglePlus'
6872c315b62290955ac8c8cad35eba4b,By One Spirit,The #Jewish #elitism that still infiltrates the body of #Christ to this day: http://t.co/r6Z51rD4 on #GooglePlus
6872c315b62290955ac8c8cad35eba4b,By One Spirit,The original reason why #man feels the pain of losing loved ones to death: http://t.co/jMVMTMvw on #GooglePlus
6872c315b62290955ac8c8cad35eba4b,By One Spirit,What the whole purpose of the #faith of #Christ is: http://t.co/mRckRbrE on #GooglePlus
6872c315b62290955ac8c8cad35ebddf,By One Spirit,'Check out our #GooglePlus for daily articles, videos, broadcasts, &amp; songs! http://t.co/8DJy0iF3'
6872c315b62290955ac8c8cad35ebddf,By One Spirit,'How #God''s people will forfeit their inheritance with God if they walk in sin: http://t.co/ts92O9qe on #GooglePlus'
6872c315b62290955ac8c8cad35ebddf,By One Spirit,Potent #preaching clip #video from "All Is Not Vanity" http://t.co/AJIYUiUL on #GooglePlus
6872c315b62290955ac8c8cad35ebddf,By One Spirit,The #sin that is more dangerous than all: http://t.co/HKbq1Q2l on #GooglePlus
6872c315b62290955ac8c8cad35ebddf,By One Spirit,The only contentment in existence: http://t.co/EGY76tl4 on #GooglePlus
6872c315b62290955ac8c8cad35ebddf,By One Spirit,The terrible consequence of rejecting a #true message from God: http://t.co/qyJmLqtU on #GooglePlus
6872c315b62290955ac8c8cad35ebddf,By One Spirit,There is no such thing as #loving #God and not hating evil: http://t.co/VFpw1aaU on #GooglePlus
6872c315b62290955ac8c8cad35ebddf,By One Spirit,Watch "All Is Not Vanity" episode #06 from our TV Broadcast: http://t.co/pJAInyyv on #GooglePlus
6872c315b62290955ac8c8cad35ebddf,By One Spirit,Watch "The Sign of the Covenant" episode #09 from our TV Broadcast http://t.co/HwbzApHA on #GooglePlus
6872c315b62290955ac8c8cad35ebddf,By One Spirit,'We are on #GooglePlus with daily #articles, #videos, #songs, &amp; broadcasts! http://t.co/8DJy0iF3 on #GooglePlus'
6872c315b62290955ac8c8cad35eb5ea,chrisdeion,'RT @NHL: Google+ users, add our official G+ page to your circles: http://t.co/NLNBke6o #GooglePlus'
6872c315b62290955ac8c8cad35eb458,Comfort Keepers,Check it out! We now have a #GooglePLUS account! http://t.co/WVh8mbZW
6872c315b62290955ac8c8cad35eb98f,Dial a delivery,'RT @smusyoka: #Googleplus increases your visibility from Google search, that''s why people have the +1 featuring in almost all their blogs #SMDayNairobi'
6872c315b62290955ac8c8cad35ebddf,DjAxelPro,'@nekochan69 @MiloBahamondes gmail se mescla con #googlePlus, es lo mismo :D'
6872c315b62290955ac8c8cad35eba4b,Donato - markingegno,come Beckham! :) #GooglePlus Custom URL https://t.co/4ZeGUMEn
6872c315b62290955ac8c8cad35ebddf,'Eion O''Neill',Circle me on #GooglePlus. http://t.co/O5gwzh0N
6872c315b62290955ac8c8cad35eb98f,Emred.com,Google Plus con nuevas opciones para controlar el contenido que leemos y compartimos http://t.co/b5QfLAZc #redessociales #Googleplus
6872c315b62290955ac8c8cad35eb98f,Eric Mutema,'RT @smusyoka: #Googleplus increases your visibility from Google search, that''s why people have the +1 featuring in almost all their blogs #SMDayNairobi'
6872c315b62290955ac8c8cad35eba4b,Faith-Atheism Centre,#hangout #Googleplus http://t.co/Vx66XXhe asks why Google+ is the best Read http://t.co/plkpxFzY watch http://t.co/rrSC94Uo
6872c315b62290955ac8c8cad35eba4b,FutureWorld Hub,http://t.co/bq6X0XuO asks Will #Googleplus easily beat #Facebook &amp; #Twitter read http://t.co/Tqtk2ZdI Watch http://t.co/vSAZS36s
6872c315b62290955ac8c8cad35eb98f,'Gabe O''Neill','"I tried to get out, but they brought me back in. " #googleplus'
6872c315b62290955ac8c8cad35eb458,giada magnani,#vanityurl per #googleplus... http://t.co/nIwXcstb via @1stonthenet
6872c315b62290955ac8c8cad35eba4b,Google+ Updates,Landscaper Social Media Marketing Program Offered by Social Media ... http://t.co/L471I0Gv #GooglePlus
6872c315b62290955ac8c8cad35eba4b,GooglePlusTutorial,Truco #GooglePlus: Personalizar escritura en stream de Google+: Envolviendo la -palabra- entre "-" aparece tachada
6872c315b62290955ac8c8cad35eb458,Gospel of Glory,#Miraculous #deliverance is the foundation of a #relationship with #Jesus Christ: http://t.co/Wjt3MSwS on #GooglePlus
6872c315b62290955ac8c8cad35eb5ea,Gospel of Glory,There will always be a seemingly "good reason" to do the wrong thing: : http://t.co/MOUqhafC on #GooglePlus
6872c315b62290955ac8c8cad35eb98f,Gospel of Glory,A #fundamental requirement for salvation: http://t.co/009ZZsPG on #GooglePlus
6872c315b62290955ac8c8cad35eb98f,Gospel of Glory,'The way to literally purge #sin from your #heart and fill it with God''s love: http://t.co/p44Tu85D on #GooglePlus'
6872c315b62290955ac8c8cad35eb98f,Gospel of Glory,What the "New Covenant" actually is: http://t.co/oZQxXgvp on #GooglePlus
6872c315b62290955ac8c8cad35eba4b,Gospel of Glory,'''The Value of Honesty'' http://t.co/EYkVshAP on #GooglePlus'
6872c315b62290955ac8c8cad35eba4b,Gospel of Glory,How Christianity compares to the faith of Christ: http://t.co/rxMM0Zsx on #GooglePlus
6872c315b62290955ac8c8cad35eba4b,Gospel of Glory,The promise of #God to all those who truly believe on him: http://t.co/MeWBUqTN on #GooglePlus
6872c315b62290955ac8c8cad35ebddf,Gospel of Glory,'The one thing we must be doing if we aspire to win #souls to the Lord, and to remain in him ourselves:  http://t.co/XHzYplKT on #GooglePlus'
6872c315b62290955ac8c8cad35eb458,Heather Cooan,'Huh, just saw videos shared by people in my #googleplus circles in my #youtube stream...cool. #freaky'
6872c315b62290955ac8c8cad35eb98f,Hobbynote,'Quelles sont les tailles optimales des photos sur #Facebook, #Twitter et #GooglePlus ? http://t.co/jzlZGDTX #Archive'
6872c315b62290955ac8c8cad35eb458,Ian Brassington,RT @Printed_com: Is your business making use of #googleplus yet? http://t.co/RsrfoxCD Here are 5 reasons why you should.
6872c315b62290955ac8c8cad35eb98f,Ian Said,Ignore Google+ At Your Risk [8 Social Media Charts You Must See!] http://t.co/5z1MiMCr via @heidicohen #GooglePlus
6872c315b62290955ac8c8cad35ebddf,Identidad Digital,'#googleplus Google+ hoy comienza a ofrecer Vanity URL''s: Esto ocurre cuando el perfil del usuario en Google+ apa... http://t.co/OZjqjndQ'
6872c315b62290955ac8c8cad35ebddf,iGreg,5 Ways to Use Google+ Events for Your Business | @scoopit http://t.co/GZ1b331k #socialmedia #googleplus
6872c315b62290955ac8c8cad35ebddf,Jacob Curtis,How to Create a Google Plus Event http://t.co/WzjvmF7A #GooglePlus #tutorial
6872c315b62290955ac8c8cad35eb98f,Jeremy Goldman,#googleplus What&amp;#39;s next in the Todd Akin saga? http://t.co/Ol06ifop
6872c315b62290955ac8c8cad35ebddf,Jeremy Goldman,#googleplus Yung6ix listed amongst top five Google Plus+ celebrity users http://t.co/sh1C6Zzw
6872c315b62290955ac8c8cad35eb98f,Jeremy Morgan,Are Google Plus Users Dangerous? --&gt; http://t.co/An0KfDLH &lt;-- #googleplus
6872c315b62290955ac8c8cad35eb458,John And Nicholas,New episode! Android Smart Camera And Custom G+ URLS http://t.co/47NDoXaa #google #android #googleplus
6872c315b62290955ac8c8cad35eb458,John Hanlon ,RT @GoogleGlance: New episode! Android Smart Camera And Custom G+ URLS http://t.co/47NDoXaa #google #android #googleplus
6872c315b62290955ac8c8cad35ebddf,Jolea is Awesome,RT @amandablain: *Huey Lewis and The News - Power Of Love* http://t.co/jdLdm1uz #googleplus #music #80s #music #BTTF
6872c315b62290955ac8c8cad35eba4b,Jonathan,I gave up on #GooglePlus a while ago but having just seen how slick the phone app has got since i last used it I might give it another go.
6872c315b62290955ac8c8cad35eb458,Kenneth Mellon,This is why you should be dealing with a credit union. http://t.co/IWk22KUQ #googleplus
6872c315b62290955ac8c8cad35eb98f,Kenya School Report,'RT @smusyoka: #Googleplus increases your visibility from Google search, that''s why people have the +1 featuring in almost all their blogs #SMDayNairobi'
6872c315b62290955ac8c8cad35ebddf,KeptStyle,RT @LikesPro: Get free #Youtube likes and views on http://t.co/T38zugp0! #samsung #facebook #instagram #google #googleplus #socialnetwork #socialmedia
6872c315b62290955ac8c8cad35ebddf,KindleBook,You can also Connect with us on our new #GooglePlus #Kindle #Ebook #Fiction Page  http://t.co/kVvs5iJi
6872c315b62290955ac8c8cad35eb458,'Lani ''n Allen Voivod','Google+ trends: Lance Armstrong, Katy Perry - Yahoo! Philippines News http://t.co/T5AoHFgK #GooglePlus'
6872c315b62290955ac8c8cad35eb98f,'Lani ''n Allen Voivod','Chrome for iOS adds Facebook, Google+ sharing - BetaNews http://t.co/bkCK1R9o #GooglePlus'
6872c315b62290955ac8c8cad35eb458,Lee Farrow,RT @Printed_com: Is your business making use of #googleplus yet? http://t.co/RsrfoxCD Here are 5 reasons why you should.
6872c315b62290955ac8c8cad35eb98f,Lee Jackson,5 Ways to Use Google+ Events for Your Business http://t.co/gOKco9z4 via @SMexaminer #socialmedia #googleplus
6872c315b62290955ac8c8cad35ebddf,LikesPro,Get free #Youtube likes and views on http://t.co/T38zugp0! #samsung #facebook #instagram #google #googleplus #socialnetwork #socialmedia
6872c315b62290955ac8c8cad35eb5ea,mediatrium,Filtrage "anti-bruit" sur #GooglePlus http://t.co/xqNWX2nd (via @pressecitron)
6872c315b62290955ac8c8cad35eb458,MeOnPlus,Mashable : Obama Has 13 Million Fake Twitter Followers [REPORT] http://t.co/CczLF2aK #GooglePlus
6872c315b62290955ac8c8cad35eb5ea,MeOnPlus,Mashable : How to Make Money From YouTube http://t.co/SHPQbf7Q #GooglePlus
6872c315b62290955ac8c8cad35eb98f,MeOnPlus,Mashable : What To Do If Your Facebook Account Gets Hacked [VIDEO] http://t.co/7zpBSWee #GooglePlus
6872c315b62290955ac8c8cad35ebddf,MeOnPlus,'Mashable : The New Facebook for iOS: Same Coat of Paint, Much Better Engine [REVIEW] http://t.co/Kn9ipBzI #GooglePlus'
6872c315b62290955ac8c8cad35eba4b,MG2 Media Inc,De nouveaux filtres "anti-bruit" sur #GooglePlus http://t.co/5yIB5eoF via @pressecitron
6872c315b62290955ac8c8cad35eb98f,Mike Dittmer,#googleplus #ghosttown?! Critics #fail to get it http://t.co/2BadoeLg
6872c315b62290955ac8c8cad35ebddf,Mike McInnis,'It''s #fidofriday on #googleplus, here''s my post: https://t.co/OlLOsU8r'
6872c315b62290955ac8c8cad35eba4b,mpambeni zulu,Finally on #GooglePlus+ lets wht happens there
6872c315b62290955ac8c8cad35eb5ea,Murage Gichuki,RT @smusyoka: #GooglePlus branding 101 #SMDayNairobi http://t.co/GR2hRiQw Syoks Ninini maze?
6872c315b62290955ac8c8cad35eb98f,Neil Lakeland,This is one way #GooglePlus is really differentiating itself in #socialmedia - giving you control of your stream: http://t.co/NPTWF31H
6872c315b62290955ac8c8cad35eb458,Newness of Spirit,'#Christianity sneers at them, but #Jesus had some other things to say: http://t.co/Hye9wlUh on #GooglePlus'
6872c315b62290955ac8c8cad35eb458,Newness of Spirit,'''By One Spirit'' http://t.co/5a5yLF7g on #GooglePlus'
6872c315b62290955ac8c8cad35eb458,Newness of Spirit,Check out our #original #song "Where the Spirit of the Lord Is" http://t.co/mFUKTX3p on #GooglePlus
6872c315b62290955ac8c8cad35eb458,Newness of Spirit,Watch "End Time Outpouring" episode #11 from our TV Broadcast: http://t.co/DXUH26HJ on #GooglePlus
6872c315b62290955ac8c8cad35eb458,Newness of Spirit,Watch "The Sign of the Covenant" episode #09 from our TV Broadcast http://t.co/rpeRDpuN on #GooglePlus
6872c315b62290955ac8c8cad35eb458,Newness of Spirit,What #mankind has #destroyed himself by refusing to follow: http://t.co/wGTuGFa7 on #GooglePlus
6872c315b62290955ac8c8cad35eb5ea,Newness of Spirit,'How to experience the gospel''s miraculous reality: http://t.co/fbGE5Gce on #GooglePlus'
6872c315b62290955ac8c8cad35eb5ea,Newness of Spirit,'The #satanic punch line of #Christianity''s #doctrines, and how they could knock you out of eternal life: http://t.co/hkZfnX3y on #GooglePlus'
6872c315b62290955ac8c8cad35eb5ea,Newness of Spirit,The religious mask for sin that Christianity wears: http://t.co/3BdAesbs on #GooglePlus
6872c315b62290955ac8c8cad35eb98f,Newness of Spirit,'#Preaching clip #video about God''s perfect love casts out fear: http://t.co/ZkSbeBSB on #GooglePlus'
6872c315b62290955ac8c8cad35eb98f,Newness of Spirit,'#Preaching clip #video testimony about the Lord carrying brother Lary through his father''s death: http://t.co/n15vbOBz on #GooglePlus'
6872c315b62290955ac8c8cad35eb98f,Newness of Spirit,'A major way that #believers aren''t being sober or vigilant: http://t.co/ra75tJql on #GooglePlus'
6872c315b62290955ac8c8cad35eb98f,Newness of Spirit,People must honestly ask themselves this question: http://t.co/uLuB0Mci on #GooglePlus
6872c315b62290955ac8c8cad35eb98f,Newness of Spirit,'The #sword of the #Spirit isn''t the Bible: http://t.co/5CJ4LCAg on #GooglePlus'
6872c315b62290955ac8c8cad35eb98f,Newness of Spirit,The greatest #spiritual gift: http://t.co/xZb9zH6Z on #GooglePlus
6872c315b62290955ac8c8cad35eb98f,Newness of Spirit,The most seductive "get #rich quick" #scam of all time: http://t.co/n5sFLm9R on #GooglePlus
6872c315b62290955ac8c8cad35eb98f,Newness of Spirit,There is no such thing as #loving #God and not hating evil: http://t.co/VkwNYMdQ on #GooglePlus
6872c315b62290955ac8c8cad35eba4b,Newness of Spirit,#Debunking "free grace" and "eternal security" http://t.co/YJknm16n on #GooglePlus
6872c315b62290955ac8c8cad35eba4b,Newness of Spirit,'A major way that #believers aren''t being sober or vigilant: http://t.co/ra75tJql on #GooglePlus'
6872c315b62290955ac8c8cad35eba4b,Newness of Spirit,Hear Our #gospel cover #song "Washed In the Blood" http://t.co/dLFBnzyC on #GooglePlus
6872c315b62290955ac8c8cad35eba4b,Newness of Spirit,'Receiving the #truth brings sight, but rejecting it causes one to be blinded by it: : http://t.co/xwpQZL2H on #GooglePlus'
6872c315b62290955ac8c8cad35eba4b,Newness of Spirit,'The #satanic punch line of #Christianity''s #doctrines, and how they could knock you out of eternal life: http://t.co/hkZfnX3y on #GooglePlus'
6872c315b62290955ac8c8cad35eba4b,Newness of Spirit,The altar to the unknown god: http://t.co/MGQcyAlk on #GooglePlus
6872c315b62290955ac8c8cad35eba4b,Newness of Spirit,The only real way to prove the truth: http://t.co/FdMLp5M7 on #GooglePlus
6872c315b62290955ac8c8cad35eba4b,Newness of Spirit,The question that the body of #Christ should be asking itself: http://t.co/XYLaH7Nn on #GooglePlus
6872c315b62290955ac8c8cad35eba4b,Newness of Spirit,The true definition of "fellowship" http://t.co/1tUrS29R on #GooglePlus
6872c315b62290955ac8c8cad35eba4b,Newness of Spirit,The vast difference between the #faith of #Christ and Christianity: http://t.co/MjHnDIxO on #GooglePlus
6872c315b62290955ac8c8cad35eba4b,Newness of Spirit,Watch "All Is Not Vanity" episode #06 from our TV Broadcast: http://t.co/Fx8CmUeP on #GooglePlus
6872c315b62290955ac8c8cad35ebddf,Newness of Spirit,'Check out our #cover of #DonFrancisco''s #song "Beautiful To Me" http://t.co/A2gh6oft on #GooglePlus'
6872c315b62290955ac8c8cad35ebddf,Newness of Spirit,Exercising the #love of #God is the #doctrine of Christ: http://t.co/YRtc6EIB on #GooglePlus
6872c315b62290955ac8c8cad35ebddf,Newness of Spirit,'God''s defintion of true wealth: http://t.co/RJQ7SzTR on #GooglePlus'
6872c315b62290955ac8c8cad35ebddf,Newness of Spirit,Old and #NewTestament alike agree that there is no such thing as "eternal security" http://t.co/kFtP5EDq on #GooglePlus
6872c315b62290955ac8c8cad35ebddf,Newness of Spirit,Quite possibly the most powerful #doctrinal statement in the new testament: http://t.co/n26ACekT on #GooglePlus
6872c315b62290955ac8c8cad35ebddf,Newness of Spirit,The altar to the unknown god: http://t.co/MGQcyAlk on #GooglePlus
6872c315b62290955ac8c8cad35ebddf,Newness of Spirit,'The deadly #doctrine of once saved, always saved: http://t.co/OwK3tNhw on #GooglePlus'
6872c315b62290955ac8c8cad35ebddf,Newness of Spirit,The only way to truly be "one in Christ" http://t.co/cx1BtsFq on #GooglePlus
6872c315b62290955ac8c8cad35ebddf,Newness of Spirit,The people who the #saints must beware: http://t.co/E6ZxkQ5w on #GooglePlus
6872c315b62290955ac8c8cad35ebddf,Newness of Spirit,The reason that #Jesus came has been ignored: http://t.co/jre26GWH on #GooglePlus
6872c315b62290955ac8c8cad35ebddf,Newness of Spirit,The simple answer as to what language the #NewTestament was written in: http://t.co/pOTV8fPp on #GooglePlus
6872c315b62290955ac8c8cad35ebddf,Newness of Spirit,The witness that #God provides to indicate when someone is truly born again: http://t.co/TW7V2Tql on #GooglePlus
6872c315b62290955ac8c8cad35ebddf,Newness of Spirit,There is a huge difference between #judging righteously and unrighteously: http://t.co/WPKyNDeI on #GooglePlus
6872c315b62290955ac8c8cad35ebddf,Newness of Spirit,Watch "Washed In the Blood" episode #05 from our TV Broadcast http://t.co/twXULm6w on #GooglePlus
6872c315b62290955ac8c8cad35eb5ea,NFLVR,'RT @AustinDJordan: @AustinDJordan Also, come join me on Google+ at https://t.co/FqTJ3f6J #GooglePlus'
6872c315b62290955ac8c8cad35eba4b,onlinemarketingoffer,'Join the new #Titans Page on #GooglePlus for #Networking #Events Updates,Resources &amp; more http://t.co/JtQwpulR via @titansfamily'
6872c315b62290955ac8c8cad35ebddf,PeppedUp.org,One thing we must say... #Google got it right with #GooglePlus #events. Like the themes and features more than #FB. http://t.co/GyRYv4Vp
6872c315b62290955ac8c8cad35eb98f,PianoTalent,'#Pianist #Accompanist #Teacher #Composer. #facebook http://t.co/pRtA3ZvS #Googleplus http://t.co/pXyFWyT1
#London, #UK http://t.co/4HmuxXYk'
6872c315b62290955ac8c8cad35eb458,Plus Ninja,#googleplus 5 Ways to Use Google+ Events for Your Business | Social Media ...: Google+ Even... http://t.co/ZREdDiph http://t.co/b7uN2GEU
6872c315b62290955ac8c8cad35eb98f,Plus Ninja,#googleplus Bing Gains on Google in Search Market Share: Small business owners using online... http://t.co/2F7jIhP1 http://t.co/b7uN2GEU
6872c315b62290955ac8c8cad35eb98f,Plus Ninja,#googleplus Google Goggles update brings autofocus to low-end Android smartphones: Google h... http://t.co/hVIEpshv http://t.co/b7uN2GEU
6872c315b62290955ac8c8cad35eb458,printed.com,Is your business making use of #googleplus yet? http://t.co/RsrfoxCD Here are 5 reasons why you should.
6872c315b62290955ac8c8cad35eb5ea,quatrepointzero,De nouveaux filtres "anti-bruit" sur Google Plus http://t.co/fCxUVFya via @pressecitron #googlePlus #contenus
6872c315b62290955ac8c8cad35eb458,r/googleplus,'With every hangout subreddit being so barren, I''ve decided to create my own and keep it active. Join... http://t.co/rIv8UaEU #googleplus'
6872c315b62290955ac8c8cad35eba4b,r/googleplus,'Google+ WILL Dominate Facebook - Here''s Why http://t.co/i3gTb51B #googleplus'
6872c315b62290955ac8c8cad35eb98f,Rachael Forsyth,'RT @PianoTalent: #Pianist #Accompanist #Teacher #Composer. #facebook http://t.co/pRtA3ZvS #Googleplus http://t.co/pXyFWyT1
#London, #UK http://t.co/4HmuxXYk'
6872c315b62290955ac8c8cad35eba4b,Radka Rusovich,Google Plus for People Sourcing #googleplus #sourcing #candidates http://t.co/vpn1MzXT
6872c315b62290955ac8c8cad35eba4b,Rahul Roy,#googleplus 5 Ways to Use Google+ Events for Your Business1. Hosting Basic Non-Public Location Based Event2. ... http://t.co/VgTnhAc7
6872c315b62290955ac8c8cad35eb5ea,RBTH mobile,#GooglePlus is rolling out customised URL for its users. Are you among the lucky ones? http://t.co/1n0O8aWQ #socialmedia
6872c315b62290955ac8c8cad35ebddf,Renan Altendorf,'Chegou minha Corsair 750M, depois de mandar trocar duas OCZs. http://t.co/xGmn9xAH #GooglePlus'
6872c315b62290955ac8c8cad35ebddf,Richard T.,RT @ByOneSpirit: There is no such thing as #loving #God and not hating evil: http://t.co/VFpw1aaU on #GooglePlus
6872c315b62290955ac8c8cad35ebddf,Salyris Studios,How to use Google+ and Make Social Work for You: http://t.co/YJkVvAPc via @youtube #googleplus #webinar
6872c315b62290955ac8c8cad35eba4b,Sam Campbell,@AlecRippberger Well said in 140 characters! Thanks! Have your traffic results from #googleplus been as significant as other platforms?
6872c315b62290955ac8c8cad35eb98f,Samantha Wall,RT @10thstmarketing: How to verify your Google+ Business Page - #googleplus #seo http://t.co/laRacxVk via @BerriePelser -- Elza van Swieten (@confluencemedia)
6872c315b62290955ac8c8cad35eb5ea,Semhar G.Salvati,'My post: Should #Facebook be Worried about #GooglePlus? Here''s some data http://t.co/Ah7ut5Vr'
6872c315b62290955ac8c8cad35eba4b,SEO Tweetz,RT @10thstmarketing: How to verify your Google+ Business Page - #googleplus #seo http://t.co/laRacxVk via @BerriePelser -- Elza van Swieten (@confluencemedia)
6872c315b62290955ac8c8cad35eb98f,Serena Hotels,@ZawadiN great platform to share photos and helps in sharing stories. Karibu #Nairobi Serena :) #GooglePlus #SMDayNairobi
6872c315b62290955ac8c8cad35eb98f,Serena Hotels,Happy to be on #Googleplus page http://t.co/BgytNri5 #SMDayNairobi
6872c315b62290955ac8c8cad35eba4b,So-Buzz,Google+ va enfin permettre de personnaliser son URL http://t.co/eV0AnVht #googleplus
6872c315b62290955ac8c8cad35eb98f,Social Media Coach,'Google+ WILL Dominate Facebook - Here''s Why http://t.co/Ciahmmvg #GOOGLEPLUS #GPLUSTIPS'
6872c315b62290955ac8c8cad35eb98f,Social Media Dept,'How to React on Facebook, Twitter, #YouTube and #GooglePlus http://t.co/VX6R1ziS @radian6 #socialmedia #sm #facebook #twitter'
6872c315b62290955ac8c8cad35ebddf,SocialColleague,Why Businesses Can No Longer Ignore... http://t.co/txPGfzsj #+1 #G+ #googleplus #googleplusbusinesspages #googlesearch #plusyourworld
6872c315b62290955ac8c8cad35eba4b,socialmedia,'Join the new #Titans Page on #GooglePlus for #Networking #Events Updates,Resources &amp; more http://t.co/OedVmm4e via @titansfamily'
6872c315b62290955ac8c8cad35ebddf,socialmedia,RT @kingsaremade: You can also Connect with us on our new #GooglePlus #Kindle #Ebook #Fiction Page  http://t.co/kVvs5iJi
6872c315b62290955ac8c8cad35eba4b,Solo Download,'#GooglePlus Influence Tool, utile strumento gratuito da @giorgiotave http://t.co/AMazUF8w'
6872c315b62290955ac8c8cad35eb98f,Squad Digital,'RT @smusyoka: #Googleplus increases your visibility from Google search, that''s why people have the +1 featuring in almost all their blogs #SMDayNairobi'
6872c315b62290955ac8c8cad35eb5ea,Stephen Musyoka ,#GooglePlus branding 101 #SMDayNairobi http://t.co/Pgwplumg
6872c315b62290955ac8c8cad35eb98f,Stephen Musyoka ,'#Googleplus increases your visibility from Google search, that''s why people have the +1 featuring in almost all their blogs #SMDayNairobi'
6872c315b62290955ac8c8cad35eb98f,Stephen Musyoka ,You want a #GooglePlus unique URL? go to http://t.co/NOo0skoa ...I think. Someone confirm. #SMDayNairobi
6872c315b62290955ac8c8cad35eb458,Steve Allen,@abbywilliams @mikeallen2085 @jbakalar09 sadly true. #googleplus
6872c315b62290955ac8c8cad35eb98f,Strategic Trends,'How to React on Facebook, Twitter, #YouTube and #GooglePlus http://t.co/qi3ET9iI @radian6 #socialmedia #sm #facebook #twitter'
6872c315b62290955ac8c8cad35eb98f,SWZone,#Google amplia la proposta dei Vanity URL in #GooglePlus http://t.co/gmHU20SZ
6872c315b62290955ac8c8cad35eb458,Tacing Wan,'So why is it I don''t use #googleplus?'
6872c315b62290955ac8c8cad35eba4b,Tatiana Medina,Ya estoy en #GooglePlus! :-)  #CMUA #Google #Google+
6872c315b62290955ac8c8cad35ebddf,techdivine,RT @tcsmeetup: Mega A TO Z #Brand #Quiz is here:On #GooglePlus http://t.co/sAtAqEXx  On #Facebook http://t.co/OBlpZwiV via @Techdivine
6872c315b62290955ac8c8cad35eb5ea,The Only Gospel,How the Bible disproves the eternal security doctrine: http://t.co/dwAjIARe on #GooglePlus
6872c315b62290955ac8c8cad35eb98f,The Only Gospel,The simple answer as to what language the #NewTestament was written in: http://t.co/ptm3Z885 on #GooglePlus
6872c315b62290955ac8c8cad35eba4b,The Only Gospel,The abundant #confusion of who is and is not a Jew: http://t.co/iuddrhvT on #GooglePlus
6872c315b62290955ac8c8cad35ebddf,The Only Gospel,#Preaching clip #video - #holyGhost #baptism is the primary gospel experience: http://t.co/s48PMb9a on #GooglePlus
6872c315b62290955ac8c8cad35ebddf,The Only Gospel,'All things considered, this is what really matters: http://t.co/oD83rQOz on #GooglePlus'
6872c315b62290955ac8c8cad35ebddf,The Only Gospel,How to receive the #promise of the Spirit: http://t.co/98djVkUK on #GooglePlus
6872c315b62290955ac8c8cad35ebddf,The Only Gospel,The characteristics of those who will be saved: http://t.co/vByvv7Dh on #GooglePlus
6872c315b62290955ac8c8cad35ebddf,The Only Gospel,The great 49th Psalm &amp; what it takes to be on the right side of it: http://t.co/ZNCy3Jyn on #GooglePlus
6872c315b62290955ac8c8cad35eb98f,The Strait Way,'The great difference between #God''s righteousness and self righteousness: http://t.co/IPVpYui5 on #GooglePlus'
6872c315b62290955ac8c8cad35eb98f,The Strait Way,The witness that #God provides to indicate when someone is truly born again: http://t.co/ikK7Wk29 on #GooglePlus
6872c315b62290955ac8c8cad35ebddf,The Strait Way,Hear Our #gospel cover #song "Washed In the Blood" http://t.co/g1uIhvGL on #GooglePlus
6872c315b62290955ac8c8cad35ebddf,The Strait Way,The bottom line for believers: http://t.co/z5w3Nshm on #GooglePlus
6872c315b62290955ac8c8cad35ebddf,The Strait Way,'The flawless #wisdom found in #God''s dictionary: http://t.co/UNe8UB1t on #GooglePlus'
6872c315b62290955ac8c8cad35eba4b,thetitansfamily,For #Network #Marketing #Success circle us on #GooglePlus http://t.co/AwJLZjzC
6872c315b62290955ac8c8cad35eb98f,Thierry MOUSSU,'Good To Know ! RT @hobbynote: Quelles sont les tailles optimales des photos sur #Facebook, #Twitter et #GooglePlus ? http://t.co/5yah8tV9'
6872c315b62290955ac8c8cad35eb5ea,TNT Magazine ,'Hooray, hurrah, break out the party balloons! We just hit 10,000 followers on #GooglePlus - you can find us here: http://t.co/vMYz2220'
6872c315b62290955ac8c8cad35eb98f,Tom McGrath,'How to React on Facebook, Twitter, #YouTube and #GooglePlus http://t.co/70nftQW9 @radian6 #socialmedia #sm #facebook #twitter'
6872c315b62290955ac8c8cad35eba4b,TopMostShop,#hangout #Googleplus http://t.co/5n9Tyonr asks why Google+ is the best Read http://t.co/7yRj6ORG watch http://t.co/3E2XwTk7
6872c315b62290955ac8c8cad35eb5ea,Trentonian,RT @LynetteRadio: Great #GooglePlus HOA How to Kick Start Social with Google+: http://t.co/ws30oOBi
6872c315b62290955ac8c8cad35ebddf,Vera Anna Matty,'RT @ByOneSpirit: How #God''s people will forfeit their inheritance with God if they walk in sin: http://t.co/ts92O9qe on #GooglePlus'
6872c315b62290955ac8c8cad35eb98f,vvbellur,Hangouts is one of the most versatile #Googleplus tools available to you. Learn more here - http://t.co/3kuUJ7V7 via @HubSpot #SocialMedia
6872c315b62290955ac8c8cad35eba4b,Webfluenz,5 Ways to Use Google+ Events for Your Business http://t.co/FnsF9IHO via @smexaminer #googleplus #socialmedia
6872c315b62290955ac8c8cad35ebddf,xferral,RT @LikesPro: Get free #Youtube likes and views on http://t.co/T38zugp0! #samsung #facebook #instagram #google #googleplus #socialnetwork #socialmedia
6872c315b62290955ac8c8cad35eb98f,'Zawadi Nyong''o',RT @serenahotels: Happy to be on #Googleplus page http://t.co/KZeEqAWd #SMDayNairobi &lt; Why? Pls share. What have been benefits?
