"doc_id","company","funding_rounds","revenue","growth_total","growth_multiple","business_model_text","tweet_volume","score_100","pop_scale"
"5fae06029bbe793553b81c6aca0297c3","a10-networks",38000000,167200000,129200000,4.4,"Makes high-performance server appliances designed to help organizations of all sizes with security, speed, and performance. A10 Networks develops server load-balancing hardware especially for enterprise application delivery, carrier and Internet service p",6,0,0
"5fae06029bbe793553b81c6aca154a1e","acquia",38500000,21800000,-16700000,0.57,"Provides products, services, and technical support for the open source Drupal social publishing system for organizations such as Al Jazeera, Stanford University, and Twitter.",648,75.46,48900
"08ea75d0b39da8eeca1e9129c7964849","stella-dot",0,208100000,208100000,,"Sells jewelry through its network of commission-earning stylists, individuals who sign up with the company to host trunk sales of the merchandise in their local communities. Stylists can earn additional income by becoming coaches who lead and teach groups",448,81.03,36300
"bb00443be334273f59d3ef19d1c945b9","house-party",9950000,13100000,3150000,1.32,"Organizes ""house parties""events hosted by ""brand advocates"" selected from its community of social influencers to spread authentic brand recommendations to millions. Over the course of each eight to 12-week campaign, the hosts engage with one another and d",492,67.07,33000
"e054627bc6b1f1d8cb812cce426c55d9","opensky",41050000,28100000,-12950000,0.68,"An IT consultancy focused on helping organizations reduce costs, protect information assets, and accelerate the adoption of technologies that will make their business grow and improve. Its four practice areas are core infrastructure; technical business co",372,75.27,28000
"83097a0e1641e8eda5b5ac717ea2d443","modcloth",44800000,15600000,-29200000,0.35,"Founded by husband and wife team Eric Koger and Susan Gregg Koger, ModCloth is an online retailer that sells affordable women's fashions from independent designers. Its unique selection of indie clothing and engaging promotions on the ModLife blog and soc",425,58.59,24900
"bb00443be334273f59d3ef19d15b58f0","gogo",135000000,160200000,25200000,1.19,"Delivers branded in-flight Internet connectivity that allows air passengers to get online on more than 1,500 commercial and 5,000 private business aircraft. In 2006, the FCC awarded Gogo its exclusive air-to-ground (ATG) 3Mhz broadband frequency license, ",363,61.71,22400
"bb00443be334273f59d3ef19d15a5d86","godaddy",0,3474000000,3474000000,,"Offers domain name registration and hosting services for indiviudals and businesses. Additionally, the company provides e-commerce, security, productivity services, and marketing tools",454,43.61,19800
"83097a0e1641e8eda5b5ac717e3e7a1e","marketo",108400000,32900000,-75500000,0.3,"Develops marketing automation and sales effectiveness software that increases revenue performance.",403,44.42,17900
"08ea75d0b39da8eeca1e9129c7aafdd1","stumbleupon",18500000,5900000,-12600000,0.32,"StumbleUpon is an online content discovery engine that brings users to pages matched to their personal preferences. Users are presented only with those websites suggested by their friends or other 'stumblers' with similar interests. The New York Times lik",462,37.66,17400
"597e595b22c7371d2769eb1fa0f37e69","linkedin",103200000,243100000,139900000,2.36,"Provides a professional social media network for more than 100 million members. The company went public in May 2011.",447,37.36,16700
"e054627bc6b1f1d8cb812cce4249b17f","odesk",44000000,131000000,87000000,2.98,"Specializes in recruitment and job placement services for Web developers, software programmers, graphic designers, writers, and customer service representatives. More than 2.8 million hours were worked on oDesk's platform in March 2012 alone, for which oD",223,73.99,16500
"83097a0e1641e8eda5b5ac717eec7f23","nasty-gal",9000000,22900000,13900000,2.54,"Sells new and vintage clothing, accessories, and shoes online. Founder Sophia Amoruso started the company on eBay, selling one-of-a-kind vintage pieces that she sourced, styled, photographed, and shipped herself.",398,41.21,16400
"5885c8f942b2d53de0f9ff90e110263e","prodege",0,36000000,36000000,,"Operates Swagbucks.com, which rewards consumers for their online activities with virtual currency that they can redeem for real life rewards, goods, and services.",487,33.47,16300
"bb00443be334273f59d3ef19d1c4a831","hostgator",0,18700000,18700000,,"HostGator provides shared Web hosting, dedicated services, and reseller hosting to webmasters, small businesses, and hobbyists that have content to share nationwide.",357,44.54,15900
"4b9962595d7ff850d591b39c002d707d","dyn",0,27300000,27300000,,"Provides Internet infrastructure services that power domain name systems (DNS) and e-mail delivery for businesses of all sizes and for personal users. Customers include Twitter, Zappos and Netflix.",213,69.95,14900
"907373444553d8ee3bfe8778cd4a5483","tm-one",0,43300000,43300000,,"Assists companies with outsourcing database and customer relationship management for industries including financial, health care, and transportation.",291,50.52,14700
"5fae06029bbe793553b81c6acaff8d19","big-fish-games",83300000,182600000,99300000,2.19,"Big Fish Games develops casual games and publishes them online.",143,96.5,13800
"08ea75d0b39da8eeca1e9129c786b366","squarespace",38500000,19300000,-19200000,0.5,"Its software powers websites for businesses, bloggers, and professionals worldwide.",238,43.28,10300
"08ea75d0b39da8eeca1e9129c7afe4d4","sugarsync",51500000,11300000,-40200000,0.22,"Provides mobile cloud services that enable users to access, backup, sync, and share all of their data anytime, instantly and securely, from any Mac, PC, or mobile device. SugarSync offers the first five gigabytes of online storage for free, then the optio",162,58.64,9500
"e054627bc6b1f1d8cb812cce4298a828","pardot",0,7400000,7400000,,"Makes marketing automation software that gives its clients detailed analytics on their Web visitors and prospects and helps them increase their ROI.",151,58.28,8800
"4b9962595d7ff850d591b39c00af0c09","facebook",233570000,3700000,-229870000,0.02,"Runs a social networking platform that connects users with friends and family, offering them tools to share and express what matters to them. Monetizes its network through targeted display advertisements and revenue share from sales of virtual goods.",383,21.15,8100
"4b9962595d7ff850d591b39c009dbcf8","exacttarget",188210000,608400000,420190000,3.23,"Provides cross-channel, interactive marketing software-as-a-service that helps organizations of all sizes to communicate with their customers through e-mail, mobile devices, social media, and the Internet.",141,56.74,8000
"fb79c1faa23e6537889b8b58ca015e13","bigcommerce",15000000,27300000,12300000,1.82,"BigCommerce, formely Interspire, is the leading SaaS e-commerce shopping cart software. It has been chosen by well over 23,000 successful businesses looking to grow their businesses and revenues using the reach and affordability of e-commerce.",145,54.48,7900
"907373444553d8ee3bfe8778cdbfb991","utest",37800000,8600000,-29200000,0.23,"Utilizes a roster of more than 60,000 professional testers from 190 countries to provide real-world testing of Web, desktop, and mobile applications in development. uTest's services ensure that the applications function as intended, are free of security v",181,43.65,7900
"fb79c1faa23e6537889b8b58ca4fd61a","bronto-software",0,39900000,39900000,,"Provides a marketing platform for retailers and other commerce-focused companies to increase revenue through e-mail, mobile, and social campaigns. Its more than 1,000 customers include Trek and CoffeeForLess.com",97,76.29,7400
"bb00443be334273f59d3ef19d169cc24","govdelivery",19700000,10600000,-9100000,0.54,"GovDelivery offers hosted email and digital subscription management services for federal, state, and local government agencies and transportation authorities in the U.S. and some government clients in the U.K. The company's blog reachthepublic.com offers ",439,14.81,6500
"fb79c1faa23e6537889b8b58ca3dbab2","brafton",0,11600000,11600000,,"Provides full-spectrum content marketing services to increase brand authority, website traffic and leads. Brafton's custom content, from news and blogs to infographics and video, is supported by SEO consultancy, social strategies and defined conversion me",155,38.06,5900
"5fae06029bbe793553b81c6aca15d047","acronis",11000000,316000000,305000000,28.73,"Develops disaster recovery, backup, and IT security software used by corporations, small and midsize businesses, and consumers to protect their digital information, maintain business continuity, and reduce downtime. Its products are sold in more than 90 c",41,141.46,5800
"5fae06029bbe793553b81c6acada459a","bandwidth-com",20500000,260800000,240300000,12.72,"Bandwidth.com is a nationwide communications provider offering businesses advanced Internet, VoIP, network, and wireless services.",50,102,5100
"907373444553d8ee3bfe8778cd5f70bc","tradeking",6000000,23100000,17100000,3.85,"TradeKing is a nationally licensed online stock and options brokerage firm offering simple, low trading fees ($4.95 per trade plus $.65 per option contract) with no hidden costs or account minimums. A pioneer in integrating new financial social media as p",60,81.67,4900
"5fae06029bbe793553b81c6acae32f8f","bazaarvoice",19900000,64500000,44600000,3.24,"Provides social commerce software that helps clients capture, display, and analyze online word of mouth, including consumer-generated ratings and reviews, questions and answers, stories, recommendations, photographs, videos and other content about their b",125,36.8,4600
"fb79c1faa23e6537889b8b58ca12ffc0","bizo",16000000,12300000,-3700000,0.77,"Specializes in reaching and engaging business professionals wherever they travel online. It can precisely target more than 100 million professionals around the world, including more than 80 percent of the U.S. business population, enabling it to give clie",75,56,4200
"e054627bc6b1f1d8cb812cce4207bd0a","netsuite",0,67200000,67200000,,"NetSuite offers an online software subscription service that helps small and midsize retailers manage various aspects of their business.",374,11.23,4200
"e054627bc6b1f1d8cb812cce42a84c34","pcg-digital-marketing",0,6000000,6000000,,"A full-service agency that specializes in helping businesses with their online presence to increase traffic, relevancy, and profits.",80,51.25,4100
"5fae06029bbe793553b81c6acab4ee1a","attask",7000000,69300000,62300000,9.9,"Develops project and portfolio management software that increases efficiency for businesses of all sizes.",39,100,3900
"4b9962595d7ff850d591b39c0065b341","emma-email-marketing",0,38200000,38200000,,"They produce beautiful and vibrant email marketing stationary. ... The advantage with their model is you invest time making business decisions",66,59.09,3900
"bb00443be334273f59d3ef19d1306c8a","gemvara",45200000,7400000,-37800000,0.16,"An online retailer of fine jewelry that offers 1,500 original designs that can be customized using 26 gemstones and eight precious metal options.",92,42.39,3900
"c61e6a5dd61ef3ac28d02c864e0974a0","contact-at-once",3000000,10000000,7000000,3.33,"Operates industry-specific merchant networks built around its proprietary website chat software embedded in online ads on landing pages. Its chat tools typically increase by 25 percent the number of online shoppers who initiate contact with its real estat",66,54.55,3600
"597e595b22c7371d2769eb1fa0cff521","lattice-engines",1700000,7500000,5800000,4.41,"Lattice Engines helps customers maximize their return on sales and marketing investments. Its software combines advanced optimization techniques and predictive analytics built on a flexible data integration platform.",56,64.29,3600
"597e595b22c7371d2769eb1fa0f559be","linode",0,33000000,33000000,,"Provides highly customizable, Linux-based virtual servers to companies of all sizes.",199,18.09,3600
"907373444553d8ee3bfe8778cde32437","vibes-media",15000000,29700000,14700000,1.98,"Vibes Media provides mobile applications and marketing services to advertisers and marketing media publishers.",76,46.05,3500
"5fae06029bbe793553b81c6aca8afbe0","appriver",0,65300000,65300000,,"Offers a comprehensive subscription-based software-as-a-service that incorporates spam and virus protection, e-mail encryption, and Web security features.",17,194.12,3300
"83097a0e1641e8eda5b5ac717e28b94b","magic-logix",0,2000000,2000000,,"Magic Logix is a website design and digital marketing company that focuses on business growth through technology. It offers search engine optimization, social networking development tools, e-commerce services, open source Web development, blog integration",44,75,3300
"fb79c1faa23e6537889b8b58ca48fac5","brightcove",103100000,63600000,-39500000,0.62,"Provides cloud-based services for publishing and distributing professional digital media. Customers include the New York Times and General Motors.",71,45.07,3200
"08ea75d0b39da8eeca1e9129c770d3aa","speck-products",0,35500000,35500000,,"Designs and manufactures cases for iPods, cell phones, satellite radios, and Apple laptops.",87,36.78,3200
"40effe5288e80a75577c6fc058283632","webpagefx",0,2500000,2500000,,"Offers Internet marketing services to mid to large size companies worldwide. Provides customized marketing plans to meet the individual needs of its clients and strives to provide positive results by driving traffic and measuring effectiveness.",38,84.21,3200
"5fae06029bbe793553b81c6acafff692","big-nerd-ranch",0,5700000,5700000,,"Develops mobile applications and trains programmers in the company's mobile strategy. Works with some of the biggest companies in the world including Apple. Known for best-selling, how-to guides for nerds, Big Nerd Ranch applies a monastic retreat approac",38,81.58,3100
"597e595b22c7371d2769eb1fa0ffb269","livestream",12700000,12300000,-400000,0.97,"Enables live, streaming event coverage, allowing anyone to broadcast live to the Web. Its clients include Facebook, the New York Times, and TV networks.",287,10.8,3100
"bb00443be334273f59d3ef19d16e65de","granicus",10000000,10200000,200000,1.02,"Granicus offers webcasting services that enable its clients - schools, colleges, public access channels, and city and state governments - to deliver public meetings, service announcements, educational content, and video training through the Internet, live",42,66.67,2800
"c61e6a5dd61ef3ac28d02c864e889cab","digitalsmiths",31500000,6500000,-25000000,0.21,"Makes software in the rapidly growing niche of video search and recommendation. Its Seamless Discovery product increases the accuracy and ease with which end users find relevant, personalized entertainment across multiple channels and devices. Customers i",20,125,2500
"4b9962595d7ff850d591b39c008d8b8a","etouches",0,3300000,3300000,,"Develops an event management software platform that allows clients such as Dell and Goodwill Industries to plan, manage, and market their entire event portfolio. Etouches serves corporations, nonprofits, associations, educational institutions, and marketi",98,24.49,2400
"907373444553d8ee3bfe8778cdbe465b","uship",5000000,5400000,400000,1.08,"uShip facilitates the moving of hard-to-ship items, such as cars, furniture, pianos, boats, freight, and heavy equipment, connecting people and businesses with feedback-rated transporters. Carriers place competitive bids to win business, often filling ext",38,63.16,2400
"5fae06029bbe793553b81c6acac5bfdd","avepoint",0,98700000,98700000,,"Offers comprehensive and flexible infrastructure support for SharePoint data protection, replication, migration, administration, content lifecycle management, storage optimization, deployment management, compliance, and SharePoint-Salesforce.com integrati",51,45.1,2300
"5fae06029bbe793553b81c6acab1431b","atlantic-bt",0,12500000,12500000,,"Offers Web design, custom scripting, Web hosting, Internet marketing, and copy services to local, national, and international clients.",19,115.79,2200
"83097a0e1641e8eda5b5ac717e076b6c","location3-media",0,78700000,78700000,,"Specializes in directing Internet traffic to clients' websites.",32,68.75,2200
"5fae06029bbe793553b81c6acaabc7cc","astonish-results",0,11400000,11400000,,"Provides Web development and marketing services to help insurance agencies grow their internal business and generate leads through the tactical use of e-mail marketing, customer relationship management (CRM), social media construction and strategy, and se",24,83.33,2000
"5fae06029bbe793553b81c6acace656c","azavea",0,4200000,4200000,,"Azavea, formerly Avencia, develops custom software for mapping and geographic analysis used by commercial, government, and educational clients.",32,56.25,1800
"597e595b22c7371d2769eb1fa0df9734","lendio",8000000,8600000,600000,1.08,"Matches small business owners with the banks, lenders, and other funding sources most likely to underwrite their small business loans. If a company is not ready for a loan, Lendio offers services to prepare it for one, such as business plan analysis, fina",34,52.94,1800
"83097a0e1641e8eda5b5ac717e5c11ab","mediawhiz",0,129700000,129700000,,"Combines expertise in all forms of online marketing (display, search, social, email, affiliate, mobile, etc.), focusing on media ROI for a broad range of leading advertisers.",26,69.23,1800
"e054627bc6b1f1d8cb812cce426e1d35","operative",14500000,16000000,1500000,1.1,"Develops Software-as-a-Service-based platform and technology-enabled services and software designed to assist digital media companies in streamlining ad operation efforts. Companies can use its services and software to package, sell, traffic, manage, opti",22,81.82,1800
"08ea75d0b39da8eeca1e9129c7822e1e","spring-creek-group",0,4300000,4300000,,"Offers social media brand analytics, strategy, and marketing services for companies like CH2M Hill and LiveNation.com.",21,85.71,1800
"4b9962595d7ff850d591b39c0041fa58","eclinicalworks",0,695100000,695100000,,"Offers comprehensive electronic health records and practice management services, allowing medical practices to improve efficiency and enhance patient care regardless of practice size, specialty, or number of locations. More than 60,000 medical providers a",11,154.55,1700
"597e595b22c7371d2769eb1fa0d8a760","leapfrog-interactive",0,28000000,28000000,,"Provides Internet marketing services specializes in helping its clients build engaging, online brand interaction with consumers.",32,53.13,1700
"597e595b22c7371d2769eb1fa0e3b17a","levelwing",0,114900000,114900000,,"Mines and analyzes data to help businesses market and operate with greater clarity and profitability. Levelwing customizes its digital marketing services to grow and improve its clients' business through strategy development, creative, integrated marketin",19,89.47,1700
"83097a0e1641e8eda5b5ac717e389314","mapmyfitness",15500000,6200000,-9300000,0.4,"Operates a suite of social wellness-oriented websites and associated mobile and tablet applications including MapMyRUN.com and MapMyHIKE.com. MapMyFITNESS provides more than nine million runners, cyclists, walkers, and other fitness enthusiasts access to ",784,2.17,1700
"907373444553d8ee3bfe8778cdbbead5","usablenet",0,62600000,62600000,,"Translates its clients' existing website content and functionality to mobile Web and application interfaces. Major clients include ShopNBC, Amtrak, Delta, Expedia, FedEx, and Marks & Spencer.",36,44.44,1600
"5fae06029bbe793553b81c6aca88d09a","appliedtrust",0,5300000,5300000,,"Provides IT consulting services focused on the security, performance, and availability of system and network infrastructure for businesses in high technology, energy, utilities, financial services, education, government, and health care.",23,65.22,1500
"83097a0e1641e8eda5b5ac717ee2531c","mywedding",0,14700000,14700000,,"Connects engaged couples (and their guests) with local, national and international advertisers. As a business to business sales company, mywedding.com works alongside advertisers (such as Macys, Disney, and Starwood), connecting them to a highly intentio",38,39.47,1500
"c61e6a5dd61ef3ac28d02c864e88dc73","digitaria-interactive",0,15000000,15000000,,"Digitaria is an interactive marketing agency that offers Web development, optimization and analytics, creative services, and hosting and content management to clients such as NBC Universal, Warner Brothers, and the Atlanta Falcons. This year, Digitaria wo",47,29.79,1400
"e054627bc6b1f1d8cb812cce425c841c","onescreen",0,6300000,6300000,,"A digital video solutions partner with a full-service platform that includes content management, rights management, and syndication for producers, cross-platform video players, applications, and monetization for publishers, and advertising serving, target",21,66.67,1400
"907373444553d8ee3bfe8778cd2985df","the1stmovement",0,7200000,7200000,,"Digital agency that architects, designs and builds technology solutions for leading global brands in the healthcare, technology, travel and tourism and consumer good verticals. Clients include brands like Cisco, AT&T, Reebok, USOC, Adobe, PENTAX, DaVita, ",10,140,1400
"907373444553d8ee3bfe8778cd3e43e5","ticketleap",7497340,4700000,-2797340,0.63,"Provides an online exchange, integrated with social media, where tickets to concerts, theatre, and sporting events are bought and sold.",35,37.14,1300
"fb79c1faa23e6537889b8b58ca57d9b3","buildium",0,3400000,3400000,,"Develops and licenses online property management software with editions designed for private landlords, property management firms, homeowners associations and condominiums. This web-based software as a service allows landowners, residents and property man",16,75,1200
"83097a0e1641e8eda5b5ac717e84f022","mindbody",23000000,6000000,-17000000,0.26,"Delivers innovative business management software to nearly 18,000 subscribers in the health/wellness industry worldwide. The company's web-based software helps businesses increase annual sales by an average of 14% with features like online scheduling, sta",27,44.44,1200
"907373444553d8ee3bfe8778cd40e0a6","tigerspike",11000000,13600000,2600000,1.24,"Designs and develops personal media campaigns for publishing groups, telecommunications brands, retail outlets, government agencies and the fast-moving consumer goods sector. Focuses on reaching consumers and assisting enterprise staff members by creating",18,66.67,1200
"5fae06029bbe793553b81c6aca155798","acquirent",0,4000000,4000000,,"Provides outsourced sales for midsize companies as well as major corporations. Acquirent hires, trains, and manages sales teams to be a part of clients' sales infrastructure or their entire sales force.",24,45.83,1100
"4b9962595d7ff850d591b39c00ee5291","folica",0,27000000,27000000,,"Sells hair, nail, and other beauty products and supplies online to consumers and salons, at retail and wholesale prices.",18,61.11,1100
"907373444553d8ee3bfe8778cd833753","tubemogul",14500000,17800000,3300000,1.23,"Simplifies the delivery of video ads and maximizes the impact of advertising dollars spent by brand marketers by integrating real-time media buying, ad serving, targeting, optimization, and brand measurement into its PlayTime platform.",16,68.75,1100
"5fae06029bbe793553b81c6aca499942","ajax-union",0,2100000,2100000,,"A boutique Internet marketing firm that develops and implements strategies to enhance the online presence of its small and midsize business clients and help them outrank their larger competitors.",12,83.33,1000
"83097a0e1641e8eda5b5ac717e81d891","millennial-media",64800000,151500000,86700000,2.34,"Specializes in mobile advertising, helping publishers and developers to maximize ad revenue, mobile operators to further monetize their networks, and advertisers to reach mobile consumers.",29,34.48,1000
"08ea75d0b39da8eeca1e9129c7fa82f8","telenav",30000000,140700000,110700000,4.69,"TeleNav develops location-based applications for use on mobile devices, such as voice and onscreen GPS driving directions on cells and smartphones. It offers products in 29 countries with 15 carriers on more than 500 devices. TeleNav went public in May 20",17,58.82,1000
"5fae06029bbe793553b81c6acaa1be9b","arvixe",0,8100000,8100000,,"Hosts thousands of personal, small business, and enterprise websites.",9,100,900
"5fae06029bbe793553b81c6acaca979d","axcient",33500000,4300000,-29200000,0.13,"Offers a unified platform for protection of businesses' data that ensures backup, business continuity, and disaster recovery. The cloud-based service requires no infrastructure, license, or software costs, thereby eliminating capital expenditures and mini",19,47.37,900
"83097a0e1641e8eda5b5ac717e198aca","luggage-forward",0,5700000,5700000,,"Takes luggage to an individual's destination ahead of arrival, in locations throughout the world. Luggage Forward eliminates waiting in airport baggage lines, coming and going.",11,81.82,900
"e054627bc6b1f1d8cb812cce420faa13","new-media-strategies",0,7400000,7400000,,"Analyzes consumers' opinions of brands and products as expressed in chat rooms, blogs, and other online venues. New Media then helps customers--large marketers like McDonald's, Disney, and Reebok--spread the good word and defend against the bad.",21,42.86,900
"08ea75d0b39da8eeca1e9129c7828eca","springboard",0,5400000,5400000,,"Places radiation/oncology and radiology professionals on a contract and permanent basis at hospitals and cancer centers nationwide.",18,50,900
"4b9962595d7ff850d591b39c00edc369","fog-creek-software",0,3000000,3000000,,"Develops Web-based software, mostly for use within the software industry itself, allowing teams to coordinate tasks.",24,33.33,800
"597e595b22c7371d2769eb1fa0e6530d","liazon",30800000,4500000,-26300000,0.15,"Operates an online benefits exchange for small and midsize businesses. Its flagship product, the Bright Choices Exchange, is an online benefits store that helps employers save on average 10 percent to 30 percent annually on their health care costs by sett",6,133.33,800
"83097a0e1641e8eda5b5ac717e4a8d02","max-borges-agency",0,2200000,2200000,,"A PR firm for the tech sector that focuses exclusively on consumer electronics and enterprise technology. Clients include 4moms and Ballistic.",11,72.73,800
"08ea75d0b39da8eeca1e9129c7a630db","strikeiron",12840000,3100000,-9740000,0.24,"Provides data and communication via its cloud platform for a variety of applications. It supplies bulk text messaging marketing from business to customer. It has an application for real-time sales tax calculations for online shopping carts. Products are d",6,133.33,800
"5fae06029bbe793553b81c6aca156c36","acquity-group",0,190000000,190000000,,"Offers digital marketing services in strategy, design, and technology to create unique experiences to build its clients' customer relationships. Customers include the New York Philharmonic and American Airlines.",5,140,700
"fb79c1faa23e6537889b8b58ca46a1c2","brickhouse-security",0,29100000,29100000,,"BrickHouse Security provides security, safety, and surveillance products from locks, cameras, and baby monitors to tracking devices, night vision goggles, stun guns, and spy gear. Its customers are consumers, businesses of all sizes, and government agenci",14,50,700
"c61e6a5dd61ef3ac28d02c864e58dff9","datto",0,8800000,8800000,,"Provides hardware-based on-site and offsite backup, disaster recovery, and business continuity services for municipalities, small businesses, and organizations in education, health care, retail, law, and financial services.",11,63.64,700
"08ea75d0b39da8eeca1e9129c7aefe56","successfactors",0,32600000,32600000,,"Provides performance management software solutions.",37,18.92,700
"08ea75d0b39da8eeca1e9129c7fdb752","telovations",6500000,9800000,3300000,1.51,"Designs, builds, and manages advanced communications networks for businesses.",39,17.95,700
"fb79c1faa23e6537889b8b58ca398ad5","boston-technologies",3225000,14700000,11475000,4.56,"Specializes in foreign exchange (FX) trading technology, software, support, transaction processing services, and liquidity access for FX retail brokers, institutional traders, small to medium size hedge funds, and other institutional FX market participant",5,120,600
"4b9962595d7ff850d591b39c00bbba73","fashionphile",0,4000000,4000000,,"Fashionphile is a family-owned company that resells second-hand handbags from Louis Vuitton, Chanel, Gucci, and other luxury designers. Founder Sarah Davis started the company as a way to pay off her law school loans.",33,18.18,600
"5885c8f942b2d53de0f9ff90e163a8b2","red-clay-interactive",0,2100000,2100000,,"Red Clay Interactive provides internet marketing, as well as web design and application development.",9,66.67,600
"08ea75d0b39da8eeca1e9129c7a5f1c6","stride",0,32300000,32300000,,"Manufactures and sells writing instruments and other office products. The company has a mission of employing people with developmental disabilities.",6,100,600
"40effe5288e80a75577c6fc058000d12","vocalocity",8000000,48600000,40600000,6.08,"Ensures higher quality VoIP services through proprietary technology that differentiates it from traditional VoIP providers. With cloud-based connectivity, businesses can work from anywhere while enjoying features that deliver large enterprise visibility a",17,35.29,600
"5fae06029bbe793553b81c6aca55ea5c","allegiance",17700000,11200000,-6500000,0.63,"Allegiance provides Voice-of-the-Customer (VOC) and Enterprise Feedback Management (EFM) services for organizations. The Allegiance Engage platform is a feedback system that collects and analyzes the voices of customers and employees through multiple chan",10,50,500
"fb79c1faa23e6537889b8b58ca35d259","boomtown",0,6800000,6800000,,"A Web-based software company specializing in a marketing system for real estate professionals. The platform includes a customized real estate website integrated with local MLS (multiple listing service) data, personalized online advertising campaigns, and",14,35.71,500
"4b9962595d7ff850d591b39c0000eb8b","direct-incorporation",0,2500000,2500000,,"Direct Incorporation assists small businesses and entrepreneurs with their basic start-up needs.",2,250,500
"bb00443be334273f59d3ef19d19eb88f","health-dialog",0,179300000,179300000,,"Provides health-care management and analytical services for large employers, provider groups, and government programs.",4,125,500
"83097a0e1641e8eda5b5ac717ea30946","modea",0,9400000,9400000,,"Digital ad agency that offers strategic, marketing, creative, and technology services to consumer brands such as Hasbro and T-Mobile.",14,35.71,500
"e054627bc6b1f1d8cb812cce4291378c","palo-alto-networks",64600000,185100000,120500000,2.87,"Develops a software platform that allows enterprises, service providers, and government entities to secure their networks and safely enable the large number of complex applications running on them.",32,15.63,500
"907373444553d8ee3bfe8778cd58dcdc","touchstorm",0,4800000,4800000,,"Produces and distributes video advertising online for clients such as Autodesk and Travelocity. It specializes in making HD-quality, journalistic videos that have an editorial tone and appear in the center of the page rather than at the margins.",7,71.43,500
"40effe5288e80a75577c6fc0580d4739","w3i",0,26800000,26800000,,"W3i provides digital fee-based and ad-supported marketing services to Internet media companies, direct marketers, e-commerce companies, and others. It combines the traffic of multiple Web properties, including Freeze.com, Ringtone.com, ScreenSaver.com, an",13,38.46,500
"5fae06029bbe793553b81c6acaa81b34","aspen-marketing-services",0,556000000,556000000,,"Provides marketing services, integrating traditional marketing with digital and emerging channels.",10,40,400
"fb79c1faa23e6537889b8b58ca22ac75","blue-fountain-media",0,16500000,16500000,,"A full-service digital agency that offers Web design and development, online marketing, and online business strategy consulting services. Other services include branding, application development, online reputation management, and copywriting. CEO Gabriel ",19,21.05,400
"4b9962595d7ff850d591b39c007ebfb0","epocrates",35000000,35700000,700000,1.02,"Provides drug reference tools and other interactive services used on mobile devices by health care professionals to help them make more informed prescribing decisions, enhance patient safety, and improve practice productivity. Its user network of more tha",5,80,400
"4b9962595d7ff850d591b39c00a23cf7","exinda",18000000,17300000,-700000,0.96,"Makes software that enables users to see, control, accelerate, and optimize the traffic on their wide area networks (WANs), which helps network managers maximize network resources, control operational costs, and improve user experience.",14,28.57,400
"4b9962595d7ff850d591b39c00be26d3","fastspring",0,92800000,92800000,,"Makes software that streamlines e-commerce for merchants of downloadable and subscription-based products and services such as downloadable software, software-as-a-service, Web 2.0 services, games, and e-books. The company offers customized, hosted order p",4,100,400
"4b9962595d7ff850d591b39c00fc8bb1","four-winds-interactive",0,42700000,42700000,,"Creates digital LCD, plasma, and LED display signage featuring media playback, sophisticated data integration, digital wayfinding, and interactivity. Its displays are used in numerous applications, including digital donor walls, flight arrivals and depart",3,133.33,400
"83097a0e1641e8eda5b5ac717eb75135","motivequest",0,3300000,3300000,,"A consumer research and consulting company. It consults with clients regarding emerging consumer trends online and with major brand leaders in the national corporate marketplace.",4,100,400
"83097a0e1641e8eda5b5ac717ed31c33","mybuys",32800000,23100000,-9700000,0.7,"Helps retailers increase the effectiveness of their marketing strategy by learning individual consumers tendencies and interests, then using this intelligence to present these shoppers with optimized recommendations and offers.",12,33.33,400
"907373444553d8ee3bfe8778cd2e643f","theplatform",8000000,8400000,400000,1.05,"Makes software that allows the owners of digital media content to distribute it in popular formats such as Windows Media, Flash, and MPEG-4 via wireless or broadband networks, to all sorts of devices, from PCs and TVs to cell phones.",6,66.67,400
"40effe5288e80a75577c6fc0580685eb","votigo",1265000,3300000,2035000,2.61,"Develops a technology platform that allows businesses to attract and engage their audiences on all social media channels. Its social marketing suite features promotions and marketing applications, Social Conversation Manager, and enhanced insights and ana",7,57.14,400
"5fae06029bbe793553b81c6aca782f29","answerlab",0,2500000,2500000,,"Conducts custom user-experience research to improve websites, software, and mobile applications.Its customers include Amazon.com, PayPal, Honda, ING DIRECT, ESPN, FedEx, Genentech, eBay, Salesforce.com, Amgen, Intuit and Harley Davidson.",2,150,300
"bb00443be334273f59d3ef19d137fe6f","geomagic",8000000,21100000,13100000,2.64,"Geomagic is a software company that designs 3D modeling and inspection software to aid in data imaging and transport.",11,27.27,300
"83097a0e1641e8eda5b5ac717e1a4316","lumension",0,144600000,144600000,,"Lumension sells data protection software for corporate, government, and international clients, including NASA, Virgin Atlantic, and Google.",11,27.27,300
"83097a0e1641e8eda5b5ac717e5a0ee2","mediamath",26876550,77700000,50823450,2.89,"Operates the TerminalOne platform, which allows agencies and advertisers to plan, execute, optimize, and analyze marketing programs across the digital landscape.",5,60,300
"83097a0e1641e8eda5b5ac717e5be1dd","mediatrust",21000000,98100000,77100000,4.67,"MediaTrust offers a diverse set of digital marketing services for advertisers using affiliate Web page publishers. The company's proprietary cost-per-action platform supports campaigns using display advertising, paid search, social media, and e-mail.",6,50,300
"83097a0e1641e8eda5b5ac717ec30725","mtbc",0,25900000,25900000,,"Offers a suite of fully-integrated, end-to-end services which help physicians and practices simplify every step of the practice management process, from the initial scheduling of an appointment to the billing and remittance tasks.",9,33.33,300
"08ea75d0b39da8eeca1e9129c78bc387","standing-dog",0,8200000,8200000,,"Provides Internet marketing services and develops websites primarily for hotels and resorts. Major clients include Marriott, Event Cinemas, Omni Hotels, Miraval Resort.",22,13.64,300
"08ea75d0b39da8eeca1e9129c7bd03dc","surveygizmo",0,3300000,3300000,,"Makes software that market research firms and companies of all sizes use to create online surveys, questionnaires and forms, allowing capture and analysis of essential business data.",8,37.5,300
"5fae06029bbe793553b81c6acaa1ceeb","arxan-technologies",13000000,5400000,-7600000,0.42,"Helps customers stop software piracy.",2,100,200
"5fae06029bbe793553b81c6acad7e70b","balihoo",17500000,20300000,2800000,1.16,"Offers Web-based marketing automation software and services to national brands with local marketing needs, enabling them to dramatically reduce their marketing expenses and immediately increase local sales revenue.",30,6.67,200
"5fae06029bbe793553b81c6acae2c52f","bayru",0,7300000,7300000,,"Operates a cross-border shopping site that sells products from the United States to consumers in Russia and the Commonwealth of Independent States.",2,100,200
"4b9962595d7ff850d591b39c0059ca62","element-payment-services",0,53500000,53500000,,"Provides a payment processing platform to merchants and business management software providers that is easy to integrate, supports advanced technologies, and manages more than $6 billion in transaction volume annually.",3,66.67,200
"bb00443be334273f59d3ef19d177141c","greenleaf-book-group",0,9000000,9000000,,"Produces, markets, and distributes self-published books in many genres. It also distributes select titles from small and independent publishers to major trade outlets, libraries, and airport retailers.",4,50,200
"e054627bc6b1f1d8cb812cce42595f1a","one-source-talent",0,23400000,23400000,,"Assists models, actors and other specially talented individuals in entering the entertainment industry while providing a medium for casting directors, clients and agencies to locate talent",39,5.13,200
"e054627bc6b1f1d8cb812cce4270c5f8","opticsplanet",0,237800000,237800000,,"Sells a wide selection of optical products such as microscopes, radar guns, binoculars, and GPS equipment, for the educational, scientific, outdoor, military and consumer markets.",8,25,200
"e054627bc6b1f1d8cb812cce4274ec89","orange-legal-technologies",0,5300000,5300000,,"Performs electronic discovery, litigation support, business audits and internal investigation services for law firms and corporations.",30,6.67,200
"08ea75d0b39da8eeca1e9129c7eced13","techcfo",0,8100000,8100000,,"Provides executive level strategy and business planning, financial operations, governance and investor relations, capital raising, transaction support and specialty services.",8,25,200
"907373444553d8ee3bfe8778cd19ad2b","the-jar-group",0,6100000,6100000,,"Assists companies with understanding online behavior to increase traffic, sales, and revenue via a suite of online marketing services including search engine optimization, paid search, digital advertising, market research, affiliate program management, CR",6,33.33,200
"907373444553d8ee3bfe8778cdac0cfa","unitedlex",0,71000000,71000000,,"Provides litigation services, including e-discovery and document review, contract review and management, intellectual property, legal research, and immigration and law firm support. With more than 750 professionals in nine global offices and two data cent",1,200,200
"5fae06029bbe793553b81c6acab1724e","atlantic-metro-communications",0,12800000,12800000,,"Utilizes a cloud computing technology platform and nationwide network to offer a comprehensive suite of customizable managed services.",1,100,100
"fb79c1faa23e6537889b8b58ca3c1bda","boxtone",11500000,19900000,8400000,1.73,"Sells software designed to manage, monitor, and support mobile applications for BlackBerry, iPhone, iPad, Android, and Windows Mobile devices. Its clients include managed service providers, large companies, and government agencies.",3,33.33,100
"4b9962595d7ff850d591b39c0074da3d","enspire-learning",0,4200000,4200000,,"Enspire Learning develops e-learning courses in sales and leadership for large companies.",1,100,100
"bb00443be334273f59d3ef19d1a0a9a1","healthfusion",2092196,3700000,1607804,1.77,"Internet-based company providing medical-claims processing services.",2,50,100
"597e595b22c7371d2769eb1fa0496753","invitation-consultants",0,6400000,6400000,,"Invitation Consultants sells personalized invitations, announcements, stationery, holiday cards, gifts, and party favors.",4,25,100
"597e595b22c7371d2769eb1fa0a0de49","keylimetie",0,4500000,4500000,,"A website and mobile design and development and digital strategy agency that helps clients communicate more effectively and closely with their customers through interactive marketing channels. It provides content management, e-commerce, and custom applica",1,100,100
"597e595b22c7371d2769eb1fa0d2561a","lawcrossing",0,4300000,4300000,,"Manages an online job board for the legal industry.",2,50,100
"597e595b22c7371d2769eb1fa0d662b4","leadnomics",0,17100000,17100000,,"Generates millions of new leads every year for financial institutions and insurance companies across the U.S. and the U.K. It specializes in finding the right customers for its clients by running highly targeted campaigns across a variety of online channe",2,50,100
"83097a0e1641e8eda5b5ac717e221623","m5-networks-3",0,8500000,8500000,,"Hosts a comprehensive VoIP phone service for mid-sized businesses including conferencing services, voicemail, recording services and easy accessibility to cloud computing business management systems",6,16.67,100
"83097a0e1641e8eda5b5ac717e6021a1","medsynergies",25000000,92100000,67100000,3.68,"Partners with health care organizations and physicians to align their operations by providing revenue cycle management, practice management, consulting services, business process analysis and software integration services.",1,100,100
"83097a0e1641e8eda5b5ac717ec27790","mspot",2330000,14500000,12170000,6.22,"mSpot operates a service, provided through 10 wireless carriers, that allows consumers to access music, custom ringtones, live radio, and videos from major music labels, movie studios, and top brands on their mobile phones.",1,100,100
"e054627bc6b1f1d8cb812cce420aaaa0","netwrix",0,4500000,4500000,,"Makes specialty software for IT infrastructure change auditing, which allows detailed tracking of who made what changes in the system. The software helps to control unauthorized changes, prevent costly security breaches, and sustain compliance.",2,50,100
"08ea75d0b39da8eeca1e9129c7de1f0b","tangoe",24200000,208600000,184400000,8.62,"Provides software and technology-enabled services to help global organizations manage, understand, and control their fixed and mobile communications assets and costs.",2,50,100
"08ea75d0b39da8eeca1e9129c7f6dde8","teknicks",0,4500000,4500000,,"Creates and manages Internet marketing strategies for well-known brands such as MTV and Reader's Digest, with a focus on search engine marketing.",1,100,100
"907373444553d8ee3bfe8778cd3930ac","three-pillar-global",10520000,33900000,23380000,3.22,"Builds software products for businesses. We do this through our disciplined approach to innovation and our expertise in disruptive technologies such as mobile and big data.",5,20,100
"907373444553d8ee3bfe8778cd7ea6c4","trumpia",0,3700000,3700000,,"Makes an all-in-one multichannel marketing software that enables campaigns on mobile, e-mail, voice, IM, and social media platforms. Customers include Jiffy Lube and Columbia University.",1,100,100
"5fae06029bbe793553b81c6aca7634c7","animax-entertainment",0,5700000,5700000,,"Animax Entertainment is a digital agency that produces multiplatform original and branded entertainment. Pioneering the realm of transmedia and creative technology, Animax produces animated and live-action video for TV and online, games, virtual worlds an",4,0,0
"5fae06029bbe793553b81c6aca9dd22d","arteris",25300000,14500000,-10800000,0.57,"Provides network-on-chip (NoC) interconnect semiconductor intellectual property to improve performance, power consumption, and die size of system-on-chip (SoC) devices for consumer electronics, mobile, automotive, and other applications.",2,0,0
"5fae06029bbe793553b81c6acaa40114","ascentium",0,260700000,260700000,,"Ascentium is a digital advertising company with expertise in brand strategy, Web design and development, customer relationship management (CRM), and business intelligence. Customers include Dell, T-Mobile, and Random House",2,0,0
"5fae06029bbe793553b81c6acaab2385","astaro",12900000,54800000,41900000,4.25,"Astaroâ€™s software solutions help companies protect their networks from data theft, viruses, spyware and spam.",2,0,0
"fb79c1faa23e6537889b8b58ca174591","blackline",0,14300000,14300000,,"Provides quick-to-implement, scalable and easy-to-use applications that automate the entire financial close process to help improve financial controls for companies of all sizes and across all industries. BlackLine software applications complement existin",2,0,0
"fb79c1faa23e6537889b8b58ca3a9aae","boundless-network",9000000,31000000,22000000,3.44,"Provides branded promotional products and services, including technology to manage promotional spending. GroupBuy is a Web-based application that allows multiple buyers in various locations to purchase a product as a buying group, allowing for bulk discou",1,0,0
"fb79c1faa23e6537889b8b58ca4ec5fc","broadsoft",10000000,159900000,149900000,15.99,"BroadSoft develops VoIP application software that enables the delivery of hosted telephony and multimedia services to eight of the top 10 and 14 of the top 25 largest carriers worldwide.",1,0,0
"4b9962595d7ff850d591b39c000417b5","discoverorg",0,8300000,8300000,,"Operates and maintains an up-to-the-minute database of contact information culled from the IT departments of corporations, educational institutions, and government organizations. The information is used as sales and marketing prospects by technology vendo",1,0,0
"4b9962595d7ff850d591b39c001bc140","dow-networks",0,9100000,9100000,,"Provides international call centers, hotels, and other businesses with VoIP networks and equipment.",1,0,0
"4b9962595d7ff850d591b39c0025aeba","drupal-connect",0,3500000,3500000,,"Offers Drupal development, training, and staffing services to more than 100 clients across North America and Europe, including Sony Music and NYSE.",2,0,0
"4b9962595d7ff850d591b39c002aae7c","duo-consulting",0,4700000,4700000,,"Duo Consulting provides Web development and design services including content management, search engine optimization, and Web site usability.",2,0,0
"4b9962595d7ff850d591b39c00358a07","eagleview-technologies",0,35400000,35400000,,"The inventor of patented software that produces very detailed and accurate 3D aerial roof measurement reports for the construction and insurance markets. The reports are used to calculate solar exposure, to get exact measurements for reroofing jobs, and t",3,0,0
"4b9962595d7ff850d591b39c0042aa3c","ecoast-sales-solutions",0,26300000,26300000,,"eCoast Sales Solution provides outsourced sales and marketing services for technology companies.",1,0,0
"bb00443be334273f59d3ef19d1011913","frayman-group",0,6000000,6000000,,"Provides enterprise risk management software for law firms to help them automate business processes, mitigate risk, manage compliance, and improve competitiveness.",2,0,0
"bb00443be334273f59d3ef19d1315749","geneca",0,38100000,38100000,,"Designs customized software for data analysis, customer relationship management, and automated business processes.",3,0,0
"83097a0e1641e8eda5b5ac717e047f44","local-splash",0,11600000,11600000,,"Helps clients get high rankings on local search sites like Google, Yahoo!, Merchant Circle, Yelp, and many others. Its proprietary search engine marketing technology especially benefits businesses that target customers by geographic area. Clients range fr",2,0,0
"83097a0e1641e8eda5b5ac717e49a871","mavenir-systems",104600000,52700000,-51900000,0.5,"Offers mobile infrastructure services to operators that provide LTE and mobile cloud services. Its IP-based core network services migrate voice and messaging to LTE.",1,0,0
"83097a0e1641e8eda5b5ac717e7318e5","metova",0,6400000,6400000,,"Develops smartphone applications for customers such as Barnes & Noble and eHarmony.",1,0,0
"83097a0e1641e8eda5b5ac717ea24ec0","mocospace",10500000,27800000,17300000,2.65,"Offers mobile Internet entertainment applications to more than 25 million registered users.",23,0,0
"83097a0e1641e8eda5b5ac717e622070","myyearbook",17100000,24000000,6900000,1.4,"A social network for meeting new people, dating, games, virtual goods, and social applications. myYearbook started in a single high school in 2005 and has grown to more than 25 million members worldwide.",2,0,0
"08ea75d0b39da8eeca1e9129c7827929","spring-wireless",78000000,57100000,-20900000,0.73,"Processes transactions for enterprises worldwide, including leading companies like Coca-Cola, Kellogg’s, L’Oréal, P&G, PepsiCo, Unilever, and Citibank. Its mSeries platform enables business to improve mobile workforce effectiveness, exchange real-time dat",2,0,0
"08ea75d0b39da8eeca1e9129c7aa97ad","studypoint",0,3200000,3200000,,"Provides one-to-one in-home private test prep and tutoring for students in grades K-12. Its nationwide offices have assisted over 15,000 students since its inception.",1,0,0
"08ea75d0b39da8eeca1e9129c7ae1e7e","substantial",0,3400000,3400000,,"Builds Web, mobile, and embedded applications for clients that include Kanye West and Citibank.",11,0,0
"907373444553d8ee3bfe8778cd62c5c5","traffiq",18000000,14800000,-3200000,0.82,"Facilitates the buying and selling of display media, yielding maximum return on investment for advertisers, ad agencies, and publishers using it's web-based platform.",1,0,0
"40effe5288e80a75577c6fc0580468eb","volusion",0,46900000,46900000,,"Volusion develops shopping cart software that allows customers to build and manage their own online store or e-commerce capability. Customers can choose from a variety of design templates, or have Volusion create one for them.",68,0,0
"fb79c1faa23e6537889b8b58ca48dab3","brightbox",0,6800000,6800000,,"Provides brand marketing to nearly every industry, from start-ups to corporations. It offers strategic marketing, PR, Web design and development, 3D animation and illustration, video and motion graphics, print design and production, and event management.",8,-12.5,-100
"4b9962595d7ff850d591b39c001e3817","drakontas",0,3300000,3300000,,"Drakontas provides software, technology consulting, and training programs to federal, state, and local governments, serving defense, law enforcement, criminal justice, and transportation agencies. It company specializes in the development, trial, and eval",1,-100,-100
"597e595b22c7371d2769eb1fa0cfcdc8","latisys",0,195400000,195400000,,"Provides IT managed services, data center colocation, managed hosting and virtualization, and enterprise cloud services.",3,-33.33,-100
"83097a0e1641e8eda5b5ac717e0ba7c0","logixml",18000000,4400000,-13600000,0.24,"Manufactures business intelligence software that helps clients turn data into business critical information.",24,-4.17,-100
"83097a0e1641e8eda5b5ac717e5fce1d","medseek",0,161500000,161500000,,"Provides software to help health care organizations attract potential patients, engage patients and their families, coordinate care, and improve operational efficiency.",1,-100,-100
"08ea75d0b39da8eeca1e9129c7bad5d2","surepayroll",0,27100000,27100000,,"Payroll outsourcing, tax filing and payment services.",51,-1.96,-100
"907373444553d8ee3bfe8778cde368e9","vibrantmedia",27000000,155800000,128800000,5.77,"A global IT services firm specializing exclusively in Oracle Technologies, helping customers envision, plan, implement, and support Oracle-based application, database, and middleware systems across a variety of industries. Its expertise with Oracle techno",2,-50,-100
"907373444553d8ee3bfe8778cdf4baf4","visibletechnologies",80500000,16400000,-64100000,0.2,"Visible Technologies' software helps clients such as Microsoft, Autodesk, and Xerox monitor, analyze, and participate in social media conversations, as well as protect their executive and corporate brands online.",1,-100,-100
"bb00443be334273f59d3ef19d1c4f37d","hosting-com",2000000,118200000,116200000,59.1,"Provides IT infrastructure services, geographically dispersed data centers and cloud computing sites, and networking and connectivity technologies to ensure IT availability, security, and responsiveness for its clients",3,-66.67,-200
"83097a0e1641e8eda5b5ac717ea34235","model-metrics",2500000,23500000,21000000,9.4,"Model Metrics specializes in cloud computing services and is a Salesforce.com partner, Amazon Web Services charter partner, and a Google Enterprise Reseller. Its customer base spans all industries and includes enterprises such as Cars.com, Honeywell, Mast",5,-40,-200
"83097a0e1641e8eda5b5ac717ebdc031","mozes",17300000,3800000,-13500000,0.22,"A mobile engagement company focused on connecting companies to their audiences using the mobile phone, particularly at live events. Using Mozes Connect, marketers can create, manage, promote, and analyze mobile marketing campaigns that not only make event",2,-100,-200
"e054627bc6b1f1d8cb812cce427594c2","orangesoda",7500000,44000000,36500000,5.87,"Uses a combination of search technology and industry and consumer behavior expertise to offer online marketing services to local businesses.",5,-40,-200
"5fae06029bbe793553b81c6aca419322","agosto",0,9000000,9000000,,"Agosto provides managed services, technology resources, software development, and strategy services to small and midsize businesses.",4,-75,-300
"4b9962595d7ff850d591b39c0054ed45","berkeley-bionics",0,4000000,4000000,,"Designs wearable, artificially intelligent bionic exoskeletons that help paralyzed people walk again. The robotic devices are tethered to the user, powered, and provide a natural human gait. Its eLEGS device was named by Time Magazine as one of the 50 bes",30,-10,-300
"597e595b22c7371d2769eb1fa0d36d1e","layered-technologies",58000000,30700000,-27300000,,"A global IT company, Layered Technologies specializes in managed dedicated hosting, on-demand grid/virtualization computing, and Web services.",2,-200,-400
"83097a0e1641e8eda5b5ac717e4025a8","marlabs-inc",0,212300000,212300000,,"Assists companies with software and BPO services to improve operational efficiency and help customers gain a competitive advantage",7,-57.14,-400
"4b9962595d7ff850d591b39c009b3a6b","evolve-ip",24300000,17200000,-7100000,0.71,"Helps businesses of all sizes save money and improve efficiency by moving their applications, infrastructure, and security services to the cloud. Evolve IP's suite of cloud services includes business applications, such as unified communications, hosted ca",15,-33.33,-500
"08ea75d0b39da8eeca1e9129c76940b8","southwest-windpower",10000000,10100000,100000,1.01,"Designs and distributes small wind turbines.",5,-100,-500
"fb79c1faa23e6537889b8b58ca5504a6","buddytv",9050000,2600000,-6450000,0.29,"A TV and entertainment website that provides recaps, photos, games, and information about shows like Glee, American Idol, and The Bachelorette. Its mobile apps help viewers quickly find what they want to watch, with a preferred channel guide based on thei",423,-1.42,-600
"907373444553d8ee3bfe8778cdf3ae9f","virtustream",50410000,25700000,-24710000,0.51,"Specializes in implementing virtualization and cloud computing for clients that include Becton Dickinson, Blue Cross Blue Shield, and the National Institutes of Health.",59,-55.93,-3300
"4b9962595d7ff850d591b39c00872719","eset",0,208000000,208000000,,"Develops software that detects and guards against security threats, including spyware, viruses, and spam.",110,-30.91,-3400
"fb79c1faa23e6537889b8b58ca5d6650","business-insider",13600000,7700000,-5900000,,"A business news website that publishes continuous real-time news, analysis, and original commentary. Business Insider was founded by Henry Blodget, the financial journalist and former Wall Street analyst, and two former executives of DoubleClick.",895,-6.03,-5400
