83097a0e1641e8eda5b5ac717e1a4316,_lumension,lumensionhttp://www.lumension.com/home.jsp
907373444553d8ee3bfe8778cd76cb89,3creek,triple-creekhttp://www.3creek.com
5fae06029bbe793553b81c6aca0297c3,A10Networks,a10-networkshttp://www.a10networks.com
5fae06029bbe793553b81c6aca154a1e,Acquia,acquiahttp://acquia.com/
5fae06029bbe793553b81c6aca155798,Acquirent,acquirenthttp://www.acquirent.com/
5fae06029bbe793553b81c6aca156c36,acquitygroup,acquity-grouphttp://www.acquitygroup.com
5fae06029bbe793553b81c6aca15d047,acronis,acronishttp://www.acronis.com/
5fae06029bbe793553b81c6aca35fd7d,aegismobile,aegis-mobilehttp://www.aegismobile.com
5fae06029bbe793553b81c6aca42ed42,ahead_com,aheadhttp://www.ahead.com
5fae06029bbe793553b81c6aca46d239,airnetgroup,airnet-grouphttp://www.airnetgroup.com
5fae06029bbe793553b81c6aca499942,ajaxunion,ajax-unionhttp://www.ajaxunion.com
5fae06029bbe793553b81c6aca55ea5c,allegiancetweet,allegiancehttp://www.allegiance.com
5fae06029bbe793553b81c6aca549ce9,AllStarLeadGen,all-star-directorieshttp://www.allstardirectories.com/
5fae06029bbe793553b81c6aca609ff3,altitudedp,altitude-digital-partnershttp://www.altitudedigitalpartners.com
5fae06029bbe793553b81c6aca7634c7,animaxent,animax-entertainmenthttp://www.animaxent.com
5fae06029bbe793553b81c6aca782f29,answerlab,answerlabhttp://www.answerlab.com
5fae06029bbe793553b81c6aca7a2510,anuesystems,anue-systemshttp://www.anuesystems.com
5fae06029bbe793553b81c6aca88d09a,AppliedTrust,appliedtrusthttp://www.appliedtrust.com
5fae06029bbe793553b81c6aca8afbe0,appriver,appriverhttp://www.appriver.com
5fae06029bbe793553b81c6aca8f487a,aprimomarketing,aprimohttp://www.aprimo.com
5fae06029bbe793553b81c6aca9dd22d,arteris_noc,arterishttp://www.arteris.com/
5fae06029bbe793553b81c6acaa1be9b,Arvixe,arvixehttp://www.arvixe.com
5fae06029bbe793553b81c6acaa1ceeb,Arxan,arxan-technologieshttp://www.arxan.com/
5fae06029bbe793553b81c6acaa40114,ascentium,ascentiumhttp://www.ascentium.com/
5fae06029bbe793553b81c6acaa81b34,AspenMarketing,aspen-marketing-serviceshttp://www.aspenms.com
5fae06029bbe793553b81c6acaab2385,Astaro,astarohttp://www.astaro.com/
5fae06029bbe793553b81c6acaabc7cc,astonishresults,astonish-resultshttp://www.astonishresults.com/
5fae06029bbe793553b81c6acab1431b,atlanticbt,atlantic-bthttp://www.atlanticbt.com/
5fae06029bbe793553b81c6acab1724e,atlanticmetro,atlantic-metro-communicationshttp://www.atlanticmetro.net
5fae06029bbe793553b81c6acab4ee1a,attask,attaskhttp://www.attask.com
c61e6a5dd61ef3ac28d02c864e0974a0,autodealerchat,contact-at-oncehttp://autodealerchat.com
e054627bc6b1f1d8cb812cce42a84c34,automotiveseo,pcg-digital-marketinghttp://www.pcgdigitalmarketing.com
5fae06029bbe793553b81c6acac257b9,avalarasalestax,avalarahttp://www.avalara.com/
5fae06029bbe793553b81c6acac5bfdd,avepoint_inc,avepointhttp://www.avepoint.com
5fae06029bbe793553b81c6acaca979d,axcient,axcienthttp://www.axcient.com
5fae06029bbe793553b81c6acace656c,azavea,azaveahttp://www.azavea.com
5fae06029bbe793553b81c6acad7e70b,balihoo,balihoohttp://www.balihoo.com
5fae06029bbe793553b81c6acada459a,bandwidth,bandwidth-comhttp://www.bandwidth.com
5fae06029bbe793553b81c6acae2c52f,bayru,bayruhttp://www.bay.ru/english
5fae06029bbe793553b81c6acae32f8f,bazaarvoice,bazaarvoicehttp://www.bazaarvoice.com/
fb79c1faa23e6537889b8b58ca22ac75,BFMweb,blue-fountain-mediahttp://www.bluefountainmedia.com
fb79c1faa23e6537889b8b58ca015e13,bigcommerce,bigcommercehttp://www.bigcommerce.com
5fae06029bbe793553b81c6acaff8d19,bigfishgames,big-fish-gameshttp://www.bigfishgames.com
5fae06029bbe793553b81c6acafff692,bignerdranch,big-nerd-ranchhttp://bignerdranch.com/
fb79c1faa23e6537889b8b58ca12ffc0,bizo,bizohttp://www.bizo.com/
fb79c1faa23e6537889b8b58ca174591,BlackLineSys,blacklinehttp://www.blackline.com
fb79c1faa23e6537889b8b58ca2b1138,BMIGamingDotCom,bmi-gaminghttp://www.bmigaming.com
fb79c1faa23e6537889b8b58ca35d259,boomtownroi,boomtownhttp://www.BoomTownROI.com
fb79c1faa23e6537889b8b58ca3a9aae,boundlessnetwk,boundless-networkhttp://www.boundlessnetwork.com/
fb79c1faa23e6537889b8b58ca3c1bda,boxtone_inc,boxtonehttp://www.boxtone.com/
fb79c1faa23e6537889b8b58ca3dbab2,Brafton,braftonhttp://www.brafton.com/
fb79c1faa23e6537889b8b58ca46a1c2,BrickHouseSecur,brickhouse-securityhttp://www.brickhousesecurity.com
fb79c1faa23e6537889b8b58ca48dab3,brightbox,brightboxhttp://www.brightbox.co.uk
fb79c1faa23e6537889b8b58ca48fac5,brightcove,brightcovehttp://www.brightcove.com
fb79c1faa23e6537889b8b58ca4ec5fc,broadsoftnews,broadsofthttp://www.broadsoft.com/
fb79c1faa23e6537889b8b58ca4fd61a,bronto,bronto-softwarehttp://bronto.com
fb79c1faa23e6537889b8b58ca398ad5,bt_tweets,boston-technologieshttp://www.bostontechnologies.com
fb79c1faa23e6537889b8b58ca5504a6,buddytv,buddytvhttp://buddytv.com
fb79c1faa23e6537889b8b58ca57d9b3,buildium,buildiumhttp://www.buildium.com
fb79c1faa23e6537889b8b58ca5d6650,businessinsider,business-insiderhttp://www.businessinsider.com
4b9962595d7ff850d591b39c00d69b06,BuyLeadsOnline,first-impression-interactivehttp://www.fii-inc.com
fb79c1faa23e6537889b8b58ca70f910,CallEmAll,call-em-allhttp://www.call-em-all.com/
fb79c1faa23e6537889b8b58ca881165,CarpathiaHost,carpathia-hostinghttp://www.carpathia.com
fb79c1faa23e6537889b8b58ca9bd324,centraldesktop,central-desktophttp://www.centraldesktop.com/
fb79c1faa23e6537889b8b58ca9d6539,centro_media,centrohttp://www.centro.net
fb79c1faa23e6537889b8b58caa14134,cfnservices,cfn-serviceshttp://www.cfnservices.com
fb79c1faa23e6537889b8b58caa1f1b3,chacha,chachahttp://www.chacha.com
5fae06029bbe793553b81c6aca721f83,CharlieKroll,anderahttp://andera.com
fb79c1faa23e6537889b8b58cabb1c31,ciplex,ciplexhttp://www.ciplex.com
fb79c1faa23e6537889b8b58cac4007a,claritypr,clarityhttp://www.claritycomms.com
fb79c1faa23e6537889b8b58cacd0684,clevertech,clevertechhttp://clvertech.biz
fb79c1faa23e6537889b8b58cad260e1,clinipace,clinipace-worldwidehttp://www.clinipace.com
fb79c1faa23e6537889b8b58cae9f4b0,CollaborateMD,collaboratemdhttp://collaboratemd.com/
fb79c1faa23e6537889b8b58cafe1a3e,comverge,comvergehttp://www.comverge.com
c61e6a5dd61ef3ac28d02c864e00d860,conductor,conductorhttp://www.conductor.com/
c61e6a5dd61ef3ac28d02c864e023811,confio,confio-softwarehttp://confio.com
c61e6a5dd61ef3ac28d02c864e0354d0,Conigent,conigenthttp://www.conigent.com
c61e6a5dd61ef3ac28d02c864e07d01a,constantcontact,constant-contacthttp://www.constantcontact.com/
c61e6a5dd61ef3ac28d02c864e092557,consumerunited,consumer-unitedhttp://www.consumerunited.com
c61e6a5dd61ef3ac28d02c864e0fa28c,convert2media,convert2mediahttp://www.convert2media.com
c61e6a5dd61ef3ac28d02c864e103424,convio,convio-2http://www.convio.com/
c61e6a5dd61ef3ac28d02c864e1dcce0,CouponCabin,couponcabinhttp://www.couponcabin.com
c61e6a5dd61ef3ac28d02c864e2331cf,cpowered,cpowerhttp://www.cpowered.com
c61e6a5dd61ef3ac28d02c864e234a22,cPrimeTraining,cprimehttp://www.cprime.com
c61e6a5dd61ef3ac28d02c864e237223,cpxinteractive,cpx-interactivehttp://www.cpxinteractive.com
c61e6a5dd61ef3ac28d02c864e2a3ffb,credant,credant-technologieshttp://www.credant.com/
c61e6a5dd61ef3ac28d02c864e2ae79a,CreditKarma,credit-karmahttp://www.creditkarma.com
c61e6a5dd61ef3ac28d02c864e292b2a,cssrecruit,creative-solutions-serviceshttp://www.css-llc.net
c61e6a5dd61ef3ac28d02c864e3e528d,cursenetwork,cursehttp://www.curse.com/
c61e6a5dd61ef3ac28d02c864e3ff36d,customink,custominkhttp://www.customink.com
c61e6a5dd61ef3ac28d02c864e4242a4,cyberainc,cyberahttp://www.cybera.com
c61e6a5dd61ef3ac28d02c864e46c22f,cyrusinnovation,cyrus-innovationhttp://cyrusinnovation.com/
c61e6a5dd61ef3ac28d02c864e539d42,datacert,datacerthttp://www.datacert.com/
c61e6a5dd61ef3ac28d02c864e561412,dataprise,dataprisehttp://www.dataprise.com/
c61e6a5dd61ef3ac28d02c864e58dff9,dattobackup,dattohttp://www.dattobackup.com
c61e6a5dd61ef3ac28d02c864e6ab526,delivra,delivrahttp://www.delivra.com
c61e6a5dd61ef3ac28d02c864e6c7bde,demandforce,demandforcehttp://www.demandforce.com
597e595b22c7371d2769eb1fa0a12ffd,DevAnywhere,deviceanywherehttp://www.keynotedeviceanywhere.com
c61e6a5dd61ef3ac28d02c864e889cab,Digitalsmiths,digitalsmithshttp://www.digitalsmiths.com
c61e6a5dd61ef3ac28d02c864e88dc73,digithoughts,digitaria-interactivehttp://www.digitaria.com
4b9962595d7ff850d591b39c0000613a,DirectAgents,direct-agentshttp://www.directagents.com/
4b9962595d7ff850d591b39c0000eb8b,DirectIncorp,direct-incorporationhttp://directincorporation.com
4b9962595d7ff850d591b39c000417b5,discoverorg,discoverorghttp://www.discoverorg.com
4b9962595d7ff850d591b39c001bc140,DOWNetworks,dow-networkshttp://www.downetworks.com
4b9962595d7ff850d591b39c001e3817,drakontas,drakontashttp://www.drakontas.com
4b9962595d7ff850d591b39c0025aeba,drupalconnect,drupal-connecthttp://www.drupalconnect.com
4b9962595d7ff850d591b39c002aae7c,duoconsulting,duo-consultinghttp://www.duoconsulting.com/
4b9962595d7ff850d591b39c002d707d,DynInc,dynhttp://dyn.com
4b9962595d7ff850d591b39c00358a07,EagleViewTech,eagleview-technologieshttp://www.eagleview.com
4b9962595d7ff850d591b39c0041fa58,eclinicalworks,eclinicalworkshttp://www.eclinicalworks.com/
4b9962595d7ff850d591b39c0042aa3c,eCoast,ecoast-sales-solutionshttp://www.ecoastsales.com
4b9962595d7ff850d591b39c0054ed45,eksobionics,berkeley-bionicshttp://eksobionics.com
4b9962595d7ff850d591b39c0059ca62,ElementPS,element-payment-serviceshttp://www.elementps.com
4b9962595d7ff850d591b39c0065b341,emmaemail,emma-email-marketinghttp://www.myemma.com
4b9962595d7ff850d591b39c006807cc,empowertweets,empower-researchhttp://www.empowerresearch.com
c61e6a5dd61ef3ac28d02c864e64670f,EMSxDEA,dean-evans-associateshttp://www.dea.com
4b9962595d7ff850d591b39c0074da3d,enspirelearning,enspire-learninghttp://www.enspire.com
4b9962595d7ff850d591b39c007ebfb0,Epocrates,epocrateshttp://www.epocrates.com
4b9962595d7ff850d591b39c0085b74b,escalatemedia,escalate-mediahttp://www.escalatemedia.com
4b9962595d7ff850d591b39c00872719,ESET,esethttp://www.eset.sk/sk
4b9962595d7ff850d591b39c008d8b8a,etouches,etoucheshttp://www.etouches.com
4b9962595d7ff850d591b39c009b3a6b,evolveip,evolve-iphttp://www.evolveip.net/
4b9962595d7ff850d591b39c009dbcf8,ExactTarget,exacttargethttp://www.exacttarget.com/
4b9962595d7ff850d591b39c00a23cf7,exinda,exindahttp://www.exinda.com/
4b9962595d7ff850d591b39c00a819f6,extensionengine,extension-enginehttp://www.extensionengine.com/
597e595b22c7371d2769eb1fa0496753,fabulousinvites,invitation-consultantshttp://www.invitationconsultants.com
4b9962595d7ff850d591b39c00af0c09,facebook,facebookhttp://facebook.com
4b9962595d7ff850d591b39c00bbba73,fashionphile,fashionphilehttp://www.fashionphile.com
4b9962595d7ff850d591b39c00be26d3,FastSpring,fastspringhttp://www.fastspring.com
4b9962595d7ff850d591b39c00edc369,FogBugz,fog-creek-softwarehttp://www.fogcreek.com
4b9962595d7ff850d591b39c00ee5291,folica,folicahttp://www.folica.com
5885c8f942b2d53de0f9ff90e163a8b2,followredclay,red-clay-interactivehttp://www.redclayinteractive.com
bb00443be334273f59d3ef19d1074198,freightcenter,freightcenterhttp://www.freightcenter.com
bb00443be334273f59d3ef19d113df11,fundinguniverse,fundinguniversehttp://www.fundinguniverse.com
bb00443be334273f59d3ef19d114e1cc,funmobility,funmobilityhttp://www.funmobility.com/
bb00443be334273f59d3ef19d1175664,fusionapps,fusionappshttp://www.fusionapps.com
bb00443be334273f59d3ef19d119a67a,fuzzproductions,fuzz-productionshttp://www.fuzzproductions.com
4b9962595d7ff850d591b39c00fc8bb1,FWiDigitalSigns,four-winds-interactivehttp://www.fourwindsinteractive.com/
e054627bc6b1f1d8cb812cce4221dee0,garynimsoft,nimsofthttp://www.nimsoft.com
bb00443be334273f59d3ef19d1306c8a,Gemvara,gemvarahttp://www.gemvara.com/
bb00443be334273f59d3ef19d1315749,geneca,genecahttp://www.geneca.com/
bb00443be334273f59d3ef19d137fe6f,Geomagic,geomagichttp://www.geomagic.com
e054627bc6b1f1d8cb812cce42fd1c04,get_praxis,praxishttp://prax.is
bb00443be334273f59d3ef19d14bb215,glispa,glispahttp://www.glispa.com
bb00443be334273f59d3ef19d15490fb,glowtouchtech,glowtouch-technologieshttp://www.glowtouch.com
5fae06029bbe793553b81c6aca419322,goagosto,agostohttp://www.agosto.com/
bb00443be334273f59d3ef19d15a5d86,GoDaddy,godaddyhttp://GoDaddy.com
bb00443be334273f59d3ef19d15b58f0,gogo,gogohttp://gogoair.com
bb00443be334273f59d3ef19d169cc24,GovDelivery,govdeliveryhttp://www.govdelivery.com/
bb00443be334273f59d3ef19d16e65de,Granicus,granicushttp://www.granicus.com
bb00443be334273f59d3ef19d177141c,GreenleafBookGr,greenleaf-book-grouphttp://www.greenleafbookgroup.com
bb00443be334273f59d3ef19d19de3fd,headsetscom,headsets-comhttp://www.headsets.com
bb00443be334273f59d3ef19d19eb88f,healthdialog,health-dialoghttp://www.healthdialog.com/
bb00443be334273f59d3ef19d1a0a9a1,healthfusioninc,healthfusionhttp://www.healthfusion.com
bb00443be334273f59d3ef19d1c4a831,hostgator,hostgatorhttp://www.hostgator.com
bb00443be334273f59d3ef19d1c4f37d,hostingdotcom,hosting-comhttp://www.hosting.com
bb00443be334273f59d3ef19d1c945b9,housepartyfun,house-partyhttp://www.houseparty.com
bb00443be334273f59d3ef19d1d74942,hydramedia,hydramediahttp://hydramedia.com
e054627bc6b1f1d8cb812cce42dd2170,iBankUP,plastychttp://www.plastyc.com/
bb00443be334273f59d3ef19d1e5b843,icims,icimshttp://www.icims.com
bb00443be334273f59d3ef19d1e7b9b3,icontact,icontacthttp://icontact.com
bb00443be334273f59d3ef19d1e8b17a,icrossing,icrossinghttp://www.icrossing.com/
bb00443be334273f59d3ef19d1e9eb2e,idatainc,idatahttp://www.idatainc.com
bb00443be334273f59d3ef19d1ed323c,ideeli,ideelihttp://www.ideeli.com/
bb00443be334273f59d3ef19d1f1f443,ifbyphone,ifbyphonehttp://www.ifbyphone.com
bb00443be334273f59d3ef19d1f4eb0b,ignitesma,ignite-social-mediahttp://www.ignitesocialmedia.com/
bb00443be334273f59d3ef19d1f52ca2,igodigital,igodigitalhttp://www.igodigital.com/
597e595b22c7371d2769eb1fa00395bd,impinjrfid,impinjhttp://www.impinj.com/
597e595b22c7371d2769eb1fa004dcfa,improving,improving-enterpriseshttp://improvingenterprises.com/
597e595b22c7371d2769eb1fa0089749,IncentiveLogic,incentive-logichttp://www.incentivelogic.com
597e595b22c7371d2769eb1fa00ef725,IndiSoftLLC,indisofthttp://www.indisoft.us/
597e595b22c7371d2769eb1fa01bf56f,infusionsoft,infusionsofthttp://www.infusionsoft.com/
597e595b22c7371d2769eb1fa01fc03a,inlettech,inlet-technologieshttp://www.inlethd.com
597e595b22c7371d2769eb1fa031ffdf,intela,intelahttp://www.intela.com
597e595b22c7371d2769eb1fa0395a5c,intergi,intergihttp://www.intergi.com
597e595b22c7371d2769eb1fa0396947,intergi,intergi-entertainmenthttp://www.intergi.com
597e595b22c7371d2769eb1fa0444a21,intronisinc,intronishttp://www.intronis.com/
597e595b22c7371d2769eb1fa04cc352,IonicMediaGroup,ionic-mediahttp://www.ionicmedia.com
597e595b22c7371d2769eb1fa04fb99f,ipexpert,ipexperthttp://www.ipexpert.com
597e595b22c7371d2769eb1fa0515b5e,ipnetzone,ipnetzone-communicationshttp://www.ipnetzone.com
bb00443be334273f59d3ef19d17dcf9c,jeff_groSolar,grosolarhttp://www.grosolar.com
597e595b22c7371d2769eb1fa0798017,JobAppGirl,jobapp-networkhttp://JobAppNetwork.com
5fae06029bbe793553b81c6acad99807,kasasa,bancvuehttp://www.bancvue.com
597e595b22c7371d2769eb1fa0a0de49,keylimetie,keylimetiehttp://www.keylimetie.com
597e595b22c7371d2769eb1fa0c8794f,LAIcompany,lai-internationalhttp://laico.com
597e595b22c7371d2769eb1fa0cfcdc8,latisys,latisyshttp://www.latisys.com
597e595b22c7371d2769eb1fa0cff521,Lattice_Engines,lattice-engineshttp://www.lattice-engines.com
597e595b22c7371d2769eb1fa0d2561a,Law_Crossing,lawcrossinghttp://www.lawcrossing.com
597e595b22c7371d2769eb1fa0d36d1e,LayeredTech,layered-technologieshttp://www.layeredtech.com/
597e595b22c7371d2769eb1fa0d662b4,leadnomics,leadnomicshttp://www.leadnomics.com
fb79c1faa23e6537889b8b58cab4b5df,LEDChristmas,christmas-lights-etchttp://www.christmaslightsetc.com
597e595b22c7371d2769eb1fa0df9734,Lendio,lendiohttp://www.lendio.com/
597e595b22c7371d2769eb1fa0e3b17a,levelwing,levelwinghttp://www.levelwing.com
597e595b22c7371d2769eb1fa0d8a760,lfi,leapfrog-interactivehttp://www.leapfroginteractive.com/
597e595b22c7371d2769eb1fa0e6530d,LiazonBenefits,liazonhttp://www.liazon.com
597e595b22c7371d2769eb1fa0f37e69,linkedin,linkedinhttp://www.linkedin.com
597e595b22c7371d2769eb1fa0f559be,linode,linodehttp://www.linode.com/
597e595b22c7371d2769eb1fa0f7f867,liquidspoke,liquidspokehttp://www.liquidspoke.com/
597e595b22c7371d2769eb1fa0ffb269,livestream,livestreamhttp://www.livestream.com/
83097a0e1641e8eda5b5ac717e047f44,localsplash,local-splashhttp://www.localsplash.com
83097a0e1641e8eda5b5ac717e076ab7,location_labs,location-labshttp://locationlabs.com/
83097a0e1641e8eda5b5ac717e076b6c,Location3,location3-mediahttp://www.location3.com
83097a0e1641e8eda5b5ac717e0a4f07,Logicaplc,logicahttp://www.logica.com/
83097a0e1641e8eda5b5ac717e0ba7c0,logixml,logixmlhttp://logixml.com
83097a0e1641e8eda5b5ac717e198aca,luggageforward,luggage-forwardhttp://www.luggageforward.com
83097a0e1641e8eda5b5ac717e221623,M5Net,m5-networks-3http://www.m5.net
83097a0e1641e8eda5b5ac717e28b94b,magiclogix,magic-logixhttp://www.magiclogix.com
83097a0e1641e8eda5b5ac717e2f671f,MajesticRes,majestic-researchhttp://www.majesticresearch.com/
83097a0e1641e8eda5b5ac717e389314,mapmyfitness,mapmyfitnesshttp://www.mapmyfitnessinc.com
83097a0e1641e8eda5b5ac717e3e7a1e,marketo,marketohttp://www.marketo.com
83097a0e1641e8eda5b5ac717e4025a8,marlabs,marlabs-inchttp://www.marlabs.com
83097a0e1641e8eda5b5ac717e49a871,mavenir,mavenir-systemshttp://www.mavenir.com/
83097a0e1641e8eda5b5ac717e4a8d02,maxborgesagency,max-borges-agencyhttp://www.maxborgesagency.com
83097a0e1641e8eda5b5ac717e5a0ee2,mediamath,mediamathhttp://www.mediamath.com
83097a0e1641e8eda5b5ac717e5be1dd,mediatrust,mediatrusthttp://www.mediatrust.com
83097a0e1641e8eda5b5ac717e5c11ab,MediaWhizLLC,mediawhizhttp://www.mediawhiz.com/
83097a0e1641e8eda5b5ac717e5fce1d,MEDSEEK,medseekhttp://www.medseek.com
83097a0e1641e8eda5b5ac717e6021a1,MedSynergies,medsynergieshttp://www.medsynergies.com/
83097a0e1641e8eda5b5ac717e622070,meetmecorp,myyearbookhttp://www.meetme.com
83097a0e1641e8eda5b5ac717e633ef4,megameeting,megameeting-comhttp://www.megameeting.com
83097a0e1641e8eda5b5ac717eaa5c8e,mervalus,monavie
83097a0e1641e8eda5b5ac717e7318e5,metova,metovahttp://metova.com
83097a0e1641e8eda5b5ac717e81d891,millennialmedia,millennial-mediahttp://www.millennialmedia.com/
83097a0e1641e8eda5b5ac717e84f022,mindbodyonline,mindbodyhttp://mindbodyonline.com
83097a0e1641e8eda5b5ac717ea24ec0,mocospace,mocospacehttp://www.mocospace.com
83097a0e1641e8eda5b5ac717ea2d443,modcloth,modclothhttp://www.modcloth.com
83097a0e1641e8eda5b5ac717ea30946,modea,modeahttp://www.modea.com/
83097a0e1641e8eda5b5ac717ea34235,modelmetricsinc,model-metricshttp://www.modelmetrics.com
83097a0e1641e8eda5b5ac717ea47219,modern_survey,modern-surveyhttp://www.modernsurvey.com
83097a0e1641e8eda5b5ac717eb75135,motivequest,motivequesthttp://www.motivequest.com
83097a0e1641e8eda5b5ac717ebdc031,mozesinc,mozeshttp://mozes.com
83097a0e1641e8eda5b5ac717ec0165b,mryouth,mr-youthhttp://www.mryouth.com
83097a0e1641e8eda5b5ac717ec27790,mSpot,mspothttp://www.mspot.com/
83097a0e1641e8eda5b5ac717ec30725,MTBC_UniqHIT,mtbchttp://www.mtbc.com
83097a0e1641e8eda5b5ac717ed31c33,MyBuys,mybuyshttp://www.mybuys.com/
83097a0e1641e8eda5b5ac717ecdf443,MyCompWorks,my-computer-workshttp://mycomputerworks.com
83097a0e1641e8eda5b5ac717ee2531c,myweddingdotcom,myweddinghttp://www.mywedding.com
83097a0e1641e8eda5b5ac717eec7f23,nastygal,nasty-galhttp://www.nastygal.com
e054627bc6b1f1d8cb812cce42024261,netcordia,netcordiahttp://www.netcordia.com
e054627bc6b1f1d8cb812cce4207bd0a,NetSuite,netsuitehttp://www.netsuite.com
e054627bc6b1f1d8cb812cce420aaaa0,NetWrix,netwrixhttp://www.netwrix.com/
e054627bc6b1f1d8cb812cce420faa13,NMSosphere,new-media-strategieshttp://nms.com/
e054627bc6b1f1d8cb812cce4245dc5e,obtiva,obtivahttp://www.obtiva.com
e054627bc6b1f1d8cb812cce4249b17f,oDesk,odeskhttps://www.odesk.com
e054627bc6b1f1d8cb812cce425c841c,onescreen,onescreenhttp://www.onescreen.com
e054627bc6b1f1d8cb812cce42595f1a,onesourcetalent,one-source-talenthttp://www.onesourcetalent.com/
e054627bc6b1f1d8cb812cce426c55d9,opensky,openskyhttp://opensky.com
e054627bc6b1f1d8cb812cce426e1d35,OperativeInc,operativehttp://www.operative.com/
e054627bc6b1f1d8cb812cce4270c5f8,OpticsPlanet,opticsplanethttp://www.opticsplanet.net
e054627bc6b1f1d8cb812cce4274ec89,OrangeLT,orange-legal-technologieshttp://orangelt.com
e054627bc6b1f1d8cb812cce427594c2,OrangeSoda,orangesodahttp://www.orangesoda.com
e054627bc6b1f1d8cb812cce42595d6b,osnetworks,one-source-networkshttp://www.onesourcenetworks.com/
e054627bc6b1f1d8cb812cce428467c3,overseenet,overseehttp://www.oversee.net
e054627bc6b1f1d8cb812cce428f49b5,paisleygrc,paisleyhttp://paisley.thomsonreuters.com
e054627bc6b1f1d8cb812cce4291378c,PaloAltoNtwks,palo-alto-networkshttp://www.paloaltonetworks.com/
e054627bc6b1f1d8cb812cce4292c7a4,pandora_radio,pandorahttp://Pandora.com
e054627bc6b1f1d8cb812cce4298a828,pardot,pardothttp://www.pardot.com
e054627bc6b1f1d8cb812cce42a470fe,PayLease,payleasehttp://www.paylease.com
e054627bc6b1f1d8cb812cce42a622ec,payscale,payscalehttp://www.payscale.com
e054627bc6b1f1d8cb812cce42b20826,PeopleNetonline,peoplenethttp://www.peoplenetonline.com
e054627bc6b1f1d8cb812cce42b35993,pjamnetwork,pepperjamhttp://www.pepperjam.com/
e054627bc6b1f1d8cb812cce42e145c4,playnetwork,playnetworkhttp://www.playnetwork.com
5885c8f942b2d53de0f9ff90e100e34d,Prenova,prenovahttp://www.prenova.com
5885c8f942b2d53de0f9ff90e10786e3,primeinsure,prime-insurance-agency-2http://www.primeins.com
5885c8f942b2d53de0f9ff90e10fdd0a,procpr,procprhttp://www.ProCPR.org
5885c8f942b2d53de0f9ff90e13183a4,qlikview,qliktechhttp://www.qlikview.com
5885c8f942b2d53de0f9ff90e136087a,qualitylogo,quality-logo-productshttp://www.qualitylogoproducts.com
5885c8f942b2d53de0f9ff90e1367d88,QualitySmith,qualitysmith-2http://www.qualitysmith.com
5885c8f942b2d53de0f9ff90e1380b68,quantumretail,quantum-retailhttp://quantumretail.com/
5885c8f942b2d53de0f9ff90e13d0537,quickoffice,quickofficehttp://www.quickoffice.com
5885c8f942b2d53de0f9ff90e14bee4d,rallysoftware,rally-softwarehttp://www.rallydev.com/
5885c8f942b2d53de0f9ff90e14f9293,rapid7,rapid7http://www.rapid7.com
5885c8f942b2d53de0f9ff90e158c061,ReachLocal,reachlocalhttp://www.reachlocal.com
5885c8f942b2d53de0f9ff90e15a8b44,ReadyTalk,readytalkhttp://www.readytalk.com
5885c8f942b2d53de0f9ff90e15dd097,realself,realselfhttp://www.realself.com
5885c8f942b2d53de0f9ff90e1637b7c,redbricksmedia,red-bricks-mediahttp://www.redbricksmedia.com/
5885c8f942b2d53de0f9ff90e1675a6c,ReddwerksCorp,reddwerkshttp://www.reddwerks.com
5885c8f942b2d53de0f9ff90e16cd3cf,refinery29,refinery29http://www.refinery29.com
5885c8f942b2d53de0f9ff90e16d37c8,reflexissystems,reflexis-systemshttp://www.reflexisinc.com
5885c8f942b2d53de0f9ff90e173c680,RemitDATA,remitdatahttp://www.remitdata.com/
5885c8f942b2d53de0f9ff90e18a1934,rfidglobal,rfid-global-solutionhttp://www.rfidgs.com/
5885c8f942b2d53de0f9ff90e10aa971,RidonkulousDeal,printglobehttp://www.printglobe.com
5885c8f942b2d53de0f9ff90e191de91,RiseInteractive,rise-interactivehttp://www.riseinteractive.com
5885c8f942b2d53de0f9ff90e194552d,RivetSoftware,rivet-softwarehttp://www.rivetsoftware.com
5885c8f942b2d53de0f9ff90e19b5f42,Rockfish,rockfish-interactivehttp://www.rockfishinteractive.com
5885c8f942b2d53de0f9ff90e19fba56,room_214,room-214http://www.room214.com
5885c8f942b2d53de0f9ff90e1c3cb21,SAVO_,savohttp://www.savogroup.com
5885c8f942b2d53de0f9ff90e1cc8b46,sciencelogicem7,sciencelogichttp://www.sciencelogic.com
5885c8f942b2d53de0f9ff90e1cdc0bb,SciQuest,sciquesthttp://www.sciquest.com/
5885c8f942b2d53de0f9ff90e1d5d938,seamlesswebhz,seamlesswebhttp://www.seamlessweb.com
5885c8f942b2d53de0f9ff90e1d6d5af,searchmojo,search-mojohttp://www.search-mojo.com
5885c8f942b2d53de0f9ff90e1da399b,SecondMarket,secondmarkethttp://www.SecondMarket.com
5885c8f942b2d53de0f9ff90e1dcb898,secureworks,secureworkshttp://www.secureworks.com
5885c8f942b2d53de0f9ff90e1ee8a3f,SEOmoz,seomozhttp://www.seomoz.org/
5885c8f942b2d53de0f9ff90e1f42ac9,SesameSearch,sesame-communicationshttp://www.sesamecommunications.com
5885c8f942b2d53de0f9ff90e1f663c8,SevOneInc,sevonehttp://www.sevone.com
5885c8f942b2d53de0f9ff90e1fb091a,ShareFile,sharefilehttp://www.ShareFile.com
08ea75d0b39da8eeca1e9129c70d3077,shutterfly,shutterflyhttp://www.shutterfly.com
08ea75d0b39da8eeca1e9129c7245836,siteworx,siteworxhttp://www.siteworx.com/
08ea75d0b39da8eeca1e9129c7249e63,Sittercity,sittercityhttp://www.sittercity.com/
08ea75d0b39da8eeca1e9129c7295eee,skiphopnyc,skiphop-comhttp://www.skiphop.com
08ea75d0b39da8eeca1e9129c73bb3e5,SmileReminder,smile-reminderhttp://www.smilereminder.com
08ea75d0b39da8eeca1e9129c75526bd,softvu,softvuhttp://www.softvu.com
08ea75d0b39da8eeca1e9129c7565d35,softwebchicago,softweb-solutionshttp://www.softwebsolutions.com
08ea75d0b39da8eeca1e9129c75d2d70,solutionset,solutionsethttp://www.solutionset.com
08ea75d0b39da8eeca1e9129c760ee7e,sonicbids,sonicbidshttp://www.sonicbids.com
08ea75d0b39da8eeca1e9129c761abe9,sonomapartners,sonoma-partnershttp://www.sonomapartners.com/
08ea75d0b39da8eeca1e9129c76b211b,SPADAC,spadachttp://www.spadac.com
08ea75d0b39da8eeca1e9129c76d2501,sparkfun,sparkfun-electronicshttp://www.sparkfun.com
08ea75d0b39da8eeca1e9129c76e2480,SpartaSystems,sparta-systemshttp://www.spartasystems.com/
08ea75d0b39da8eeca1e9129c770d3aa,speckproducts,speck-productshttp://www.speckproducts.com
08ea75d0b39da8eeca1e9129c78286c8,SpringAheadNow,springaheadhttp://www.springahead.com
08ea75d0b39da8eeca1e9129c7828eca,springboardnews,springboardhttp://springboard.com
08ea75d0b39da8eeca1e9129c7822e1e,SpringCreekGrp,spring-creek-grouphttp://springcreekgroup.com
08ea75d0b39da8eeca1e9129c7827929,SpringWireless,spring-wirelesshttp://www.springwireless.com/
08ea75d0b39da8eeca1e9129c786b366,squarespace,squarespacehttp://www.squarespace.com/
08ea75d0b39da8eeca1e9129c78bc387,standingdog,standing-doghttp://www.standingdog.com
08ea75d0b39da8eeca1e9129c78d3c7b,starcite,starcitehttp://www2.starcite.com/starcite/
08ea75d0b39da8eeca1e9129c7964849,stelladot,stella-dothttp://www.stelladot.com
08ea75d0b39da8eeca1e9129c7a5f1c6,strideapp,stridehttp://strideapp.com/
08ea75d0b39da8eeca1e9129c7a630db,strikeiron,strikeironhttp://www.strikeiron.com/
08ea75d0b39da8eeca1e9129c7aa97ad,StudyPoint,studypointhttp://www.studypoint.com
08ea75d0b39da8eeca1e9129c7aafdd1,stumbleupon,stumbleuponhttp://www.stumbleupon.com/
08ea75d0b39da8eeca1e9129c7ae1e7e,substantial,substantialhttp://substantial.com
08ea75d0b39da8eeca1e9129c7aefe56,successfactors,successfactorshttp://www.successfactors.com/
08ea75d0b39da8eeca1e9129c7afe4d4,sugarsync,sugarsynchttp://www.sugarsync.com
08ea75d0b39da8eeca1e9129c7bad5d2,surepayroll,surepayrollhttp://www.surepayroll.com
08ea75d0b39da8eeca1e9129c7bd03dc,surveygizmo,surveygizmohttp://www.SurveyGizmo.com
5885c8f942b2d53de0f9ff90e110263e,swagbucks,prodegehttp://www.swagbucks.com
08ea75d0b39da8eeca1e9129c7c1a0a5,sweetspotmarket,sweet-spot-marketinghttp://www.sweetspotmarketing.com
08ea75d0b39da8eeca1e9129c76940b8,swwindpower,southwest-windpowerhttp://www.windenergy.com
08ea75d0b39da8eeca1e9129c7de1f0b,Tangoe,tangoehttp://www.tangoe.com
08ea75d0b39da8eeca1e9129c7eced13,TechCXO,techcfohttp://www.techcxo.com
08ea75d0b39da8eeca1e9129c7f6dde8,Teknicks,teknickshttp://www.teknicks.com/
08ea75d0b39da8eeca1e9129c7fa82f8,telenav,telenavhttp://www.telenav.com/
08ea75d0b39da8eeca1e9129c7fbb367,telesphere,telespherehttp://www.telesphere.com
08ea75d0b39da8eeca1e9129c7fdb752,telovations,telovationshttp://www.telovations.com/
907373444553d8ee3bfe8778cd2985df,the1stmovement,the1stmovementhttp://www.the1stmovement.com
bb00443be334273f59d3ef19d1011913,thefraymangroup,frayman-grouphttp://www.fraymangroup.com
907373444553d8ee3bfe8778cd19ad2b,thejargroup,the-jar-grouphttp://www.thejargroup.com
907373444553d8ee3bfe8778cd2e643f,thePlatform,theplatformhttp://www.theplatform.com
907373444553d8ee3bfe8778cd3930ac,threepillar,three-pillar-globalhttp://www.threepillarglobal.com
907373444553d8ee3bfe8778cd3e43e5,ticketleap,ticketleaphttp://ticketleap.com
907373444553d8ee3bfe8778cd3fcaf0,tiempodev,tiempo-developmenthttp://www.tiempodevelopment.com
907373444553d8ee3bfe8778cd40e0a6,tigerspike,tigerspikehttp://www.tigerspike.com
907373444553d8ee3bfe8778cd4a5483,TMone,tm-onehttp://tmone.com
907373444553d8ee3bfe8778cd58dcdc,Touchstorm,touchstormhttp://www.Touchstorm.com
907373444553d8ee3bfe8778cd5f70bc,TradeKing,tradekinghttp://www.tradeking.com
907373444553d8ee3bfe8778cd62c5c5,TRAFFIQ,traffiqhttp://www.TRAFFIQ.com/
907373444553d8ee3bfe8778cd716936,triangledirect,triangle-direct-mediahttp://www.triangledirectmedia.com/
907373444553d8ee3bfe8778cd7ea6c4,Trumpia,trumpiahttp://trumpia.com/
907373444553d8ee3bfe8778cd833753,tubemogul,tubemogulhttp://www.tubemogul.com
907373444553d8ee3bfe8778cdac0cfa,UnitedLex,unitedlexhttp://www.unitedlex.com
907373444553d8ee3bfe8778cdbbead5,Usablenet,usablenethttp://usablenet.com
907373444553d8ee3bfe8778cdbe465b,uShip,ushiphttp://www.uship.com
907373444553d8ee3bfe8778cdbfb991,utest,utesthttp://www.utest.com
907373444553d8ee3bfe8778cdd32b58,vendormate,vendormatehttp://www.vendormate.com
907373444553d8ee3bfe8778cde32437,vibes_media,vibes-mediahttp://www.vibes.com
907373444553d8ee3bfe8778cde368e9,vibrantmedia,vibrantmediahttp://www.vibrantmedia.com
907373444553d8ee3bfe8778cde9e936,vigt,vigilant-technologieshttp://vigt.com
907373444553d8ee3bfe8778cdf3ae9f,virtustream,virtustreamhttp://www.virtustream.com/
907373444553d8ee3bfe8778cdf4baf4,Visible_Tech,visibletechnologieshttp://www.visibletechnologies.com
907373444553d8ee3bfe8778cdfc68d0,vivolive,vivohttp://www.vivolive.com/
40effe5288e80a75577c6fc058000d12,Vocalocity,vocalocityhttp://www.vocalocity.com
40effe5288e80a75577c6fc0580468eb,volusion,volusionhttp://www.volusion.com
40effe5288e80a75577c6fc0580685eb,votigo,votigohttp://www.votigo.com
40effe5288e80a75577c6fc0580d4739,W3i,w3ihttp://www.w3i.com/
40effe5288e80a75577c6fc0581a6028,wdfamarketing,wdfa-marketinghttp://www.wdfamarketing.com
40effe5288e80a75577c6fc0581ca2f5,WebAdvancedLiv,web-advancedhttp://www.webadvanced.com/
40effe5288e80a75577c6fc058283632,webpagefx,webpagefxhttp://www.webpagefx.com
40effe5288e80a75577c6fc058294ce7,webs,freewebshttp://www.webs.com
40effe5288e80a75577c6fc0582da743,weddingwire,weddingwire-inchttp://www.weddingwire.com
40effe5288e80a75577c6fc0582da232,weddingwire_sa,weddingwirehttp://www.weddingwire.co.za/
40effe5288e80a75577c6fc05832054a,wellmed,wellmed-medical-managementhttp://www.wellmedmedicalmanagement.com
40effe5288e80a75577c6fc0583c7714,whitehatsec,whitehat-securityhttp://www.whitehatsec.com
40effe5288e80a75577c6fc05845e96b,willowtreeapps,willowtree-appshttp://www.willowtreeapps.com
40effe5288e80a75577c6fc0584a7a62,winshuttle,winshuttlehttp://www.winshuttle.com
40effe5288e80a75577c6fc0585d321e,worldwidesupply,worldwide-supplyhttp://www.worldwidesupply.net/
40effe5288e80a75577c6fc0585db693,worthpoint,worthpointhttp://www.worthpoint.com/
40effe5288e80a75577c6fc05871ee1a,xirrus,xirrushttp://www.xirrus.com/
40effe5288e80a75577c6fc0587ce3d3,yashigroup,yashihttp://www.yashi.com
40effe5288e80a75577c6fc05880f63b,yext,yexthttp://www.yext.com
40effe5288e80a75577c6fc05882d540,yodle,yodlehttp://www.yodle.com/
40effe5288e80a75577c6fc0588c134c,yousendit,yousendithttp://www.yousendit.com
40effe5288e80a75577c6fc0589922a8,zemoga,zemogahttp://www.zemoga.com
40effe5288e80a75577c6fc0589a7a62,zenoss,zenosshttp://www.zenoss.com
40effe5288e80a75577c6fc058a0800f,zillow,zillowhttp://www.zillow.com
40effe5288e80a75577c6fc058a53cbf,zmags,zmagshttp://www.zmags.com
40effe5288e80a75577c6fc058a96f6d,ZoomInfo,zoominfohttp://www.zoominfo.com
