6872c315b62290955ac8c8cad3659554,@terrenceisdaman,'@bcdunkel fwiw, my xbox is most used.. does @netflix @AmazonVideo @lastfm @hbogo @espn. oh &amp; games. fall update will include web browser too'
6872c315b62290955ac8c8cad365a08f,2176E suarezcampo   ,@AmazonVideo hola como estan
6872c315b62290955ac8c8cad3659b7c,A to the J,RT @CopperTV: Miss the world premiere of #CopperTV on @BBCAmerica? Get it on @iTunes http://t.co/hqDgtKVD and @AmazonVideo...
6872c315b62290955ac8c8cad3659be8,Aaron Lusk,'RT @AmazonVideo: Updates to the Amazon Instant Video iPad app today: Search feature added, improved navigation bar, other fixes. http://t.co/b4ATeCbX'
6872c315b62290955ac8c8cad3659554,abe smith,'RT @AmazonVideo: Films from ESPN''s brilliant "30 for 30" series just added to Prime Instant Video. http://t.co/JP5ruomV @sportsguy33'
6872c315b62290955ac8c8cad3659b7c,Adam,@SonsofAnarchy do you know if season 5 will be available on @AmazonVideo when the season airs in sept?
6872c315b62290955ac8c8cad3659554,Adam Ficke,'For all those with prime @AmazonVideo , Yellowstone is an amazing HD experience, highly recommend #possiblyobvioustweets'
6872c315b62290955ac8c8cad3659554,AdFilms,RT @ESPN_Films: We are excited to announce your favorite #30for30 films are now available on @AmazonVideo for Amazon Prime members. http://t.co/2V7d1Um6
6872c315b62290955ac8c8cad3659be8,AkAsh NYC,'RT @AmazonVideo: Happy Hunger Games

http://t.co/uwf3ZSvs  #HungerGames'
6872c315b62290955ac8c8cad3659554,Alan  Scherer ,RT @ESPN_Films: We are excited to announce your favorite #30for30 films are now available on @AmazonVideo for Amazon Prime members. http://t.co/2V7d1Um6
6872c315b62290955ac8c8cad3659554,Albert Guayta,@jenniferlodato @espn_films @amazonvideo @c_herren ...objection either its The U or Winning Time..Reggie Miller Vs NY #justsaying
6872c315b62290955ac8c8cad3659554,Albert Guayta,@jenniferlodato @espn_films @amazonvideo @c_herren gotcha!
6872c315b62290955ac8c8cad3659be8,Alfred Gatling,RT @AmazonVideo: Idris Elba is Luther in this fantastic @BBCAmerica crime drama - the featured Prime Instant Video TV show this week. http://t.co/uncncDZU
6872c315b62290955ac8c8cad3659be8,Amber,'RT @AmazonVideo Happy Hunger Games! Thanks for the early viewing @Amazon I''m watching on my @RokuPlayer!! http://t.co/Nsoul4JY  #HungerGames'
6872c315b62290955ac8c8cad365a08f,AMM,@GarrettCulver @AmazonVideo  grwgh
6872c315b62290955ac8c8cad365a08f,Amy Annette Grant,RT @AmazonVideo: Idris Elba is Luther in this fantastic @BBCAmerica crime drama - the featured Prime Instant Video TV show this week. http://t.co/uncncDZU
6872c315b62290955ac8c8cad3659b7c,Anastasia Griffith,RT @CopperTV: Miss the world premiere of #CopperTV on @BBCAmerica? Get it on @iTunes http://t.co/hqDgtKVD and @AmazonVideo...
6872c315b62290955ac8c8cad3659b7c,AnastasiaHugMe,RT @CopperTV: Miss the world premiere of #CopperTV on @BBCAmerica? Get it on @iTunes http://t.co/hqDgtKVD and @AmazonVideo...
6872c315b62290955ac8c8cad3659be8,Andrew Nette,@ScottSundsvold @criminalmovies @amazonvideo @netflix @huluplus I think U bought my copy for $10 on Ebay. Well worth it.
6872c315b62290955ac8c8cad3659be8,Andrew Olson,'RT @AmazonVideo: Happy Hunger Games

http://t.co/uwf3ZSvs  #HungerGames'
6872c315b62290955ac8c8cad3659b7c,Ann Gilchrist,'@adaddyblog loved, loved, LOVED *ONCE*!!!!!! First rented on @AmazonVideo then immediately ordered hard copy.'
6872c315b62290955ac8c8cad3659b7c,Ann Revell-Pechar,RT @CopperTV: Miss the world premiere of #CopperTV on @BBCAmerica? Get it on @iTunes http://t.co/hqDgtKVD and @AmazonVideo...
6872c315b62290955ac8c8cad3659be8,Anna Parks,@AmazonVideo @BBCAmerica Luther is one of the best shows that I have seen in a long time. I feel that Idris really rises to the challenge.
6872c315b62290955ac8c8cad3659554,Ariel Abramowitz,@amazonvideo only some episodes of season 3 of west wing are avail on instant video for prime members. Is this changing?
6872c315b62290955ac8c8cad3659b7c,Arruniel MacGondor,'RT @CopperTV: Here''s the link to get #CopperTV on @AmazonVideo http://t.co/6s0sPfph'
6872c315b62290955ac8c8cad3659554,Ashley Rasmussen,'RT @AmazonVideo: Films from ESPN''s brilliant "30 for 30" series just added to Prime Instant Video. http://t.co/JP5ruomV @sportsguy33'
6872c315b62290955ac8c8cad3659b7c,Avidahn Levin,'RT @AmazonVideo: Films from ESPN''s brilliant "30 for 30" series just added to Prime Instant Video. http://t.co/JP5ruomV @sportsguy33'
6872c315b62290955ac8c8cad3659b7c,Baratunde,'RT @CopperTV: Here''s the link to get #CopperTV on @AmazonVideo http://t.co/6s0sPfph'
6872c315b62290955ac8c8cad3659b7c,BBC AMERICA,Miss the world premiere of #CopperTV on @BBCAMERICA? Get it on @iTunes http://t.co/iKCVLrli and @AmazonVideo
6872c315b62290955ac8c8cad3659554,Beau Harrison,@CopperTV @BBCAmerica @iTunes @AmazonVideo WOO HOO FOR FRANK!
6872c315b62290955ac8c8cad3659be8,Beena Chavan,'@AmazonVideo   yayyy yayyy yayy... my saturday is set now.. LOL
its raining so bad here, I wanted to go out *sob sob*'
6872c315b62290955ac8c8cad3659be8,Beena Chavan,@ZadryG @amazonvideo they are streaming it for frikkin 13-14$ :((
6872c315b62290955ac8c8cad3659b7c,Ben Figer,@AmazonVideo Why are there so few episodes of The West Wing S3 available to stream on the iPad?
6872c315b62290955ac8c8cad3659554,Bernardo Villela,RT @ESPN_Films: We are excited to announce your favorite #30for30 films are now available on @AmazonVideo for Amazon Prime members. http://t.co/2V7d1Um6
6872c315b62290955ac8c8cad3659be8,Bianca Herondale,'RT @AmazonVideo: Happy Hunger Games

http://t.co/uwf3ZSvs  #HungerGames'
6872c315b62290955ac8c8cad3659be8,bitmaelstrom,Just had @AmazonVideo swipe $2 from me thanks to their un-removable un-disable-able 1-click buy on an item I get for free (Prime). :-(
6872c315b62290955ac8c8cad3659554,Blaize Wallace,Attention: World - Battlestar Galactica is now free to stream on @AmazonVideo. Rejoice.
6872c315b62290955ac8c8cad3659554,blogdelgranca,'RT @AmazonVideo: Films from ESPN''s brilliant "30 for 30" series just added to Prime Instant Video. http://t.co/JP5ruomV @sportsguy33'
6872c315b62290955ac8c8cad3659be8,Brad,Amazon Prime Instant Video FAIL!  #CantRentExpendables - @AmazonVideo @AmazonPrime @Amazon
6872c315b62290955ac8c8cad3659be8,Braden Hamm,'@AmazonVideo I''m reading this on my iPhone. It would be nice to be able to add it to my queue from here.'
6872c315b62290955ac8c8cad3659be8,Braden Hamm,'@AmazonVideo search should have been there at launch. No reason it shouldn''t have been. Did someone forget?'
6872c315b62290955ac8c8cad3659b7c,Brandi,RT @BBCAMERICA: Miss the world premiere of #CopperTV on @BBCAMERICA? Get it on @iTunes http://t.co/iKCVLrli and @AmazonVideo
6872c315b62290955ac8c8cad3659b7c,Brandi,RT @CopperTV: Miss the world premiere of #CopperTV on @BBCAmerica? Get it on @iTunes http://t.co/hqDgtKVD and @AmazonVideo...
6872c315b62290955ac8c8cad3659be8,Brent Allard,RT @ScottSundsvold: @Pulpcurry @criminalmovies I looked for Saint Jack on @AmazonVideo @Netflix &amp; @HuluPlus but only found the trailer http://t.co/8BiEHdSC
6872c315b62290955ac8c8cad3659554,Brent Strassburg,@AmazonVideo I love you. Thanks for adding Friday Night Lights!
6872c315b62290955ac8c8cad3659b7c,Brian Berry,'RT @AmazonVideo: Films from ESPN''s brilliant "30 for 30" series just added to Prime Instant Video. http://t.co/JP5ruomV @sportsguy33'
6872c315b62290955ac8c8cad365a08f,Brian Berry,RT @AmazonVideo: Idris Elba is Luther in this fantastic @BBCAmerica crime drama - the featured Prime Instant Video TV show this week. http://t.co/uncncDZU
6872c315b62290955ac8c8cad365a08f,Brian Dillon,@AmazonVideo iPhone version incoming? Please???
6872c315b62290955ac8c8cad365a08f,Brian Duff,RT @AmazonVideo: Idris Elba is Luther in this fantastic @BBCAmerica crime drama - the featured Prime Instant Video TV show this week. http://t.co/uncncDZU
6872c315b62290955ac8c8cad365a08f,Brian M. Adams,@AmazonVideo what about an android app please?
6872c315b62290955ac8c8cad3659be8,Britt Whitmire,"West Wing" on @amazonvideo NICE!
6872c315b62290955ac8c8cad3659554,Bryan_Williams,'RT @scottEweinberg: Dear @AmazonVideo, please consider adding a section for the "pre/theatrical" stuff like Bachelorette and [REC] 3. I am lazy.'
6872c315b62290955ac8c8cad3659be8,BUMBLEBEE TFA,'RT @AmazonVideo: Happy Hunger Games

http://t.co/uwf3ZSvs  #HungerGames'
6872c315b62290955ac8c8cad3659554,Caleb Tseng,'RT @AmazonVideo: More TV added to Prime Instant Video like Parks and Recreation, Parenthood, Friday Night Lights, Heroes and more. http://t.co/Xk2vmdvF'
6872c315b62290955ac8c8cad3659554,Candice Marie,@AmazonVideo would love it if you would add the "Friends" series!!
6872c315b62290955ac8c8cad3659554,Charles Zimmerman,'RT @AmazonVideo: More TV added to Prime Instant Video like Parks and Recreation, Parenthood, Friday Night Lights, Heroes and more. http://t.co/Xk2vmdvF'
6872c315b62290955ac8c8cad3659554,cherriLizabiff,Hey @AmazonVideo -- why is it when I look on your mobile site the ugly Betty seasons are free for prime streaming but not on your reg site?
6872c315b62290955ac8c8cad3659b7c,chetparsons,'RT @AmazonVideo: Films from ESPN''s brilliant "30 for 30" series just added to Prime Instant Video. http://t.co/JP5ruomV @sportsguy33'
6872c315b62290955ac8c8cad3659554,chrbal,'RT @AmazonVideo: More TV added to Prime Instant Video like Parks and Recreation, Parenthood, Friday Night Lights, Heroes and more. http://t.co/Xk2vmdvF'
6872c315b62290955ac8c8cad365a08f,Chris,RT @AmazonVideo: Idris Elba is Luther in this fantastic @BBCAmerica crime drama - the featured Prime Instant Video TV show this week. http://t.co/uncncDZU
6872c315b62290955ac8c8cad3659554,Chris Alvarez,Browsing @AmazonVideo... sorted all by most popular and lost faith in humanity. Apparently Clueless &gt; Clue. http://t.co/utsvJ6Y3
6872c315b62290955ac8c8cad3659b7c,Christina Green,'Now @DBeekman can watch the LMU one RT @AmazonVideo: Films from ESPN''s "30 for 30" series added to Prime Instant Video http://t.co/ShplbfvM'
6872c315b62290955ac8c8cad3659b7c,chuckdafonk,#digitalvideo @HULU is weird w/ partner content - no @BravoTV #GalleryGirls full episodes there - but you can find them free on @AmazonVideo
6872c315b62290955ac8c8cad3659554,Cody Powell,'Seriously considering watching and reviewing all 40+ Nicholas Cage movies on @amazonvideo, just to prove a point or something.'
6872c315b62290955ac8c8cad3659be8,Cody Powell,'@garympl On the bright side, I picked up a Roku for @AmazonVideo. Very cool!'
6872c315b62290955ac8c8cad3659554,ColleenLerro,'RT @AmazonVideo: More TV added to Prime Instant Video like Parks and Recreation, Parenthood, Friday Night Lights, Heroes and more. http://t.co/Xk2vmdvF'
6872c315b62290955ac8c8cad3659554,Copper TV,@DeeKaye2010 you can always watch #CopperTV on @iTunes http://t.co/hqDgtKVD or @AmazonVideo http://t.co/6s0sPfph
6872c315b62290955ac8c8cad3659b7c,Copper TV,'Here''s the link to get #CopperTV on @AmazonVideo http://t.co/6s0sPfph'
6872c315b62290955ac8c8cad3659b7c,Copper TV,Miss the world premiere of #CopperTV on @BBCAmerica? Get it on @iTunes http://t.co/hqDgtKVD and @AmazonVideo...
6872c315b62290955ac8c8cad3659554,D. Jay Kolbet,Keep catching up amazon. The more cloud video providers the better. @AmazonVideo
6872c315b62290955ac8c8cad3659554,D. Jay Kolbet,'RT @AmazonVideo: Updates to the Amazon Instant Video iPad app today: Search feature added, improved navigation bar, other fixes. http://t.co/b4ATeCbX'
6872c315b62290955ac8c8cad365a08f,dale_a,RT @AmazonVideo: Idris Elba is Luther in this fantastic @BBCAmerica crime drama - the featured Prime Instant Video TV show this week. http://t.co/uncncDZU
6872c315b62290955ac8c8cad365a08f,Dan,RT @AmazonVideo: Idris Elba is Luther in this fantastic @BBCAmerica crime drama - the featured Prime Instant Video TV show this week. http://t.co/uncncDZU
6872c315b62290955ac8c8cad3659be8,Daniel DeCovnick,@AmazonVideo Why is video quality so much better on iPad than Safari 6 Mac (10.7.4) on the same 50/20 Mbps connection?
6872c315b62290955ac8c8cad3659554,Daniel Gerges,'RT @AmazonVideo: Films from ESPN''s brilliant "30 for 30" series just added to Prime Instant Video. http://t.co/JP5ruomV @sportsguy33'
6872c315b62290955ac8c8cad3659554,Daniel Shoptaw,'Very late to the party, but have started watching Fringe on @AmazonVideo. Just 1/3 through first season but finding it quite enjoyable.'
6872c315b62290955ac8c8cad3659b7c,Dave Grone,Watching #BrewMasters on @amazonvideo makes it IMPERATIVE that I get my hands on some @dogfishbeer STAT!
6872c315b62290955ac8c8cad3659554,Dave Rose,RT @ESPN_Films: We are excited to announce your favorite #30for30 films are now available on @AmazonVideo for Amazon Prime members. http://t.co/2V7d1Um6
6872c315b62290955ac8c8cad365a08f,david brothers,RT @AmazonVideo: Idris Elba is Luther in this fantastic @BBCAmerica crime drama - the featured Prime Instant Video TV show this week. http://t.co/uncncDZU
6872c315b62290955ac8c8cad3659be8,David Love,'@AmazonVideo 1st generation WiFi-only iPad, by the way.'
6872c315b62290955ac8c8cad3659be8,David Love,'@AmazonVideo And, no, it''s not jailbroken.  And, yes, I''ve tried deleting and reinstalling.'
6872c315b62290955ac8c8cad3659be8,David Love,'@AmazonVideo Okay.  Just installed the update for iPad.  The loading screen comes up, and then - boom.  It closes out.  Any ideas?'
6872c315b62290955ac8c8cad365a08f,David Mohler,@AmazonVideo Finally has an app for the iPhone--#score!!!
6872c315b62290955ac8c8cad3659be8,Davin Ng,'Since I have more free time (and  @AmazonVideo on my PS3) it''s time to start watching some #DrWho and see what''s the big deal about it!'
6872c315b62290955ac8c8cad365a08f,Deke,RT @AmazonVideo: Idris Elba is Luther in this fantastic @BBCAmerica crime drama - the featured Prime Instant Video TV show this week. http://t.co/uncncDZU
6872c315b62290955ac8c8cad3659be8,'Demetre'' Kopteros',I can haz digital copy of Hunger Games now @amazon @amazonvideo?! #PrettyPlease
6872c315b62290955ac8c8cad3659554,dianagram,fun movie! RT: @AmazonVideo: Jack Black is back in Bernie as  beloved assistant funeral director. Amazon Instant Video. http://t.co/mWX5EsV5
6872c315b62290955ac8c8cad3659b7c,djjohnking,'RT @AmazonVideo: Films from ESPN''s brilliant "30 for 30" series just added to Prime Instant Video. http://t.co/JP5ruomV @sportsguy33'
6872c315b62290955ac8c8cad3659b7c,Dominique Wilson,'Love prime! RT @AmazonVideo: Films from ESPN''s brilliant "30 for 30" series just added to Prime Instant Video. http://t.co/nyFra5Pk'
6872c315b62290955ac8c8cad3659b7c,Dominique Wilson,'Love prime! RT @AmazonVideo: Films from ESPN''s brilliant "30 for 30" series just added to Prime Instant Video. http://t.co/nyFra5Pk @spo ...'
6872c315b62290955ac8c8cad3659b7c,Doug Alcorn,'RT @AmazonVideo: Films from ESPN''s brilliant "30 for 30" series just added to Prime Instant Video. http://t.co/JP5ruomV @sportsguy33'
6872c315b62290955ac8c8cad3659be8,Edward Smokes Cigars,'Now watching the Twilight Zone, season 5, episode 32 "Mr. Garrity and the Graves" on Amazon Streaming video @amazonvideo circa 1964 #archive'
6872c315b62290955ac8c8cad3659554,Elizabeth Liu,Prime benefits: @AmazonVideo now offers 22k Prime Instant Video vs. 5.5k titles at launch.
6872c315b62290955ac8c8cad3659be8,Ellen Qbertplaya,'Hey @AmazonVideo, "Coming to America" - not a drama. Nor is "Let the Right One in" a romance. "#labelfail'
6872c315b62290955ac8c8cad3659be8,Ellen Qbertplaya,'You''ll be glad to know that @AmazonVideo does have "He-Man &amp; She-Ra in A Christmas Special."'
6872c315b62290955ac8c8cad3659be8,Elphie,'RT @AmazonVideo: Happy Hunger Games

http://t.co/uwf3ZSvs  #HungerGames'
6872c315b62290955ac8c8cad3659be8,Emily Grace,'RT @AmazonVideo: Happy Hunger Games

http://t.co/uwf3ZSvs  #HungerGames'
6872c315b62290955ac8c8cad3659b7c,Eric Byers,'RT @AmazonVideo: Films from ESPN''s brilliant "30 for 30" series just added to Prime Instant Video. http://t.co/JP5ruomV @sportsguy33'
6872c315b62290955ac8c8cad3659554,ESPN Films,'RT @AmazonVideo: Films from ESPN''s brilliant "30 for 30" series just added to Prime Instant Video. http://t.co/JP5ruomV @sportsguy33'
6872c315b62290955ac8c8cad3659b7c,ESPN Films,We are excited to announce your favorite #30for30 films are now available on @AmazonVideo for Amazon Prime members. http://t.co/2V7d1Um6
6872c315b62290955ac8c8cad365a08f,et11robot,@AmazonVideo anything planned for android tablets like the Nexus 7?
6872c315b62290955ac8c8cad3659554,EttEYaY,RT @AmazonVideo: Enter The Twilight Zone - the featured TV Show of the Week in Prime Instant Video. http://t.co/GaV3cIIp
6872c315b62290955ac8c8cad3659b7c,Evan Daikoku,@gueritaverde @dbeekman @amazonvideo !!
6872c315b62290955ac8c8cad3659554,Evan G,'RT @AmazonVideo: Films from ESPN''s brilliant "30 for 30" series just added to Prime Instant Video. http://t.co/JP5ruomV @sportsguy33'
6872c315b62290955ac8c8cad365a08f,Evie,@AmazonVideo When will instant video be available on Samsung Blu-Ray players?
6872c315b62290955ac8c8cad3659be8,fatal,RT @vegucated: Watch us online on @iTunes @AmazonVideo @xbox &amp; elsewhere. List of links: http://t.co/FlrITZa2
6872c315b62290955ac8c8cad3659be8,funkyjenn,'One thing @AmazonVideo has that @netflix doesn''t? "Almost Famous" and like 700 other titles. Rock and roll, yo!'
6872c315b62290955ac8c8cad3659554,Garrett Patterson,'RT @AmazonVideo: More TV added to Prime Instant Video like Parks and Recreation, Parenthood, Friday Night Lights, Heroes and more. http://t.co/Xk2vmdvF'
6872c315b62290955ac8c8cad365a08f,Geek Out Huntsville,@AmazonVideo come to Android!
6872c315b62290955ac8c8cad3659b7c,Gene Bannister,RT @BBCAMERICA: Miss the world premiere of #CopperTV on @BBCAMERICA? Get it on @iTunes http://t.co/iKCVLrli and @AmazonVideo
6872c315b62290955ac8c8cad365a08f,Geoff Hathaway,RT @AmazonVideo: Idris Elba is Luther in this fantastic @BBCAmerica crime drama - the featured Prime Instant Video TV show this week. http://t.co/uncncDZU
6872c315b62290955ac8c8cad365a08f,Gillian Horvath,RT @AmazonVideo: Idris Elba is Luther in this fantastic @BBCAmerica crime drama - the featured Prime Instant Video TV show this week. http://t.co/uncncDZU
6872c315b62290955ac8c8cad3659be8,Gunnel Thulin,'@AmazonVideo any chance you will get the extended version of Kenneth Lonergan''s Margaret on Prime? (3 1/2 hour version).'
6872c315b62290955ac8c8cad3659be8,Gunnel Thulin,'So @AmazonVideo you were the only place that sold the 3 hour plus version of Margaret yet, you only have the 2 1/2 hour version on Prime.'
6872c315b62290955ac8c8cad3659be8,Hakan Can,@RedEyeFNC new Maroon 5 album on sale @AmazonVideo for $3.99 today only.
6872c315b62290955ac8c8cad3659be8,Heather_June Gabriel,@AmazonVideo @amazon Loving the service and all the movies and tv shows. Love watching it on my tv thanks to @Vizio thanks to #AmazonPrime
6872c315b62290955ac8c8cad3659b7c,HeidiFitzWilliams,RT @BBCAMERICA: Miss the world premiere of #CopperTV on @BBCAMERICA? Get it on @iTunes http://t.co/iKCVLrli and @AmazonVideo
6872c315b62290955ac8c8cad3659b7c,HeidiFitzWilliams,RT @CopperTV: Miss the world premiere of #CopperTV on @BBCAmerica? Get it on @iTunes http://t.co/hqDgtKVD and @AmazonVideo...
6872c315b62290955ac8c8cad3659be8,hereiznoy,'@AmazonVideo goody goody, some search!'
6872c315b62290955ac8c8cad3659b7c,Hilary Lustig,'That''s gr8! RT @maxwilliamsbitf: Bullet In The Face is now available to rent @AmazonVideo http://t.co/v3O8VmbQ @NeilNapier @MrAlanSpencer'
6872c315b62290955ac8c8cad3659554,Holly,'RT @AmazonVideo: More TV added to Prime Instant Video like Parks and Recreation, Parenthood, Friday Night Lights, Heroes and more. http://t.co/Xk2vmdvF'
6872c315b62290955ac8c8cad365a08f,Holt,RT @AmazonVideo: Idris Elba is Luther in this fantastic @BBCAmerica crime drama - the featured Prime Instant Video TV show this week. http://t.co/uncncDZU
6872c315b62290955ac8c8cad3659554,Hot Man Boob,@AmazonVideo @amazondeals @amazon Amazon Instant Video may well have bested Netflix now.
6872c315b62290955ac8c8cad3659554,Hot Man Boob,'@AmazonVideo is the best invention since, well, @Amazon Prime. (I get a package a day.) lol'
6872c315b62290955ac8c8cad3659be8,HRFuhry,I just got a $3 credit for Amazon Instant Video for movies and TV shows @amazonvideo
6872c315b62290955ac8c8cad3659554,Ibrahim Bashir,'RT @AmazonVideo: More TV added to Prime Instant Video like Parks and Recreation, Parenthood, Friday Night Lights, Heroes and more. http://t.co/Xk2vmdvF'
6872c315b62290955ac8c8cad3659be8,IdrisElba4Bafta,RT @AmazonVideo: Idris Elba is Luther in this fantastic @BBCAmerica crime drama - the featured Prime Instant Video TV show this week. http://t.co/uncncDZU
6872c315b62290955ac8c8cad3659554,J.C. De Leon,'RT @AmazonVideo: Films from ESPN''s brilliant "30 for 30" series just added to Prime Instant Video. http://t.co/JP5ruomV @sportsguy33'
6872c315b62290955ac8c8cad3659554,J1elxtrx,@AmazonVideo Please update the Prime Video management and playback for both the Web &amp; Roku. Check out @Netflix to see how to do it right!
6872c315b62290955ac8c8cad3659b7c,jackie brady,'For @shakblak2 :) CopperTV  Here''s the link to get #CopperTV on @AmazonVideo http://t.co/gHpkws9Y'
6872c315b62290955ac8c8cad3659b7c,Jackie T,'@BBCAMERICA If #Copper is on @AmazonVideo the day after release, will the same be true for @doctorwho?'
6872c315b62290955ac8c8cad3659be8,Jaime F,@AmazonVideo Forget iPad will the app be ready for the Microsoft Windows 8 surface on launch! :)
6872c315b62290955ac8c8cad3659554,Jaime Lopez,Just signed up for @AmazonVideo. Now time to find FREE shows/movies for the whole family.
6872c315b62290955ac8c8cad3659be8,JaimeB,@AmazonVideo network issue tonight? Trying to watch a rental and it keeps erroring! :(
6872c315b62290955ac8c8cad365a08f,Jake Barshick,'@AmazonVideo where''s the android app!? pretty lame.'
6872c315b62290955ac8c8cad3659be8,Jamee Longo,'RT @AmazonVideo: Happy Hunger Games

http://t.co/uwf3ZSvs  #HungerGames'
6872c315b62290955ac8c8cad3659b7c,James Hayes,'RT @AmazonVideo: Films from ESPN''s brilliant "30 for 30" series just added to Prime Instant Video. http://t.co/JP5ruomV @sportsguy33'
6872c315b62290955ac8c8cad3659b7c,Jane deleon,@AmazonVideo love this new app for the ipad! Paying for prime membership is worth it because of all its freebies.
6872c315b62290955ac8c8cad3659b7c,Jane deleon,Thanks @amazon for the free movie download that comes when pre-ordering blu-ray. Now enjoying #hungergames on @amazonvideo.
6872c315b62290955ac8c8cad3659be8,Jasmine Sommers,RT @AmazonVideo: Idris Elba is Luther in this fantastic @BBCAmerica crime drama - the featured Prime Instant Video TV show this week. http://t.co/uncncDZU
6872c315b62290955ac8c8cad365a08f,Jason,@AmazonVideo @BBCAmerica big luther or little luther?
6872c315b62290955ac8c8cad3659554,Jason J Geiger,@AmazonVideo - The new interface for my sony blu-ray player is glorious. The watch list made my day. #MyMindHasBeenRead
6872c315b62290955ac8c8cad3659be8,Jason P Henke,@AmazonVideo streamed with no problems! Keep pushing forward #newitunes
6872c315b62290955ac8c8cad3659554,Jason Seaver,'RT @scottEweinberg: Dear @AmazonVideo, please consider adding a section for the "pre/theatrical" stuff like Bachelorette and [REC] 3. I am lazy.'
6872c315b62290955ac8c8cad3659554,Jason Watson,'@AmazonVideo Free shipping, no commercials, ability to buy new episodes.  @hulu im looking at you.  You may go the way of the dodo soon.'
6872c315b62290955ac8c8cad3659b7c,Jayne Owens,'RT @CopperTV: Here''s the link to get #CopperTV on @AmazonVideo http://t.co/6s0sPfph'
6872c315b62290955ac8c8cad3659be8,Jean Lopez,What a great morning! Woke up to @TheHungerGames waiting for me in my @AmazonVideo library.  Let the watching begin!
6872c315b62290955ac8c8cad3659be8,Jeff,'@verge Still waiting on that Android app, @amazonvideo (no, not the Kindle Fire one)'
6872c315b62290955ac8c8cad3659be8,Jeffrey Graebner,@AmazonVideo So when are you going to support Android tablets other than the Kindle Fire?
6872c315b62290955ac8c8cad3659554,Jenn,Catching up on @FRINGEonFOX via @AmazonVideo. Made our way to beginning of season 2.  Good stuff.  Why did I take so long to discover it?
6872c315b62290955ac8c8cad3659554,Jenni Weinacht,So happy @amazonvideo now streams on iPad....Downton Abbey watching starts tonight!
6872c315b62290955ac8c8cad3659554,Jennifer Lodato,'@albie_g @ESPN_Films @AmazonVideo - oh I did like the reggie miller one, but gotta soft spot for Mr @c_herren :)'
6872c315b62290955ac8c8cad3659554,Jennifer Lodato,Unguarded=the best.  RT @ESPN_Films We are excited to announce your favorite #30for30 films are now available on @AmazonVideo @c_herren
6872c315b62290955ac8c8cad3659b7c,Jeremy Brown-Branch,'RT @AmazonVideo: Films from ESPN''s brilliant "30 for 30" series just added to Prime Instant Video. http://t.co/JP5ruomV @sportsguy33'
6872c315b62290955ac8c8cad3659b7c,Jeremy Brown-Branch,Thinking of watching more @FRINGEonFOX on @AmazonVideo tonight.
6872c315b62290955ac8c8cad3659be8,Jeremy Hammer,'@AmazonVideo hunger games shows up in the movie rentals section of my tv but it doesn''t have a rent option, only buy. Is that on purpose?'
6872c315b62290955ac8c8cad3659be8,Jeremy Hammer,'@AmazonVideo really? I was looking for that movie 5 minutes before and started a different one instead. I guess I''ll watch two tonight :)'
6872c315b62290955ac8c8cad365a08f,Jeremy Mauss,@AmazonVideo what about adding instant video to Android?
6872c315b62290955ac8c8cad3659b7c,Jesse Taylor,'RT @AmazonVideo: Films from ESPN''s brilliant "30 for 30" series just added to Prime Instant Video. http://t.co/JP5ruomV @sportsguy33'
6872c315b62290955ac8c8cad3659b7c,Jivan Achreja,@AmazonVideo Can you guys please add subtitles to the Xbox App? It would be highly appreciated!!! (Or any plans to do this? )
6872c315b62290955ac8c8cad3659554,JJ M.,'RT @AmazonVideo: More TV added to Prime Instant Video like Parks and Recreation, Parenthood, Friday Night Lights, Heroes and more. http://t.co/Xk2vmdvF'
6872c315b62290955ac8c8cad3659554,Joe,'RT @AmazonVideo: Films from ESPN''s brilliant "30 for 30" series just added to Prime Instant Video. http://t.co/JP5ruomV @sportsguy33'
6872c315b62290955ac8c8cad3659b7c,Joe Campos,@AmazonVideo The whole series or just that episode?
6872c315b62290955ac8c8cad3659be8,Joe Feser,@AmazonVideo Just watched it via @amazonvideo. The family was excited that the notice came in at 11:53 :)
6872c315b62290955ac8c8cad365a08f,John Schork,RT @AmazonVideo: Idris Elba is Luther in this fantastic @BBCAmerica crime drama - the featured Prime Instant Video TV show this week. http://t.co/uncncDZU
6872c315b62290955ac8c8cad3659554,John Vines,'RT @AmazonVideo: More TV added to Prime Instant Video like Parks and Recreation, Parenthood, Friday Night Lights, Heroes and more. http://t.co/Xk2vmdvF'
6872c315b62290955ac8c8cad3659554,John Zanettos,'RT @AmazonVideo: More TV added to Prime Instant Video like Parks and Recreation, Parenthood, Friday Night Lights, Heroes and more. http://t.co/Xk2vmdvF'
6872c315b62290955ac8c8cad3659b7c,Jose,Just got 5$ credit aka free rental of the hunger games thanks to @AmazonVideo :-)
6872c315b62290955ac8c8cad3659b7c,Joshua Clingenpeel,It should never cost more to buy a full season of a show on @amazonvideo than it does to buy on DVD.
6872c315b62290955ac8c8cad3659be8,Joshua Harvill,@AmazonVideo I have been waiting patiently on an Android app. Is there one coming?
6872c315b62290955ac8c8cad3659be8,Josiah Forgath,'RT @AmazonVideo: Updates to the Amazon Instant Video iPad app today: Search feature added, improved navigation bar, other fixes. http://t.co/b4ATeCbX'
6872c315b62290955ac8c8cad3659554,Justin Ocello,'@AmazonVideo why is your service on @rokuplayer horrible? I have 30mps download at home yet still can''t stream hd video thru your app.'
6872c315b62290955ac8c8cad3659b7c,Kat,'@AmazonVideo why are TV shows being delayed (not avail the next day)? First Suits, now Warehouse 13! Harsh, guys. Harsh.'
6872c315b62290955ac8c8cad3659554,Kate Linnea Welsh,'RT @AmazonVideo: More TV added to Prime Instant Video like Parks and Recreation, Parenthood, Friday Night Lights, Heroes and more. http://t.co/Xk2vmdvF'
6872c315b62290955ac8c8cad365a08f,Katie Danger,RT @AmazonVideo: Idris Elba is Luther in this fantastic @BBCAmerica crime drama - the featured Prime Instant Video TV show this week. http://t.co/uncncDZU
6872c315b62290955ac8c8cad3659b7c,Kenneth Thompson,I gave @AmazonVideo +K about Amazon on @klout. http://t.co/k6KGGFiK
6872c315b62290955ac8c8cad3659554,Kyle Schmid Fans,RT @CopperTV: Miss the world premiere of #CopperTV on @BBCAmerica? Get it on @iTunes http://t.co/hqDgtKVD and @AmazonVideo...
6872c315b62290955ac8c8cad3659be8,Labelgirl,'Paid $14.99 for the Hunger games &amp; movie keeps dropping out from playing. Thanks @AmazonVideo, next movie I''m buying the DVD from Walmart.'
6872c315b62290955ac8c8cad3659b7c,Larvell Hood,RT @MaxWilliamsBITF: Bullet In The Face is now available to rent @AmazonVideo http://t.co/uIjhtHbp @NeilNapier @MrAlanSpencer @maxewilliams
6872c315b62290955ac8c8cad3659554,Laurel Wamsley,'Some great ones. RT @AmazonVideo: Films from ESPN''s brilliant "30 for 30" series just added to Prime Instant Video. http://t.co/5hOMhArR'
6872c315b62290955ac8c8cad3659b7c,Lindsay Davis,RT @BBCAMERICA: Miss the world premiere of #CopperTV on @BBCAMERICA? Get it on @iTunes http://t.co/iKCVLrli and @AmazonVideo
6872c315b62290955ac8c8cad365a08f,Linh,@AmazonVideo need an Android version =)
6872c315b62290955ac8c8cad3659b7c,Lisa Rey,RT @CopperTV: Miss the world premiere of #CopperTV on @BBCAmerica? Get it on @iTunes http://t.co/9DXix9H2 and @AmazonVideo...
6872c315b62290955ac8c8cad365a08f,Logan Futterer,'Had a recent issue with poor playback, but big thanks to @amazonvideo for the unsolicited refund. Uncommon customer service. Thank you.'
6872c315b62290955ac8c8cad3659b7c,LOUISFANUCCHIIV,'RT @CopperTV: Here''s the link to get #CopperTV on @AmazonVideo http://t.co/6s0sPfph'
6872c315b62290955ac8c8cad3659b7c,LOUISFANUCCHIIV,RT @CopperTV: Miss the world premiere of #CopperTV on @BBCAmerica? Get it on @iTunes http://t.co/hqDgtKVD and @AmazonVideo...
6872c315b62290955ac8c8cad365a08f,Luke Lengl,'@AmazonVideo Bring it to Android! I''m a loyal customer who would buy way more Amazon videos if they were available on my phone/tablet.'
6872c315b62290955ac8c8cad3659554,Luke Monson,'@AmazonVideo Nice, keep the content coming.'
6872c315b62290955ac8c8cad3659b7c,Luy [loo-ee],How had I never heard of Fringe? Just watched the pilot on @amazonvideo
6872c315b62290955ac8c8cad3659be8,Luy [loo-ee],'Looks like I''ll be getting hulu plus. That plus @amazonvideo and @mlbtv = sayonara @dish'
6872c315b62290955ac8c8cad365a08f,Luy [loo-ee],'RT @AmazonVideo: Updates to the Amazon Instant Video iPad app today: Search feature added, improved navigation bar, other fixes. http://t.co/b4ATeCbX'
6872c315b62290955ac8c8cad3659b7c,Lynn Ellison,'RT @AmazonVideo: Films from ESPN''s brilliant "30 for 30" series just added to Prime Instant Video. http://t.co/UrbZiOxc @sportsguy33'
6872c315b62290955ac8c8cad3659554,M. Jay Balmania,@AmazonVideo Will Breaking Bad ever stream free through Prime??  #WaitingPatiently
6872c315b62290955ac8c8cad365a08f,Marc McT,Awesome and underrated! RT @AmazonVideo: Idris Elba is Luther in fantastic @BBCAmerica crime drama -  Prime Instant. http://t.co/SxIuq5H9
6872c315b62290955ac8c8cad3659554,Marcus J. Davila,RT @AmazonVideo: Jack Black is back in Bernie as a beloved assistant funeral director. Now available at Amazon Instant Video. http://t.co/BOv8SIG7
6872c315b62290955ac8c8cad3659b7c,Mariah,RT @CopperTV: Miss the world premiere of #CopperTV on @BBCAmerica? Get it on @iTunes http://t.co/hqDgtKVD and @AmazonVideo...
6872c315b62290955ac8c8cad3659be8,Mark Litzinger,Not quite sure how Vudu is getting any business with their outrageous prices and the competition from @AmazonVideo... @vudufans
6872c315b62290955ac8c8cad3659554,Mark P.,'.@Amazon Prime now offers free @AmazonVideo streaming of FNL and other @NBCUniversal series: http://t.co/1CX89irS // Your move, @netflix.'
6872c315b62290955ac8c8cad365a08f,Mark Suman,'@AmazonVideo if the app supported AirPlay, that would work, too. However, I would love love love to have a Boxee app.'
6872c315b62290955ac8c8cad365a08f,Mark Suman,@AmazonVideo still waiting for a Boxee Box app. Or at least let us watch video via the Boxee web browser.
6872c315b62290955ac8c8cad3659554,Marshall Evans,@AmazonVideo now if I could just watch it on many android and boxee perfection! #wishlist
6872c315b62290955ac8c8cad3659554,Marshall Evans,'RT @AmazonVideo: More TV added to Prime Instant Video like Parks and Recreation, Parenthood, Friday Night Lights, Heroes and more. http://t.co/Xk2vmdvF'
6872c315b62290955ac8c8cad365a08f,Matthew Gregg,@AmazonVideo Android please. Flash is no longer in the market. An app is needed like now. :-)
6872c315b62290955ac8c8cad3659554,Matthew Quinn,'RT @AmazonVideo: More TV added to Prime Instant Video like Parks and Recreation, Parenthood, Friday Night Lights, Heroes and more. http://t.co/Xk2vmdvF'
6872c315b62290955ac8c8cad3659b7c,mattmcqueeny,@AmazonVideo #iPad #app does not seem to clear downloaded data when removed.  Had to delete app and re-download
6872c315b62290955ac8c8cad3659b7c,Max Williams,'RT @HilaryLustig: That''s gr8! RT @maxwilliamsbitf: Bullet In The Face is now available to rent @AmazonVideo http://t.co/v3O8VmbQ @NeilNapier @MrAlanSpencer'
6872c315b62290955ac8c8cad3659b7c,Max Williams BITF ,Bullet In The Face is now available to rent @AmazonVideo http://t.co/uIjhtHbp @NeilNapier @MrAlanSpencer @maxewilliams
6872c315b62290955ac8c8cad3659554,mburm201,'RT @AmazonVideo: More TV added to Prime Instant Video like Parks and Recreation, Parenthood, Friday Night Lights, Heroes and more. http://t.co/Xk2vmdvF'
6872c315b62290955ac8c8cad3659b7c,Mel,'.@tapeworthy ... But why I can''t stream @AmazonVideo TV shows that already aired in US (and I''ve streamed before) while I''m out of country?'
6872c315b62290955ac8c8cad3659b7c,Mel,'It''s a nutsack move on whoever''s part that I can''t watch things I''ve bought in the US on @AmazonVideo while I''m in Canada. I don''t own them?'
6872c315b62290955ac8c8cad3659be8,Michael Baker,Just watched the 1985 Primetime Emmy winning Garfield in the Rough on @AmazonVideo . Gotta love Lorenzo Music! http://t.co/T62DT4gl
6872c315b62290955ac8c8cad3659b7c,Michelle Daniel,'RT @AmazonVideo: Films from ESPN''s brilliant "30 for 30" series just added to Prime Instant Video. http://t.co/JP5ruomV @sportsguy33'
6872c315b62290955ac8c8cad3659be8,Mike Becker,'Holy crap, Scarecrow and Mrs. King is on @AmazonVideo for Prime members.'
6872c315b62290955ac8c8cad3659b7c,Mike Farag,'@rm I don''t hate @netflix, even thought they lost their way.  Diggin @amazonvideo though.'
6872c315b62290955ac8c8cad3659b7c,Mike Farag,'@rm Never thought I''d say it but I''m canceling @netflix.  2 day shipping, all the video I can eat and more @amazonvideo woo''d me.'
6872c315b62290955ac8c8cad3659be8,Mindy McAdams,'"At this time, Prime instant videos are only available for streaming and cannot be viewed on a TiVo box." http://t.co/Ot4PMlhw @AmazonVideo'
6872c315b62290955ac8c8cad3659be8,MOHAMMEDINA MASKONEN,@AmazonVideo @BBCAmerica HEY IDRIS UR A SKIPPER.SKIPPY LAUGHED AT U U DOG NAME SAKE.MOHAMMEDINA PERAEDEN RASMASKONEN
6872c315b62290955ac8c8cad3659b7c,MotownLit (Sylvia H),'Hey @amazonvideo prime u can''t just have one Matrix movie. That''s just cruel.'
6872c315b62290955ac8c8cad3659b7c,Muriel LZ,RT @CopperTV: Miss the world premiere of #CopperTV on @BBCAmerica? Get it on @iTunes http://t.co/hqDgtKVD and @AmazonVideo...
6872c315b62290955ac8c8cad3659b7c,neil napier,RT @MaxWilliamsBITF: Bullet In The Face is now available to rent @AmazonVideo http://t.co/uIjhtHbp @NeilNapier @MrAlanSpencer @maxewilliams
6872c315b62290955ac8c8cad3659b7c,NIKKI0J3,@amazonvideo your prime video selections SUCKS
6872c315b62290955ac8c8cad3659b7c,nmeagent,'@AmazonVideo I really don''t appreciate buying episodes of Breaking Bad season 5 only to find that they''ve been CENSORED.'
6872c315b62290955ac8c8cad3659be8,Nyx Goldstone,@AmazonVideo May the odds be ever in your favor.
6872c315b62290955ac8c8cad3659b7c,'okkk, i''m still nala',RT @ESPN_Films: We are excited to announce your favorite #30for30 films are now available on @AmazonVideo for Amazon Prime members. http://t.co/2V7d1Um6
6872c315b62290955ac8c8cad3659be8,Patrick Lofvenholm,'Nicely done RT @AmazonVideo Happy Hunger Games

http://t.co/oonxNhbg  #HungerGames'
6872c315b62290955ac8c8cad3659554,Paul Ellis,'ESPN''s #30for30 is on @AmazonVideo now? I was thinking about trying Netflix again for that, but I guess not. #WaitingForArrestedDevelopment'
6872c315b62290955ac8c8cad3659b7c,Paul Mulner,'Films from ESPN''s "30 for 30" series just added to Prime Instant Video. http://t.co/UndAPKpm (via @AmazonVideo) // I finally get to see them'
6872c315b62290955ac8c8cad3659554,Pedro R. Tejeda,'Hey, @AmazonVideo Has Espn''s 30 for 30. I''m gonna watch the one about Reggie Miller and just cry for an hour.'
6872c315b62290955ac8c8cad3659b7c,Pedro R. Tejeda,'RT @AmazonVideo: Films from ESPN''s brilliant "30 for 30" series just added to Prime Instant Video. http://t.co/JP5ruomV @sportsguy33'
6872c315b62290955ac8c8cad3659be8,Peter A. Martin,@AmazonVideo !! --- (shakes fist) -- no HD version of latest BREAKING BAD? -- (shakes fist) --- (utters expletives) ...
6872c315b62290955ac8c8cad3659be8,'Rachel Haviland,Ph.D','TRYING to watch #hungergames on @amazonvideo. Keeps stopping #FAIL "Can''t play your video now" Knew I should''ve gone to @redbox instead'
6872c315b62290955ac8c8cad3659b7c,Ramsey Mohsen,@mikefarag01 agreed! I still use @Netflix a lot. And @AmazonVideo. Both on my Vizio internet TV.
6872c315b62290955ac8c8cad3659554,Randy Buchanan,'Watching @ESPN_Films "Winning Time" on @AmazonVideo.  Favorite sports documentary ever.  NBA will never be better than in the 1990''s.'
6872c315b62290955ac8c8cad3659b7c,Randy Buchanan,'Sweet. RT @AmazonVideo: Films from ESPN''s brilliant "30 for 30" series just added to Prime Instant Video. http://t.co/QY0p4yDj @sportsguy33'
6872c315b62290955ac8c8cad3659554,Randy C,@AmazonVideo Why is my Bravia TV not getting Prime?
6872c315b62290955ac8c8cad3659be8,Randy Ellis,@AmazonVideo How in heaven is there no app for Android Tablets yet?
6872c315b62290955ac8c8cad3659b7c,Raymond,'RT @AmazonVideo: Films from ESPN''s brilliant "30 for 30" series just added to Prime Instant Video. http://t.co/JP5ruomV @sportsguy33'
6872c315b62290955ac8c8cad3659be8,recurr,@apple @itunesmovies @amazon @amazonvideo Hunger Games is not for rent on iTunes and Amazon Instant Video!
6872c315b62290955ac8c8cad3659be8,recurr,'@recurr @Apple @iTunesMovies @amazon @AmazonVideo it''s for rent now'
6872c315b62290955ac8c8cad3659554,Renmiked,'RT @AmazonVideo: More TV added to Prime Instant Video like Parks and Recreation, Parenthood, Friday Night Lights, Heroes and more. http://t.co/Xk2vmdvF'
6872c315b62290955ac8c8cad3659554,Richard E.,'@AmazonVideo, you guys having issues with your service tonight. My bandwidth is fine and movie is unwatchable.'
6872c315b62290955ac8c8cad3659be8,Rob,Waiting for my #HungerGames instant video pre-order to be processed by @AmazonVideo.  Any minute!  :-)
6872c315b62290955ac8c8cad3659554,'Roku, Inc.',RT @AmazonVideo: Jack Black is back in Bernie as a beloved assistant funeral director. Now available at Amazon Instant Video. http://t.co/BOv8SIG7
6872c315b62290955ac8c8cad3659be8,'Roku, Inc.',RT @amazonvideo: Happy Hunger Games! http://t.co/I8zfrFNv #HungerGames
6872c315b62290955ac8c8cad3659554,Rona BerryMorin,watching "NYPD Blue: Season 11" on @AmazonVideo
6872c315b62290955ac8c8cad3659b7c,Rona BerryMorin,watching "NYPD Blue Season 11" on @AmazonVideo
6872c315b62290955ac8c8cad3659b7c,Roosevelt Anderson,'RT @AmazonVideo: Films from ESPN''s brilliant "30 for 30" series just added to Prime Instant Video. http://t.co/JP5ruomV @sportsguy33'
6872c315b62290955ac8c8cad3659be8,Ruben Martinez Jr.,@AmazonVideo And may the odds be ever in your favor!
6872c315b62290955ac8c8cad3659b7c,Rushputin,'I love that there''s an @AmazonVideo #iOS app.  I don''t love that it crashes 2-3 times within the span of a single 42 minute episode.'
6872c315b62290955ac8c8cad3659554,Ryan,Good to know I can skip the next 2 American "Girl with the Dragon Tattoo" sequels and just watch the Swedish ones on @AmazonVideo.
6872c315b62290955ac8c8cad3659554,Ryan Beard,@AmazonVideo The new interface is great! Thank you for updating!
6872c315b62290955ac8c8cad3659be8,Ryan Schade,@JessicaNorthey you need a @RokuPlayer &amp; @AmazonVideo #whyleavethehouse
6872c315b62290955ac8c8cad3659b7c,Ryan Tiren,'@AmazonVideo @amazon Is there a reason that Prime members aren''t allowed to watch the full seasons of a show like Frasier?'
6872c315b62290955ac8c8cad3659b7c,Ryan Tiren,'@AmazonVideo @amazon Why are multiple episodes of each Frasier season excluded? I expected more; why wouldn''t I give my business to Netflix?'
6872c315b62290955ac8c8cad365a08f,Ryan Tiren,'@AmazonVideo Is there a reason Android users don''t have an Instant Video App? Why can''t I rent and watch videos from my device?'
6872c315b62290955ac8c8cad3659b7c,ryan1334,RT @BBCAMERICA: Miss the world premiere of #CopperTV on @BBCAMERICA? Get it on @iTunes http://t.co/iKCVLrli and @AmazonVideo
6872c315b62290955ac8c8cad3659b7c,Sam Adams,'RT @AmazonVideo: Films from ESPN''s brilliant "30 for 30" series just added to Prime Instant Video. http://t.co/JP5ruomV @sportsguy33'
6872c315b62290955ac8c8cad3659554,sam rega,'RT @AmazonVideo: Films from ESPN''s brilliant "30 for 30" series just added to Prime Instant Video. http://t.co/JP5ruomV @sportsguy33'
6872c315b62290955ac8c8cad3659554,sam rega,RT @ESPN_Films: We are excited to announce your favorite #30for30 films are now available on @AmazonVideo for Amazon Prime members. http://t.co/2V7d1Um6
6872c315b62290955ac8c8cad3659554,Scott,'RT @AmazonVideo: Films from ESPN''s brilliant "30 for 30" series just added to Prime Instant Video. http://t.co/JP5ruomV @sportsguy33'
6872c315b62290955ac8c8cad3659554,Scott Stedman,since @AmazonVideo has #espn 30 for 30 on Prime video.  I feel like i need to invite @micahwimmer to come over and watch some episodes.
6872c315b62290955ac8c8cad3659be8,Scott Sundsvold,@Pulpcurry @criminalmovies I looked for Saint Jack on @AmazonVideo @Netflix &amp; @HuluPlus but only found the trailer http://t.co/8BiEHdSC
6872c315b62290955ac8c8cad3659554,Scott Van Tuyl,@RokuPlayer Please ask @AmazonVideo to put subtitles for us old folks. Thanks.
6872c315b62290955ac8c8cad3659554,Scott Weinberg,'Dear @AmazonVideo, please consider adding a section for the "pre/theatrical" stuff like Bachelorette and [REC] 3. I am lazy.'
6872c315b62290955ac8c8cad3659b7c,Sean Mannion,I really like @amazonvideo 2x now they initiated refunds for subpar streaming without me reporting anything. Being proactive. Good job.
6872c315b62290955ac8c8cad3659b7c,Sean Tierney,bye bye @netflix. hello @amazonvideo
6872c315b62290955ac8c8cad3659b7c,Sebastian L,'RT @AmazonVideo: Films from ESPN''s brilliant "30 for 30" series just added to Prime Instant Video. http://t.co/JP5ruomV @sportsguy33'
6872c315b62290955ac8c8cad3659b7c,sebastian tapiero,@AmazonVideo  http://t.co/FxkEZpZl
6872c315b62290955ac8c8cad3659554,Sethran,'RT @AmazonVideo: More TV added to Prime Instant Video like Parks and Recreation, Parenthood, Friday Night Lights, Heroes and more. http://t.co/Xk2vmdvF'
6872c315b62290955ac8c8cad3659b7c,Shawn,'Netflix beat em RT @Dacoldest3: Love prime! RT @AmazonVideo: Films from ESPN''s brilliant "30 (cont) http://t.co/RYdPJuFZ'
6872c315b62290955ac8c8cad3659554,Shawn Potter,'RT @AmazonVideo: More TV added to Prime Instant Video like Parks and Recreation, Parenthood, Friday Night Lights, Heroes and more. http://t.co/Xk2vmdvF'
6872c315b62290955ac8c8cad3659b7c,Shawn Potter,'Films from ESPN''s brilliant "30 for 30" series just added to Amazon Prime Instant Video: http://t.co/21GcyaFl (via @AmazonVideo)'
6872c315b62290955ac8c8cad365a08f,Shawn Potter,Amazon Instant Video for iPad updated with new Search function: http://t.co/rXyOU9oO @AmazonVideo #Apple
6872c315b62290955ac8c8cad3659be8,Sheri Williams,'RT @AmazonVideo: Happy Hunger Games

http://t.co/uwf3ZSvs  #HungerGames'
6872c315b62290955ac8c8cad3659b7c,SJ Bradley,'Win! RT @AmazonVideo: Films from ESPN''s brilliant "30 for 30" series just added to Prime Instant Video. http://t.co/xgUMEccR @sportsguy33'
6872c315b62290955ac8c8cad3659be8,Som Pourfarzaneh,Discovered the @AmazonVideo app on the PS3. Proceeding to watch EVERYTHING.
6872c315b62290955ac8c8cad3659be8,stacyh,'RT @AmazonVideo: Happy Hunger Games

http://t.co/uwf3ZSvs  #HungerGames'
6872c315b62290955ac8c8cad3659554,Stanley Thai,RT @AmazonVideo: Jack Black is back in Bernie as a beloved assistant funeral director. Now available at Amazon Instant Video. http://t.co/BOv8SIG7
6872c315b62290955ac8c8cad3659be8,Stephanie Taylor,'RT @AmazonVideo: Updates to the Amazon Instant Video iPad app today: Search feature added, improved navigation bar, other fixes. http://t.co/b4ATeCbX'
6872c315b62290955ac8c8cad3659b7c,Stephen Biernacki,'RT @AmazonVideo: Films from ESPN''s brilliant "30 for 30" series just added to Prime Instant Video. http://t.co/JP5ruomV @sportsguy33'
6872c315b62290955ac8c8cad3659be8,Steve B,@netflix First you pull Stargate Atlantis and now Stargate SG1. You will be losing a few more accounts! Hello @AmazonVideo
6872c315b62290955ac8c8cad3659b7c,Steve Gray,RT @MaxWilliamsBITF: Bullet In The Face is now available to rent @AmazonVideo http://t.co/uIjhtHbp @NeilNapier @MrAlanSpencer @maxewilliams
6872c315b62290955ac8c8cad3659b7c,Stu DePoy,'RT @AmazonVideo: Films from ESPN''s brilliant "30 for 30" series just added to Prime Instant Video. http://t.co/JP5ruomV @sportsguy33'
6872c315b62290955ac8c8cad3659be8,Stuart Ward,'Found Amazing Grace and Chuck on @AmazonVideo tonight, and had to bite my cheek to keep from crying. So good.'
6872c315b62290955ac8c8cad3659554,Swanni,'RT @AmazonVideo: More TV added to Prime Instant Video like Parks and Recreation, Parenthood, Friday Night Lights, Heroes and more. http://t.co/Xk2vmdvF'
6872c315b62290955ac8c8cad3659be8,tee,@AmazonVideo need a free video coupon
6872c315b62290955ac8c8cad3659be8,The One True b!X,'Hey, @AmazonVideo. Wrong picture here. http://t.co/5Lt4SGpr'
6872c315b62290955ac8c8cad3659be8,The Ride App,'Congrats to Chris Fryer, who redeemed a $2.99 #RideReward to @AmazonVideo!'
6872c315b62290955ac8c8cad3659be8,The Ride App,'Congrats to Marc Reinstein, who redeemed a $2.99 #RideReward to @AmazonVideo!'
6872c315b62290955ac8c8cad3659554,The Shadow,RT @MaxWilliamsBITF: Bullet In The Face is now available to rent @AmazonVideo http://t.co/uIjhtHbp @NeilNapier @MrAlanSpencer @maxewilliams
6872c315b62290955ac8c8cad3659554,Thomas Hudia,@AmazonVideo the new interface on my Sony blu ray player is 1000% better for prime instant video.
6872c315b62290955ac8c8cad365a08f,thomas shaffer,'RT @AmazonVideo: Updates to the Amazon Instant Video iPad app today: Search feature added, improved navigation bar, other fixes. http://t.co/b4ATeCbX'
6872c315b62290955ac8c8cad3659be8,Tim H,@AmazonVideo watching Hunger Games on the iPad and then resuming on the PS3 is awesome! The cooperation between Amazon apps is cool. Thanks!
6872c315b62290955ac8c8cad3659be8,Tim Heuer,@AmazonVideo when will #hungergames flip the bit for rental instead of just purchase?
6872c315b62290955ac8c8cad3659be8,Todd Muldrew,'RT @AmazonVideo: Happy Hunger Games

http://t.co/uwf3ZSvs  #HungerGames'
6872c315b62290955ac8c8cad365a08f,Todd Muldrew,'Awesome! RT @AmazonVideo: Updates to Amazon Video iPad app today: Search feature added, improved navigation bar... http://t.co/oPhNFq8F'
6872c315b62290955ac8c8cad3659554,tol foster,'Anyone use this? Netflix? "@AmazonVideo: More TV added to Prime Instant Video ...Friday Night Lights, Heroes and more. http://t.co/S5brK9jr"'
6872c315b62290955ac8c8cad3659554,Tom Bellucco,'RT @AmazonVideo: Films from ESPN''s brilliant "30 for 30" series just added to Prime Instant Video. http://t.co/JP5ruomV @sportsguy33'
6872c315b62290955ac8c8cad3659554,Torr Leonard,@tminus5 looks good RT @AmazonVideo Jack Black is back in Bernie as a beloved assistant funeral director. Now available http://t.co/ktH3H9Ws
6872c315b62290955ac8c8cad3659b7c,Torr Leonard,'@tminus5 Some good ones RT @AmazonVideo Films from ESPN''s brilliant "30 for 30" series just added to Prime InstantVid http://t.co/rBTI550O'
6872c315b62290955ac8c8cad3659b7c,Travis C,@AmazonVideo questions about ur HD shows and movies. I have a HDTV and do not know if ur shows are being in hd. I have hdmi
6872c315b62290955ac8c8cad365a08f,Trixie,RT @AmazonVideo: Idris Elba is Luther in this fantastic @BBCAmerica crime drama - the featured Prime Instant Video TV show this week. http://t.co/uncncDZU
6872c315b62290955ac8c8cad3659be8,TruthFrees,@TeamAGT @AFFORD_UK @JolieDaily @AmazonVideo RT this #GameChanger Must Go Viral  Read 1   http://t.co/GbedZQ6i  Read 2  http://t.co/NLxLjnlv
6872c315b62290955ac8c8cad3659554,Tushar Nene,'@AmazonVideo all this great stuff you have now, but where''s the love for android?'
6872c315b62290955ac8c8cad3659b7c,twtrsymphony,@AmazonVideo Check out our new video "Birds of Paradise" http://t.co/jjomB5m6 a new way to create orchestra music!
6872c315b62290955ac8c8cad3659be8,Tyler Godfrey,'Hey @AmazonVideo: is there an outage right now or what? Trying to watch a movie and it keeps crapping out on us. I''m on hold with support.'
6872c315b62290955ac8c8cad3659b7c,USCarlos,'RT @AmazonVideo Films from ESPN''s brilliant "30 for 30" series just added to Prime Instant Video. http://t.co/ViQdAMmM'
6872c315b62290955ac8c8cad3659be8,Vegucated,Watch us online on @iTunes @AmazonVideo @xbox &amp; elsewhere. List of links: http://t.co/FlrITZa2
6872c315b62290955ac8c8cad3659b7c,Venkat Williams,'RT @AmazonVideo: Films from ESPN''s brilliant "30 for 30" series just added to Prime Instant Video. http://t.co/JP5ruomV @sportsguy33'
6872c315b62290955ac8c8cad3659be8,Veronica Acosta,@AmazonVideo Any movie deals for today?
6872c315b62290955ac8c8cad3659554,Victor,I just got a $3 credit for Amazon Instant Video for movies and TV shows @AmazonVideo #get
6872c315b62290955ac8c8cad3659554,Will Johnson,'RT @AmazonVideo: More TV added to Prime Instant Video like Parks and Recreation, Parenthood, Friday Night Lights, Heroes and more. http://t.co/Xk2vmdvF'
6872c315b62290955ac8c8cad365a08f,William White,'RT @AmazonVideo: Updates to the Amazon Instant Video iPad app today: Search feature added, improved navigation bar, other fixes. http://t.co/b4ATeCbX'
6872c315b62290955ac8c8cad3659be8,xxxisEmixxx,'RT @AmazonVideo: Happy Hunger Games

http://t.co/uwf3ZSvs  #HungerGames'
6872c315b62290955ac8c8cad3659b7c,Yahoo! Connected TV,'Check out the top 5 #apps on Yahoo! #ConnectedTV for July: @AmazonVideo, @Flickr, @Pandora_Radio, @Facebook, @YahooNews'
6872c315b62290955ac8c8cad3659b7c,ysancia,'Twenty-seven "30 for 30" docs now on @AmazonVideo, and free for Prime members? Hell yes! http://t.co/QI6rMskl'
6872c315b62290955ac8c8cad3659be8,Zadry Ferrer-Geddes,'@bNiiontweet they only had it available for purchase, but the rent option is up now @amazonvideo LET THE GAMES BEGIN! #hungergames'
6872c315b62290955ac8c8cad3659be8,Zadry Ferrer-Geddes,Waiting on @Amazonvideo to release THE HUNGER GAMES tonight ... What torture!
6872c315b62290955ac8c8cad3659b7c,Zee,RT @CopperTV: Miss the world premiere of #CopperTV on @BBCAmerica? Get it on @iTunes http://t.co/hqDgtKVD and @AmazonVideo...
